icddid;no_dtd;no_terperinci;diagnosa_name;uncheck_rl2b;uncheck_rl2a;check_rl2a1;check_rl2b1;is_imunisasi;page;no_urut;penyebab_kecelakaan
278;303.9;X 40 - X 44;Kecelakaan keracunan dan terdedah oleh bahan beracun lainnya;FALSE;FALSE;FALSE;FALSE;;13;509;TRUE
442;087.0;C 91 - C 95;Leukemia;FALSE;FALSE;FALSE;FALSE;FALSE;3;123;FALSE
22;273.0;S 72;Fraktur paha;FALSE;FALSE;FALSE;FALSE;;11;447;FALSE
345;021.0;A 52 - A 53;Sifilis lainnya;FALSE;FALSE;TRUE;TRUE;;1;30;FALSE
210;023.0;A 55 - A 56;Penyakit klamidia yang ditularkan melalui hubungan seksual;FALSE;FALSE;FALSE;FALSE;;1;32;FALSE
53;024.0;A 57 - A 64;Demam lainnya yang terutama ditularkan melalui hubungan seksual;FALSE;FALSE;FALSE;FALSE;;1;33;FALSE
224;025.0;A 68;Demam bolak balik;FALSE;FALSE;FALSE;FALSE;;1;34;FALSE
288;026.0;A 71;Trakoma;FALSE;FALSE;FALSE;FALSE;;1;35;FALSE
429;027.0;A 75;Demam tifus;FALSE;FALSE;FALSE;FALSE;FALSE;1;36;FALSE
335;028.0;A 80;Poliomielitis akut;FALSE;FALSE;TRUE;TRUE;;1;37;FALSE
323;030.0;A 83 - 86;Ensefalitis virus;FALSE;FALSE;FALSE;FALSE;;1;39;FALSE
430;031.0;A 95;Demam kuning;FALSE;FALSE;FALSE;FALSE;FALSE;1;40;FALSE
176;032.0;A 90;Demam dengue;FALSE;FALSE;FALSE;FALSE;;1;41;FALSE
185;032.1;A 91;Demam berdarah dengue;FALSE;FALSE;TRUE;TRUE;;1;42;FALSE
28;032.2;A 92.0;Chikungunya;FALSE;FALSE;FALSE;FALSE;;1;43;FALSE
13;032.3;A 92.1 - A 92;Demam virus tular nyamuk;FALSE;FALSE;FALSE;FALSE;;1;44;FALSE
90;032.9;A93 - A94, A96 - A99;Demam virus dan demam berdarah virus serangga lainnya;FALSE;FALSE;FALSE;FALSE;;1;45;FALSE
283;033.0;B 00;Infeksi herpesvirus (herves simpleks);FALSE;FALSE;FALSE;FALSE;;1;46;FALSE
272;034.0;B 01 - B 02;Varisela (cacar air) dan zoster (herpes zoster);FALSE;FALSE;FALSE;FALSE;;1;47;FALSE
203;035.0;B 05;Campak;FALSE;FALSE;TRUE;TRUE;;2;48;FALSE
380;036.0;B 06;Rubela;FALSE;FALSE;FALSE;FALSE;;2;49;FALSE
301;038.0;B 15;Hepatitis A akut;FALSE;FALSE;TRUE;TRUE;;2;51;FALSE
39;037.0;B 16 ;Hepatitis B akut;FALSE;FALSE;TRUE;TRUE;;2;50;FALSE
141;038.1;B 17.1;Hepatitis C akut;FALSE;FALSE;TRUE;TRUE;;2;52;FALSE
391;038.2;B 17.2;Hepatitis E akut;FALSE;FALSE;TRUE;TRUE;;2;53;FALSE
296;038.9;B 17.0.8, B 18 - B 19;Hepatitis virus lainnya;FALSE;FALSE;TRUE;TRUE;;2;54;FALSE
66;039.0;B 20 - B 24;Penyakit virus gangguan defisiensi imun pada manusia (HIV);FALSE;FALSE;FALSE;FALSE;;2;55;FALSE
42;041.0;A81, A87 - A89, B03 - B04, B07 - B09, B25, B27 - B34;Penyakit virus lainnya;FALSE;FALSE;FALSE;FALSE;;2;57;FALSE
166;042.0;B 35 - B 49;Mikosis;FALSE;FALSE;FALSE;FALSE;;2;58;FALSE
142;044.0;B 55;Lesmaniasis;FALSE;FALSE;FALSE;FALSE;;2;60;FALSE
218;045.0;B 56 - B 57;Tripanosomiasis;FALSE;FALSE;FALSE;FALSE;;2;61;FALSE
132;046.0;B 65;Skistosomiasis (bilharziasis);FALSE;FALSE;FALSE;FALSE;;2;62;FALSE
336;047.0;B 66;Infeksi trematoda lainnya;FALSE;FALSE;FALSE;FALSE;;2;63;FALSE
396;048.0;B 67;Ekinokokosis;FALSE;FALSE;FALSE;FALSE;;2;64;FALSE
116;049.0;B 72;Drakunkuliasis;FALSE;FALSE;FALSE;FALSE;;2;65;FALSE
96;050.0;B 73;Onkosersiasis;FALSE;FALSE;FALSE;FALSE;;2;66;FALSE
314;051.0;B 74;Filariasis;FALSE;FALSE;TRUE;TRUE;;2;67;FALSE
194;052.0;B 76;Penyakit cacing tambang;FALSE;FALSE;FALSE;FALSE;;2;68;FALSE
157;053.0;B68 - 71, B75, B77 - B83;Helmintiasis lain;FALSE;FALSE;FALSE;FALSE;;2;69;FALSE
431;054.0;B 90.9.1;Paru/lobus luluh akibat tuberkulosis;FALSE;FALSE;FALSE;FALSE;FALSE;2;70;FALSE
432;054.1;B 90.9.2;Sindroma obstruksi pasca tuberkoulosis;FALSE;FALSE;FALSE;FALSE;FALSE;2;71;FALSE
174;055.0;B 91;Sekuele (gejala sisa) poliomielitis;FALSE;FALSE;FALSE;FALSE;;2;73;FALSE
175;056.0;B 92;Sekuele (gejala sisa) lepra;FALSE;FALSE;FALSE;FALSE;;2;74;FALSE
131;057.0;A 66;Fatek (frambusia);FALSE;FALSE;TRUE;TRUE;;2;75;FALSE
47;057.1;A 70;Infeksi klamedia;FALSE;FALSE;FALSE;FALSE;;2;76;FALSE
30;057.2;B 58;Toksoplasmosis;FALSE;FALSE;FALSE;FALSE;;2;77;FALSE
287;057.9;A65, A67, A69, A74, A77 - A79, B59 - B64, B85 - B89, B94 - B99;Penyakit infeksi dan parasit lainnya;FALSE;FALSE;FALSE;FALSE;;2;78;FALSE
198;058.0;C 00 - C 10;Neoplasma ganas bibir, rongga mulut, kelenjar liur, faring, tonsil;FALSE;FALSE;FALSE;FALSE;;2;79;FALSE
243;058.1;C 11;Neoplasma ganas nasofaring;FALSE;FALSE;FALSE;FALSE;;2;80;FALSE
276;058.9;C 12 - C 14;Neoplasma ganas bibir, rongga mulut, faring, lainnya & HTT;FALSE;FALSE;FALSE;FALSE;;2;81;FALSE
280;059.0;C 15;Neoplasma ganas esofagus;FALSE;FALSE;FALSE;FALSE;;2;82;FALSE
199;060.0;C 16;Neoplasma ganas lambung;FALSE;FALSE;FALSE;FALSE;;2;83;FALSE
403;061.0;C 18;Neoplasma ganas kolon;FALSE;FALSE;FALSE;FALSE;;2;84;FALSE
241;062.0;C 19 - C 21;Neoplasma ganas daerah retoksigmoid, rektum dan anus;FALSE;FALSE;FALSE;FALSE;;2;85;FALSE
63;063.0;C 22;Neoplasma ganas hati dan saluran empedu intrahepatik;FALSE;FALSE;FALSE;FALSE;;2;86;FALSE
263;064.0;C 25;Neoplasma ganas pankreas;FALSE;FALSE;FALSE;FALSE;;2;87;FALSE
298;065.0;C17, C23 - C24, C26;Neoplasma ganas usus halus dan alat cerna lainnya;FALSE;FALSE;FALSE;FALSE;;2;88;FALSE
186;066.0;C 32;Neoplasma ganas laring;FALSE;FALSE;FALSE;FALSE;;2;89;FALSE
8;067.0;C 33;Neoplasma ganas trakea;FALSE;FALSE;FALSE;FALSE;FALSE;2;90;FALSE
264;067.9;C 34;Neoplasma ganas bronkus dan paru;FALSE;FALSE;FALSE;FALSE;;2;91;FALSE
307;068.0;C 38.1 - .8;Neoplasma ganas mediastinum;FALSE;FALSE;FALSE;FALSE;;2;92;FALSE
433;068.9;C 30, C 31, C 37 - C 38.0, C 39;Neoplasma ganas sistem pernapasan dan alat rongga dada lain;FALSE;FALSE;FALSE;FALSE;FALSE;3;93;FALSE
434;069.0;C 40 - C 41;Neoplasma ganas tulang dan rawan sendi;FALSE;FALSE;FALSE;FALSE;FALSE;3;94;FALSE
7;070.0;C 43;Melanoma ganas kulit;FALSE;FALSE;FALSE;FALSE;FALSE;3;95;FALSE
127;071.0;C 44;Neoplasma ganas kulit lainnya;FALSE;FALSE;FALSE;FALSE;;3;96;FALSE
385;072.0;C 45;Mesotelioma;FALSE;FALSE;FALSE;FALSE;;3;97;FALSE
520;072.9;C49.9;Malignant neoplasm of connective and soft tissue, unspecified;FALSE;FALSE;FALSE;FALSE;FALSE;3;98;FALSE
247;073.0;C 50 ;Neoplasma ganas payudara;FALSE;FALSE;FALSE;FALSE;;3;99;FALSE
58;074.0;C 53;Neoplasma ganas serviks uterus;FALSE;FALSE;FALSE;FALSE;;3;100;FALSE
74;075.0;C 54;Neoplasma ganas korpus uteri;FALSE;FALSE;FALSE;FALSE;;3;101;FALSE
81;075.9;C 55;Neoplasma ganas bagian uterus lainnya dan YTT;FALSE;FALSE;FALSE;FALSE;;3;102;FALSE
232;076.0;C 56;Neoplasma ganas ovarium (indung telur);FALSE;FALSE;FALSE;FALSE;;3;103;FALSE
327;076.1;C 58;Neoplasma ganas plasenta (uri);FALSE;FALSE;FALSE;FALSE;;3;104;FALSE
435;076.9;C 51 - C 52, C 57;Neoplasma ganas alat kelamin perempuan lain;FALSE;FALSE;FALSE;FALSE;FALSE;3;105;FALSE
304;077.0;C 61;Neoplasma ganas prostat;FALSE;FALSE;FALSE;FALSE;;3;106;FALSE
366;078.0;C 60;Neoplasma ganas penis;FALSE;FALSE;FALSE;FALSE;;3;107;FALSE
150;078.1;C 62;Neoplasma ganas testis;FALSE;FALSE;FALSE;FALSE;;3;108;FALSE
151;078.9;C 63;Neoplasma ganas alat kelamin pria lainnya;FALSE;FALSE;FALSE;FALSE;;3;109;FALSE
91;079.0;C 67;Neoplasma ganas kandung kemih (buli-buli);FALSE;FALSE;FALSE;FALSE;;3;110;FALSE
436;080.0;C 64 - C 65;Neoplasma ganas ginjal, pelvis ginjal;FALSE;FALSE;FALSE;FALSE;FALSE;3;111;FALSE
437;080.9;C 66, C 68;Neoplasma ganas alat kemih lain;FALSE;FALSE;FALSE;FALSE;FALSE;3;112;FALSE
167;081.0;C 69;Neoplasma ganas mata dan adneksa;FALSE;FALSE;FALSE;FALSE;;3;113;FALSE
54;082.0;C 71;Neoplasma ganas otak;FALSE;FALSE;FALSE;FALSE;;3;114;FALSE
438;083.0;C 70, C 72;Neoplasma ganas susunan saraf pusat lain;FALSE;FALSE;FALSE;FALSE;FALSE;3;115;FALSE
328;084.0;C 73;Neoplasma ganas kelenjar tiroid;FALSE;FALSE;FALSE;FALSE;;3;116;FALSE
266;270.5;R 95;Sindrom mati mendadak pada bayi;FALSE;FALSE;FALSE;FALSE;;11;443;FALSE
439;084.1;C 74 - C 75;Neoplasma ganas kelenjar endokrin lain dan struktur terkait;FALSE;FALSE;FALSE;FALSE;FALSE;3;117;FALSE
113;084.2;C 76;Neoplasma ganas tempat lain dan yang tidak jelas batasannya;FALSE;FALSE;FALSE;FALSE;;3;118;FALSE
440;084.3;C 77 - C 80;Neoplasma ganas sekunder dan neoplasma ganas kelenjar getah bening YTT;FALSE;FALSE;FALSE;FALSE;FALSE;3;119;FALSE
257;084.9;C 97;Neoplasma primer tempat multipel;FALSE;FALSE;FALSE;FALSE;;3;120;FALSE
40;085.0;C 81;Penyakit hodgkin;FALSE;FALSE;FALSE;FALSE;;3;121;FALSE
441;086.0;C 82 - C 85;Limfoma non-Hodgkin;FALSE;FALSE;FALSE;FALSE;FALSE;3;122;FALSE
443;088.0;C 88 - C 90, C 96;Neoplasma ganas lain limfoid, hematopoetik dan jaringan terkait lain;FALSE;FALSE;FALSE;FALSE;FALSE;3;124;FALSE
399;089.0;D 06;Karsinoma in situ serviks uterus;FALSE;FALSE;FALSE;FALSE;;3;125;FALSE
444;090.0;D 22 - D 23;Neoplasma jinak kulit;FALSE;FALSE;FALSE;FALSE;FALSE;3;126;FALSE
363;091.0;D 24;Neoplasma Jinak payudara;FALSE;FALSE;FALSE;FALSE;;3;127;FALSE
31;092.0;D 25;Neoplasma uterus;FALSE;FALSE;FALSE;FALSE;;3;128;FALSE
302;093.0;D 27;Neoplasma jinak ovarium (indung telur);FALSE;FALSE;FALSE;FALSE;;3;129;FALSE
311;094.0;D 30;Neoplasma jinak alat kemih;FALSE;FALSE;FALSE;FALSE;;3;130;FALSE
181;095.0;D 33;Neoplasma otak dan susunan saraf pusat lainnya;FALSE;FALSE;FALSE;FALSE;;3;131;FALSE
59;096.0;D 04;Karsionoma in situ kulit;FALSE;FALSE;FALSE;FALSE;;3;132;FALSE
334;096.1;D 05;Karsionoma in situ payudara;FALSE;FALSE;FALSE;FALSE;;3;133;FALSE
445;096.2;D 00 - D 03, D 07 - D 09;Karsinoma in situ lain;FALSE;FALSE;FALSE;FALSE;FALSE;3;134;FALSE
225;096.3;D 12.6;Polip gastrointestinal;FALSE;FALSE;FALSE;FALSE;;3;135;FALSE
446;096.4;D 14.1 - .4;Neoplasma jinak sistem napas lain;FALSE;FALSE;FALSE;FALSE;FALSE;3;136;FALSE
368;096.5;D 15.2;Neoplasma jinak mediastinum;FALSE;FALSE;FALSE;FALSE;;3;137;FALSE
447;096.6;D 10 - D 12.0 - .5, .7 - .9, D 13, D 14.0, D 15.0, .1, D 15.7.9 - D 20, D 21, D 26, D 28 - D 29, D 31 - D 32, D 34 - D 36;Neoplasma jinak lain;FALSE;FALSE;FALSE;FALSE;FALSE;3;138;FALSE
448;096.9;D 37 - D 48;Neoplasma yang sifatnya tidak pasti atau tidak diketahui;FALSE;FALSE;FALSE;FALSE;FALSE;4;139;FALSE
187;097.0;D50;Anemia defisiensi zat besi;FALSE;FALSE;FALSE;FALSE;;4;140;FALSE
226;098.0;D59;Anemia hemolitik;FALSE;FALSE;FALSE;FALSE;;4;141;FALSE
41;098.1;D61;Anemia aplastik lainnya;FALSE;FALSE;FALSE;FALSE;;4;142;FALSE
521;098.9;D64.9;Anaemia, unspecified;FALSE;FALSE;FALSE;FALSE;FALSE;4;143;FALSE
254;099.0;D70;Agranulositosus;FALSE;FALSE;FALSE;FALSE;;4;144;FALSE
200;099.1;D74;Metahaemoglobinema;FALSE;FALSE;FALSE;FALSE;;4;145;FALSE
522;099.9;D 65 - D 69, D 71 - D 73, D 75 - D 77;Kondisi hemoragik dan penyakit darah dan organ pembuat darah lainnya;FALSE;FALSE;FALSE;FALSE;FALSE;4;146;FALSE
449;100.0;D 80 - D 89;Penyakit tertentu yang menyangkut mekanisme imun;FALSE;FALSE;FALSE;FALSE;FALSE;4;147;FALSE
450;101.0;E 00 - E 02;Gangguan tiroid akibat defisiensi iodium;FALSE;FALSE;FALSE;FALSE;FALSE;4;148;FALSE
114;102.0;E05;Tirotoksitoksis (hipertiroidisme) ;FALSE;FALSE;FALSE;FALSE;;4;149;FALSE
233;103.0;E03;Hipotiroidisme lain;FALSE;FALSE;FALSE;FALSE;;4;150;FALSE
397;103.1;E04;Penyakit gondok nontoksik lain;FALSE;FALSE;FALSE;FALSE;;4;151;FALSE
394;103.2;E06;Tiroiditis;FALSE;FALSE;FALSE;FALSE;;4;152;FALSE
227;103.9;E07;Gangguan kelenjar lainnya;FALSE;FALSE;FALSE;FALSE;;4;153;FALSE
146;104.0;E10;Diabetes melitus bergantung insulin;FALSE;FALSE;FALSE;FALSE;;4;154;FALSE
332;104.1;E11;Diabetes melitus tidak bergantung insulin;FALSE;FALSE;FALSE;FALSE;;4;155;FALSE
237;104.2;E12;Diabetes melitus berhubungan malnutrisi;FALSE;FALSE;FALSE;FALSE;;4;156;FALSE
369;104.3;E13;Diabetes melitus YDT lainnya;FALSE;FALSE;FALSE;FALSE;;4;157;FALSE
297;104.9;E14;Diabetes melitus YTT;FALSE;FALSE;FALSE;FALSE;;4;158;FALSE
451;105.0;E 40 - E 46;Malnutrisi;FALSE;FALSE;FALSE;FALSE;FALSE;4;159;FALSE
3;106.0;E50;Defisiensi vitamin A;FALSE;FALSE;FALSE;FALSE;FALSE;4;160;FALSE
452;107.0;E 51 - E 56;Defisiensi vitamin lain;FALSE;FALSE;FALSE;FALSE;FALSE;4;161;FALSE
377;108.0;E64;Gejala sisa malnutrisi dan defisiensi gizi lainnya;FALSE;FALSE;FALSE;FALSE;;4;162;FALSE
211;109.0;E66;Obesitas;FALSE;FALSE;FALSE;FALSE;;4;163;FALSE
273;110.0;E86;Deplesi volume (dehidrasi);FALSE;FALSE;FALSE;FALSE;;4;164;FALSE
453;111.0;E15-35, E58, E63, E65, E67-E85, E87-E90;Gangguan endokrin, nutrisi dan metabolik lain;FALSE;FALSE;FALSE;FALSE;FALSE;4;165;FALSE
454;112.0;F 00 - F 03;Demensia;FALSE;FALSE;FALSE;FALSE;FALSE;4;166;FALSE
318;113.0;F10;Gangguan mental dan perilaku akibat penggunaan alkohol;FALSE;FALSE;FALSE;FALSE;;4;167;FALSE
36;114.0;F11;Gangguan mental dan perilaku akibat penggunaan opioida;FALSE;FALSE;FALSE;FALSE;;4;168;FALSE
92;114.1;F12;Gangguan mental dan perilaku akibat penggunaan kanabioida;FALSE;FALSE;FALSE;FALSE;;4;169;FALSE
386;114.2;F13;Gangguan mental dan perilaku akibat penggunaan sedativa atau hipnotika;FALSE;FALSE;FALSE;FALSE;;4;170;FALSE
136;114.3;F14;Gangguan mental dan perilaku akibat penggunaan kokain;FALSE;FALSE;FALSE;FALSE;;4;171;FALSE
312;114.4;F15;Gangguan mental dan perilaku akibat penggunaan stimulansia;FALSE;FALSE;FALSE;FALSE;;4;172;FALSE
346;114.5;F16;Gangguan mental dan perilaku akibat penggunaan halosinogenika;FALSE;FALSE;FALSE;FALSE;;4;173;FALSE
367;114.6;F17;Gangguan mental dan perilaku akibat penggunaan tembakau;FALSE;FALSE;FALSE;FALSE;;4;174;FALSE
191;114.9;F18, F19;Gangguan mental dan perilaku akibat penggunaan zat pelarut yang mudah menguap atau zat multipel dan zat psikoaktif lainnya;FALSE;FALSE;FALSE;FALSE;;4;175;FALSE
138;115.0;F20, F21, F23;Skizofrenia, gangguan skizotipal, psikotik akut dan sementara;FALSE;FALSE;FALSE;FALSE;;4;176;FALSE
2;115.1;F22, F24;Gangguan waham menetap dan induksi;FALSE;FALSE;FALSE;FALSE;FALSE;4;177;FALSE
24;115.2;F25;Gangguan skizoafektif;FALSE;FALSE;FALSE;FALSE;;4;178;FALSE
19;115.9;F28 - F29;Gangguan psikotik nonorganik lainnya atau YTT;FALSE;FALSE;FALSE;FALSE;;4;179;FALSE
303;116.0;F30, F31;Episode manik dan gangguan efektif bipolar;FALSE;FALSE;FALSE;FALSE;;4;180;FALSE
342;116.9;F32, F39;Episoda depresif, gangguan depresif berulang, gangguan suasana perasaan (mood efektif) menetap, lainnya atau YTT ;FALSE;FALSE;FALSE;FALSE;;4;181;FALSE
329;117.0;F40, F41;Gangguan anxietas fobik, gangguan anxietas lainnya;FALSE;FALSE;FALSE;FALSE;;4;182;FALSE
26;117.1;F42;Gangguan obsesif - kompulsif;FALSE;FALSE;FALSE;FALSE;;4;183;FALSE
284;117.2;F43.1;Gangguan stres pasca trauma;FALSE;FALSE;FALSE;FALSE;;4;184;FALSE
143;117.3;F43.0, F43.2 - .9, F45, F48;Reaksi terhadap stres berat dan gangguan penyesuaian, gangguan somatoform, gangguan neurotik lainnya ;FALSE;FALSE;FALSE;FALSE;;4;185;FALSE
75;117.9;F44;Gangguan disosiatif (konversi);FALSE;FALSE;FALSE;FALSE;;5;186;FALSE
60;118.0;F70 - F79;Retardasi mental;FALSE;FALSE;FALSE;FALSE;;5;187;FALSE
373;119.0;F04, F07, F09;Sindrom amnesik dan gangguan mental organik;FALSE;FALSE;FALSE;FALSE;;5;188;FALSE
204;119.1;F50 - F59;Sindrom makan, gangguan tidur, disfungsi seksual, gangguan prilaku lainnya;FALSE;FALSE;FALSE;FALSE;;5;189;FALSE
49;270.3;R 56;Kejang YTT;FALSE;FALSE;FALSE;FALSE;;11;441;FALSE
15;029.0;A 82;Rabies;FALSE;FALSE;TRUE;TRUE;;1;38;FALSE
300;119.2;F60 - F69;Gangguan kepribadian, gangguan kebiasaan dan impuls, gangguan identitas, gangguan prevensi seksual;FALSE;FALSE;FALSE;FALSE;;5;190;FALSE
341;119.3;F80 - F89;Gangguan perkembangan psikologis;FALSE;FALSE;FALSE;FALSE;;5;191;FALSE
248;119.4;F05 - F06, F90 - F98;"Gangguan hiperkinetik, perilaku, emosional atau fungsi sosial khas, gangguan ""tic"", dan gangguan mental dan emosional lainnya";FALSE;FALSE;FALSE;FALSE;;5;192;FALSE
308;119.9;F99;Gabgguan jiwa YTT;FALSE;FALSE;FALSE;FALSE;;5;193;FALSE
108;120.0;G00 - G09;Penyakit radang susunan saraf pusat;FALSE;FALSE;FALSE;FALSE;;5;194;FALSE
103;121.0;G20;Penyakit parkinson;FALSE;FALSE;FALSE;FALSE;;5;195;FALSE
4;122.0;G30;Penyakit alzheimer;FALSE;FALSE;FALSE;FALSE;;5;196;FALSE
129;123.0;G35;Sklerosis multipel;FALSE;FALSE;FALSE;FALSE;;5;197;FALSE
43;124.0;G40 - G41;Epilepsi;FALSE;FALSE;FALSE;FALSE;;5;198;FALSE
20;125.0;G43 - G44;Migren dan sindrom nyeri kepala lainnya;FALSE;FALSE;FALSE;FALSE;;5;199;FALSE
289;126.0;G45;Gangguang serangan peredaran otak sepeintas dan sindrom yang terkait;FALSE;FALSE;FALSE;FALSE;;5;200;FALSE
324;127.0;G56.0;Sindrom carpal tunnel;FALSE;FALSE;FALSE;FALSE;;5;201;FALSE
395;127.1;G56.2;Lesi saraf ulnaris;FALSE;FALSE;FALSE;FALSE;;5;202;FALSE
361;127.2;G56.3;lesi saraf radialis;FALSE;FALSE;FALSE;FALSE;;5;203;FALSE
109;127.3;G56.8;Mononeuropati anggota tubuh bagian atas lainnya;FALSE;FALSE;FALSE;FALSE;;5;204;FALSE
343;127.9;G50 - G55, G56.1,.4,.9, G57 - G59;Gangguan saraf, rafdiks dan pleksus saraf;FALSE;FALSE;FALSE;FALSE;;5;205;FALSE
358;128.0;G80;Infantil celebral palsy;FALSE;FALSE;FALSE;FALSE;;5;206;FALSE
317;128.9;G81 - G83;Sindrom paralitik lainnya;FALSE;FALSE;FALSE;FALSE;;5;207;FALSE
25;129.0;G21;Parkinson sekunder;FALSE;FALSE;FALSE;FALSE;;5;208;FALSE
364;129.1;G92;Toksis insefalopati;FALSE;FALSE;FALSE;FALSE;;5;209;FALSE
215;129.9;G10 - G13, G22 - G26, G31 - G32, G36 - G37, G46 - G47, G60 - G73, G90 - G91, G93 - G99;Penyakit susunan saraf lainnya;FALSE;FALSE;FALSE;FALSE;;5;210;FALSE
69;130.0;H 00 - H 01;Radang kelopak mata;FALSE;FALSE;FALSE;FALSE;;5;211;FALSE
100;131.0;H 10 - H 13;Kongjungtivitis dan gangguan lain kongjungtiva;FALSE;FALSE;FALSE;FALSE;;5;212;FALSE
370;132.0;H 15 - H 19;Keratitis dan gangguan lain sklera dan kornea;FALSE;FALSE;FALSE;FALSE;;5;213;FALSE
201;133.0;H 25 - H 28;Katarak dan gangguan lain lensa;FALSE;FALSE;FALSE;FALSE;;5;214;FALSE
67;135.0;H 40 - H 42;Glaukoma;FALSE;FALSE;FALSE;FALSE;;5;216;FALSE
183;136.0;H 49 - H 50;Strabismus;FALSE;FALSE;FALSE;FALSE;;5;217;FALSE
351;137.0;H 52;Gangguan refraksi dan akomodasi;FALSE;FALSE;FALSE;FALSE;;5;218;FALSE
195;138.0;H 54;Buta dan rabun;FALSE;FALSE;FALSE;FALSE;;5;219;FALSE
134;139.0;H 02 - H 03;Gangguan lain kelopak mata;FALSE;FALSE;FALSE;FALSE;;5;220;FALSE
44;139.1;H 04 - H 06;Gangguan sistem lakrimal dan orbita;FALSE;FALSE;FALSE;FALSE;;5;221;FALSE
523;139.10;H 55;Nistagmus & pergerakan mata yang tidak teratur lainnya;FALSE;FALSE;FALSE;FALSE;FALSE;5;230;FALSE
182;139.2;H 20 - H 22;Iridosiklitis dan gangguan lain iris dan badan silier;FALSE;FALSE;FALSE;FALSE;;5;222;FALSE
315;139.3;H 30 - H 32;Gangguan koroid dan korio retina;FALSE;FALSE;FALSE;FALSE;;5;223;FALSE
398;139.4;H 34;Sumbatan vaskular retina;FALSE;FALSE;FALSE;FALSE;;5;224;FALSE
356;139.5;H 35 - H 36;Gangguan lain retina;FALSE;FALSE;FALSE;FALSE;;5;225;FALSE
352;139.6;H 43 - H 45;badan kaca dan bola mata;FALSE;FALSE;FALSE;FALSE;;5;226;FALSE
216;139.7;H 46 - H 48;Gangguan saraf optik dan saraf penglihatan;FALSE;FALSE;FALSE;FALSE;;5;227;FALSE
299;139.8;H 51;Gangguan lain gerakan mata binokular;FALSE;FALSE;FALSE;FALSE;;5;228;FALSE
269;139.9;H 53;Gangguan daya lihat;FALSE;FALSE;FALSE;FALSE;;5;229;FALSE
222;139.11;H 57 - H 59;Penyakit mata lain dan adneksa;FALSE;FALSE;FALSE;FALSE;;6;231;FALSE
169;140.0;H 65 - H 75;Otitis media dan gangguan mastoid dan telinga tengah;FALSE;FALSE;FALSE;FALSE;;6;232;FALSE
267;141.0;H 90 - H 91;Gangguan daya dengar;FALSE;FALSE;FALSE;FALSE;;6;233;FALSE
128;142.0;H 61.8;Fistula/kista prearikel;FALSE;FALSE;FALSE;FALSE;;6;234;FALSE
400;142.1;H 83.3;Efek kebisingan telinga bagian dalam;FALSE;FALSE;FALSE;FALSE;;6;235;FALSE
274;142.9;H60 - H61.0 - .3,.9, H62, H80 - H82, H83.0 - .2, H83.8,.9, H92 - H95;Penyakit telinga dan prosesua mastoid;FALSE;FALSE;FALSE;FALSE;;6;236;FALSE
163;143.0;I 00 - I 02;Demam ruematik akut;FALSE;FALSE;FALSE;FALSE;;6;237;FALSE
164;144.0;I 05 - I 09;Panyakit jantung reumatik kronik;FALSE;FALSE;FALSE;FALSE;;6;238;FALSE
137;145.0;I 10;Hipertensi esensial (primer);FALSE;FALSE;FALSE;FALSE;;6;239;FALSE
188;146.0;I 11 - I 15;Penyakit hpertensi lainnya;FALSE;FALSE;FALSE;FALSE;;6;240;FALSE
32;147.0;I 21 - I 22;Infark miokard akut;FALSE;FALSE;FALSE;FALSE;;6;241;FALSE
371;148.0;I 20, I 23 - I 25;Penyakit jantung iskemik lainnya;FALSE;FALSE;FALSE;FALSE;;6;242;FALSE
234;149.0;I 26;Emboli paru;FALSE;FALSE;FALSE;FALSE;;6;243;FALSE
177;150.0;I 44 - I 49;Gangguan hantaran dan aritmia jantung;FALSE;FALSE;FALSE;FALSE;;6;244;FALSE
104;151.0;I 50;Gagal jantung;FALSE;FALSE;FALSE;FALSE;;6;245;FALSE
249;152.0;I 42 - I 43;Kardiomiopati;FALSE;FALSE;FALSE;FALSE;;6;246;FALSE
86;152.9;I 27 - I 41, I 51 - I 52;Penyakit jantung lainnya;FALSE;FALSE;FALSE;FALSE;;6;247;FALSE
154;153.0;I 60 - I 62;Pendarahan intrakranial;FALSE;FALSE;FALSE;FALSE;;6;248;FALSE
79;154.0;I 63;Infark serebral;FALSE;FALSE;FALSE;FALSE;;6;249;FALSE
212;155.0;I 64;Strok ta menyebut pendarahan atau infark;FALSE;FALSE;FALSE;FALSE;;6;250;FALSE
375;156.0;I 65 - I 69;Penyakit serebrovaskular lainnya;FALSE;FALSE;FALSE;FALSE;;6;251;FALSE
205;157.0;I 70;Aterosklerosis;FALSE;FALSE;FALSE;FALSE;;6;252;FALSE
9;158.0;I 73.0;Sindroma rainauds;FALSE;FALSE;FALSE;FALSE;;6;253;FALSE
170;158.9;I 73.1 - .9;Penyakit pembuluh darah perifer lainnya;FALSE;FALSE;FALSE;FALSE;;6;254;FALSE
206;159.0;I 74;Emboli dan trombosis arteri;FALSE;FALSE;FALSE;FALSE;;6;255;FALSE
122;160.0;I 71 - I 72, I 77 - I 79;Penyakit arteri, arteriol dan kapiler lainnya;FALSE;FALSE;FALSE;FALSE;;6;256;FALSE
405;161.0;I 80 - I 82;Flebitis, tromboflebitis, emboli dan trombosis vena;FALSE;FALSE;FALSE;FALSE;;6;257;FALSE
316;162.0;I 83;Varises nema ekstremitas bawah;FALSE;FALSE;FALSE;FALSE;;6;258;FALSE
244;163.0;I 84;Hemoroid/wasir;FALSE;FALSE;FALSE;FALSE;;6;259;FALSE
305;164.0;I 85;Varises esofagus;FALSE;FALSE;FALSE;FALSE;;6;260;FALSE
38;164.9;I 86 - I 99;Penyakit sistem sirkulasi lainnya;FALSE;FALSE;FALSE;FALSE;;6;261;FALSE
178;165.0;J 02;Faringitis akut;FALSE;FALSE;FALSE;FALSE;;6;262;FALSE
152;167.0;J 00 - J 01, J 05 - J 06;Infeksi saluran napas bagian atas akut lainnya;FALSE;FALSE;TRUE;TRUE;;6;265;FALSE
144;168.0;J 10 - J 11;Influensa;FALSE;FALSE;FALSE;FALSE;;6;266;FALSE
383;170.0;J 20 - J 21;Bronkitis akut dan bronkiolitis akut;FALSE;FALSE;TRUE;TRUE;;6;268;FALSE
117;171.0;J 32;Sinusitis kronik;FALSE;FALSE;FALSE;FALSE;;6;269;FALSE
381;172.0;J 30.3;Alergi rhinitis akibat kerja;FALSE;FALSE;FALSE;FALSE;;6;270;FALSE
265;172.1;J 34.8;Ulcus mucosa hidung & perforasi septum nasi;FALSE;FALSE;FALSE;FALSE;;6;271;FALSE
250;172.9;J30.0 - J30.2, J30.4 - J31, J33, J34.0 - .3;Penyakit hidung dan sinus hidung lainnya;FALSE;FALSE;FALSE;FALSE;;6;272;FALSE
401;173.0;J 35;Penyakit tonsil dan adenoid kronik;FALSE;FALSE;FALSE;FALSE;;7;273;FALSE
455;174.0;J 36 - J 39;Penyakit saluran pernapasan atas lain;FALSE;FALSE;FALSE;FALSE;FALSE;7;274;FALSE
456;175.0;J 40 - J 44;Bronkitis, emfisema dan Penyakit paru obstruktif kronis lain;FALSE;FALSE;FALSE;FALSE;FALSE;7;275;FALSE
93;176.0;J 45;Asma akibat kerja;FALSE;FALSE;FALSE;FALSE;;7;276;FALSE
112;176.9;J 46;Status asmatikus;FALSE;FALSE;FALSE;FALSE;;7;277;FALSE
290;177.0;J 47;Bronkiektasis;FALSE;FALSE;FALSE;FALSE;;7;278;FALSE
457;178.0;J 60 - J 65;Pneumokoniosis;FALSE;FALSE;FALSE;FALSE;FALSE;7;279;FALSE
458;179.0;J 81.1, .2;Abses paru;FALSE;FALSE;FALSE;FALSE;FALSE;7;280;FALSE
238;179.1;J 93;Pneumotoraks;FALSE;FALSE;FALSE;FALSE;;7;281;FALSE
337;179.2;J 86;Piotoraks (empiema);FALSE;FALSE;FALSE;FALSE;;7;282;FALSE
459;179.3;J 90 - J 91;Efusi pleura (empiema);FALSE;FALSE;FALSE;FALSE;FALSE;7;283;FALSE
404;179.4;J 66.0;Bisinosis;FALSE;FALSE;FALSE;FALSE;;7;284;FALSE
33;179.5;J 67;Pneumonitis hipersensitivity akibat abu organik;FALSE;FALSE;FALSE;FALSE;;7;285;FALSE
57;179.6;J 68;Gangguan pernapasan akibat menghirup zat kimia, gas, asap dan uap;FALSE;FALSE;FALSE;FALSE;;7;286;FALSE
275;179.7;J 92;Plak pleural;FALSE;FALSE;FALSE;FALSE;;7;287;FALSE
460;179.9;J22, J66.1 - 2, J66.8, J69-J84, J85.0,.3, J94 - J99;Penyakit sistem pernapasan lain;FALSE;FALSE;FALSE;FALSE;FALSE;7;288;FALSE
160;180.0;K 02;Karies gigi;FALSE;FALSE;FALSE;FALSE;;7;289;FALSE
374;181.0;K 00 - K 01;Gangguan perkembangan dan erupsi gigi termasuk inpaksi;FALSE;FALSE;FALSE;FALSE;;7;290;FALSE
378;181.1;K 03;Penyakit jaringan keras gigi lainnya;FALSE;FALSE;FALSE;FALSE;;7;291;FALSE
331;181.2;K 04;Penyakit pulpa dan periapikal;FALSE;FALSE;FALSE;FALSE;;7;292;FALSE
412;181.3;K 05 - K 06 ;Penyakit gusi, jaringan periodontal dan tulang alveolar;FALSE;FALSE;FALSE;FALSE;FALSE;7;293;FALSE
413;181.9;K 07 - K 08;Kelainan dentofasial termasuk maloklusi;FALSE;FALSE;FALSE;FALSE;FALSE;7;294;FALSE
461;182.0;K 09 - K 10;Kista rongga mulut dan Penyakit pada rahang;FALSE;FALSE;FALSE;FALSE;FALSE;7;295;FALSE
309;182.1;K 11;Penyakit kelenjar liur;FALSE;FALSE;FALSE;FALSE;;7;296;FALSE
189;182.2;K 12;Penyakit jaringan lunak mulut (stomatitis) dan lesi yang berkaitan;FALSE;FALSE;FALSE;FALSE;;7;297;FALSE
462;182.9;K 13 - K 14;Penyakit bibir, mukosa mulut lain dan lidah;FALSE;FALSE;FALSE;FALSE;FALSE;7;298;FALSE
463;183.0;K 25 - K 27;Tukak lambung dan duodenum;FALSE;FALSE;FALSE;FALSE;FALSE;7;299;FALSE
50;184.0;K 29;Gastritis dan duodenitis;FALSE;FALSE;FALSE;FALSE;;7;300;FALSE
5;185.0;K 30;Dispepsia;FALSE;FALSE;FALSE;FALSE;FALSE;7;301;FALSE
414;185.9;K 20 - K 23, K 28, K 31;Penyakit esofagus, lambung dan duodenum lain;FALSE;FALSE;FALSE;FALSE;FALSE;7;302;FALSE
464;186.0;K 35 - K 38;Penyakit apendiks;FALSE;FALSE;FALSE;FALSE;FALSE;7;303;FALSE
110;187.0;K 40;Hernia inguinal;FALSE;FALSE;FALSE;FALSE;;7;304;FALSE
465;188.0;K 41 - K 46;Hernia lain;FALSE;FALSE;FALSE;FALSE;FALSE;7;305;FALSE
466;189.0;K 50 - K 51;Penyakit Crohn dan kolitis bertukak;FALSE;FALSE;FALSE;FALSE;FALSE;7;306;FALSE
319;190.0;K 56;Ileus paralitik dan obstruksi usus tanpa hernia;FALSE;FALSE;FALSE;FALSE;;7;307;FALSE
245;191.0;K 57;Penyakit divertikel usus;FALSE;FALSE;FALSE;FALSE;;7;308;FALSE
415;192.9;K 52 - K 55, K 59 - K 67;Penyakit usus dan peritoneum lain;FALSE;FALSE;FALSE;FALSE;FALSE;7;310;FALSE
14;193.0;K 70;Penyakit hati alkohol;FALSE;FALSE;FALSE;FALSE;;7;311;FALSE
320;194.0;K 72;Koma hepetikum dan hepatitis fulminan;FALSE;FALSE;FALSE;FALSE;;7;312;FALSE
202;194.1;K 73;Hepatitis kronik;FALSE;FALSE;FALSE;FALSE;;7;313;FALSE
219;194.2;K 74.6;Sirosis hati;FALSE;FALSE;FALSE;FALSE;;7;314;FALSE
61;194.3;K 76.0;Perlemakan hati;FALSE;FALSE;FALSE;FALSE;;7;315;FALSE
190;194.4;K 76.6;Hipertensi portal;FALSE;FALSE;FALSE;FALSE;;8;316;FALSE
354;194.5;K 76.7;Sindrom hepatorenal;FALSE;FALSE;FALSE;FALSE;;8;317;FALSE
135;194.6;K 71;Penyakit hati akibat bahan beracun di tempat kerja;FALSE;FALSE;FALSE;FALSE;;8;318;FALSE
416;194.9;K74.0 - .5, K75, K76.1 - .5, .8, .9, K 77;Penyakit hati lain;FALSE;FALSE;FALSE;FALSE;FALSE;8;319;FALSE
72;195.0;K 80;Kolelitiasis;FALSE;FALSE;FALSE;FALSE;;8;320;FALSE
393;195.9;K 81;Kolesistitis;FALSE;FALSE;FALSE;FALSE;;8;321;FALSE
467;196.0;K 85 - K 86;Pankreatitis akut dan Penyakit pankreas lain;FALSE;FALSE;FALSE;FALSE;FALSE;8;322;FALSE
468;197.0;K 82 - K 83, K 87 - K 93;Penyakit sistem pencernaan lain;FALSE;FALSE;FALSE;FALSE;FALSE;8;323;FALSE
469;198.0;L 00 - L08;Infeksi kulit dan jaringan subkutan;FALSE;FALSE;FALSE;FALSE;FALSE;8;324;FALSE
470;199.0;L 23 - L 24;Infeksi kulit dan jaringan subkutan lain;FALSE;FALSE;FALSE;FALSE;FALSE;8;325;FALSE
524;199.9;L 10 - L 22, L 25 - L 99;Penyakit kulit dan jaringan subkutan lainnya;FALSE;FALSE;FALSE;FALSE;FALSE;8;326;FALSE
471;200.0;M 05 - M 06;Artritis reumatoid;FALSE;FALSE;FALSE;FALSE;FALSE;8;327;FALSE
376;200.1;M 07;Psoriasis dan artropati enteropati;FALSE;FALSE;FALSE;FALSE;;8;328;FALSE
472;200.2;M 08 - M 09;Artritis belia;FALSE;FALSE;FALSE;FALSE;FALSE;8;329;FALSE
473;200.3;M 10 - M 11;Pirai dan kristal artropati lain;FALSE;FALSE;FALSE;FALSE;FALSE;8;330;FALSE
474;200.9;M 12 - M 14;Artropati dan artritis;FALSE;FALSE;FALSE;FALSE;FALSE;8;331;FALSE
475;201.0;M 15 - M 19;Artrosis;FALSE;FALSE;FALSE;FALSE;FALSE;8;332;FALSE
476;202.0;M 20 - M 21;Derformitas anggota didapat;FALSE;FALSE;FALSE;FALSE;FALSE;8;333;FALSE
477;203.0;M 00 - M 01;Artritis piogenik dan artritis pada Penyakit infeksi dan parasit YDK di tempat lain;FALSE;FALSE;FALSE;FALSE;FALSE;8;334;FALSE
478;203.1;M 02 - M 03;Artropati reaktif;FALSE;FALSE;FALSE;FALSE;FALSE;8;335;FALSE
479;203.9;M 22 - M 25;Kelainan sendi lain;FALSE;FALSE;FALSE;FALSE;FALSE;8;336;FALSE
120;204.0;M 32;Lupus eritematues sistemik;FALSE;FALSE;FALSE;FALSE;;8;337;FALSE
417;204.9;M 32;Gangguan jaringan ikat sistemik lain;FALSE;FALSE;FALSE;FALSE;FALSE;8;338;FALSE
480;205.0;M 50 - M 51;Gangguan diskus servikalis dan intervertebralis lain;FALSE;FALSE;FALSE;FALSE;FALSE;8;339;FALSE
481;206.0;M 45 - M 49;Spondiloartropati seronegatif;FALSE;FALSE;FALSE;FALSE;FALSE;8;340;FALSE
87;206.1;M 54.5;nyeri punggung lainnya;FALSE;FALSE;FALSE;FALSE;;8;341;FALSE
482;206.9;M40 - M 44, M53 - M54.4, M54.6,.8,.9;Dorsopati lain;FALSE;FALSE;FALSE;FALSE;FALSE;8;342;FALSE
483;207.0;M 60 - M 64, M 65.0 - M 65.3, .8, .9, M 66 - M 68 ;Miopati dan reumatisme;FALSE;FALSE;FALSE;FALSE;FALSE;8;343;FALSE
123;207.1;M 65.4;Penyakit de quervain;FALSE;FALSE;FALSE;FALSE;;8;344;FALSE
239;207.2;M 70;Gangguan jaringan lunak akibat yang berhubungan dengan penggunaan tekanan berlebihan;FALSE;FALSE;FALSE;FALSE;;8;345;FALSE
484;207.9;M 71 - M 79;Gangguan jaringan lunak lain;FALSE;FALSE;FALSE;FALSE;FALSE;8;346;FALSE
260;208.0;M 80 - M 85;Gangguan struktur dan densitas tulang;FALSE;FALSE;FALSE;FALSE;;8;347;FALSE
68;209.0;M 86;Osteomielitis;FALSE;FALSE;FALSE;FALSE;;8;348;FALSE
121;210.0;M 87 - M 99;Penyakit sistem muskuloskeletal dan jaringan ikat lainnya;FALSE;FALSE;FALSE;FALSE;;8;349;FALSE
62;211.0;N 00 - N 01;Sindrom nefritik progresif cepat dan akut;FALSE;FALSE;FALSE;FALSE;;8;350;FALSE
220;212.0;N 04;Sindrom nefrotik;FALSE;FALSE;FALSE;FALSE;;8;351;FALSE
118;212.2;N 02.8;Nefropati imunoglobulin A (Ig A);FALSE;FALSE;FALSE;FALSE;;9;352;FALSE
418;212.9;N 02.0 - 7, .9, N 03, N 05 - N 08;Penyakit glomerulus lain;FALSE;FALSE;FALSE;FALSE;FALSE;9;353;FALSE
291;213.0;N 12;Nefritis tubulo - interstitial, tidak ditemukan akut dan kronik/pielonefritis;FALSE;FALSE;FALSE;FALSE;;9;354;FALSE
111;213.1;N 14.3;Nefropati disebabkan oleh logam-logam berat;FALSE;FALSE;FALSE;FALSE;;9;355;FALSE
419;213.9;N 10 - N 11, N 13, N 14.0 - 2, .4, N 15 - N 16;Penyakit tubulo-interstitial ginjal lain;FALSE;FALSE;FALSE;FALSE;FALSE;9;356;FALSE
73;214.0;N 17.8;Gagal ginjal akut akibat asam jengkol;FALSE;FALSE;FALSE;FALSE;;9;357;FALSE
420;214.9;N 17.0 - .2, .9 - N 19;Gagal ginjal lain;FALSE;FALSE;FALSE;FALSE;FALSE;9;358;FALSE
485;215.0;N 20 - N 23;Urolitiasis;FALSE;FALSE;FALSE;FALSE;FALSE;9;359;FALSE
293;216.0;N 30;Sistitis;FALSE;FALSE;FALSE;FALSE;;9;360;FALSE
486;217.0;N 25 - N 29 , N 31 - N 39;Penyakit sistem perkemihan lain;FALSE;FALSE;FALSE;FALSE;FALSE;9;361;FALSE
94;218.0;N 40;Hiperplasia prostat;FALSE;FALSE;FALSE;FALSE;;9;362;FALSE
487;219.0;N 41 - N 42;Gangguan prostat lain;FALSE;FALSE;FALSE;FALSE;FALSE;9;363;FALSE
251;220.0;N 43;Hidrokel dan spermatokel;FALSE;FALSE;FALSE;FALSE;;9;364;FALSE
313;221.0;N 47;Prepusium berlebih, fimosis dan parafimosis;FALSE;FALSE;FALSE;FALSE;;9;365;FALSE
488;222.0;N 44 - N 46, N 48 - N 51;Penyakit alat kelamin pria lain;FALSE;FALSE;FALSE;FALSE;FALSE;9;366;FALSE
489;223.0;N 60 - N 64;Gangguan payudara;FALSE;FALSE;FALSE;FALSE;FALSE;9;367;FALSE
95;224.0;N 70;Salpingitis dan oforitis;FALSE;FALSE;FALSE;FALSE;;9;368;FALSE
355;225.0;N 72;Radang reviks;FALSE;FALSE;FALSE;FALSE;;9;369;FALSE
402;226.0;N 73;Radang panggul perempuan lainnya;FALSE;FALSE;FALSE;FALSE;;9;370;FALSE
421;226.1;N 75.0.1;Kista dan abses kelenjar Bartholin;FALSE;FALSE;FALSE;FALSE;FALSE;9;371;FALSE
422;226.9;N 71, N 74, N 75.8 - N 77;Radang alat dalam panggul perempuan lain;FALSE;FALSE;FALSE;FALSE;FALSE;9;372;FALSE
158;227.0;N 80;Endometriosis;FALSE;FALSE;FALSE;FALSE;;9;373;FALSE
55;228.0;N 81;Prolaps alat kelamin perempuan;FALSE;FALSE;FALSE;FALSE;;9;374;FALSE
10;229.0;N 83;Gangguan bukan radang pada indung telur, saluran telur dan ligamentum latum;FALSE;FALSE;FALSE;FALSE;;9;375;FALSE
490;230.0;N 90.0, .1, .2;Amenore;FALSE;FALSE;FALSE;FALSE;FALSE;9;376;FALSE
491;230.1;N 92.0, .1;Menoragi atau metroragi;FALSE;FALSE;FALSE;FALSE;FALSE;9;377;FALSE
492;230.9;N 91.3 - .5, N 92.2 - .6;Gangguan haid lainnya;FALSE;FALSE;FALSE;FALSE;FALSE;9;378;FALSE
333;231.0;N 95;Gangguan dalam masa menopause dan perime nopause lainnya;FALSE;FALSE;FALSE;FALSE;;9;379;FALSE
231;232.0;N 97;Infertilitas perempuan;FALSE;FALSE;FALSE;FALSE;;9;380;FALSE
493;233.0;N 82, N 84 - N 90, N 93 - N 94, N 96, N 98 - N 99;Gangguan sistem kemih kelamin lain;FALSE;FALSE;FALSE;FALSE;FALSE;9;381;FALSE
365;234.0;O 03;Abortus spontan;FALSE;FALSE;FALSE;FALSE;;9;382;FALSE
321;235.0;O 04;Abortus medik;FALSE;FALSE;FALSE;FALSE;FALSE;9;383;FALSE
179;236.0;O 00;Kehamilan ektopik;FALSE;FALSE;FALSE;FALSE;;9;384;FALSE
258;236.1;O 01;Mola hidatidosa;FALSE;FALSE;FALSE;FALSE;;9;385;FALSE
423;236.9;O 02, O 06 - O 08;Kehamilan lain yang berakhir dengan abortus;FALSE;FALSE;FALSE;FALSE;FALSE;9;387;FALSE
408;237.0;O 14;Hipertensi gestasional (akibat kehamilan) dengan proteinuria yang nyata/preeklamsia;FALSE;FALSE;FALSE;FALSE;;9;388;FALSE
180;237.1;O 15;Eklampsia;FALSE;FALSE;FALSE;FALSE;;9;389;FALSE
424;237.9;O 10 - O 13, O 16;Edema, proteinuria dan gangguan hipertensi dalam kehamilan, persalinan dan masa nifas;FALSE;FALSE;FALSE;FALSE;FALSE;9;390;FALSE
65;238.0;O 44;Plasenta previa;FALSE;FALSE;FALSE;FALSE;;9;391;FALSE
51;238.1;O 45;solisio plasenta;FALSE;FALSE;FALSE;FALSE;;9;392;FALSE
76;238.9;O 46;Pendarahan antepartum YTK ditempat lain;FALSE;FALSE;FALSE;FALSE;;10;393;FALSE
48;239.0;O 30;Kehamilan multipel;FALSE;FALSE;FALSE;FALSE;;10;394;FALSE
235;239.1;O 40;Hidramnion;FALSE;FALSE;FALSE;FALSE;;10;395;FALSE
259;239.2;O 42;Ketuban pecah dini ;FALSE;FALSE;FALSE;FALSE;;10;396;FALSE
388;239.3;O 48;Kehamilan lewat waktu;FALSE;FALSE;FALSE;FALSE;;10;397;FALSE
56;242.0;O 24;Diabetes militus dalam kehamilan;FALSE;FALSE;FALSE;FALSE;;10;401;FALSE
139;244.0;O 85 - O 99;Penyulit yang lebih banyak berhubungan dengan masa nifas dan kondisi obstetrik lainnya, YTK ditempat lain;FALSE;FALSE;FALSE;FALSE;;10;407;FALSE
494;245.0;P 00 - P 04;Janin dan bayi baru lahir yang dipengaruhi oleh faktor dan penyulit kehamilan persalinan dan kelahiran;FALSE;FALSE;FALSE;FALSE;FALSE;10;408;FALSE
495;246.0;P 05 - P 07;Pertumbuhan janin lamban, malnutrisi janin, dan gangguan yang berhubungan dengan kehamilan pendek dan berat badan lahir rendah;FALSE;FALSE;FALSE;FALSE;FALSE;10;409;FALSE
496;247.0;P 10 - P 15;Cedera lahir;FALSE;FALSE;FALSE;FALSE;FALSE;10;410;FALSE
497;248.0;P 20 - P 21;Hipoksia intrauterus dan asfiksia lahir;FALSE;FALSE;FALSE;FALSE;FALSE;10;411;FALSE
498;249.0;P 22 - P 28;Gangguan saluran pernapasan lain yang berhubungan dengan masa perinatal;FALSE;FALSE;FALSE;FALSE;FALSE;10;412;FALSE
499;250.0;P 35 - P 37;Penyakit infeksi dan parasit kongenital;FALSE;FALSE;FALSE;FALSE;FALSE;10;413;FALSE
500;251.0;P 38 - P 39;Infeksi khusus lain pada masa perinatal;FALSE;FALSE;FALSE;FALSE;FALSE;10;414;FALSE
406;252.0;P 55;Penyakit hemolitik pada janin & bayi baru lahir;FALSE;FALSE;FALSE;FALSE;;10;415;FALSE
425;253.9;P 08, P 29, P 50 - P 54, P 56 - P 94, P 96;Kondisi lain yang bermula pada masa perinatal;FALSE;FALSE;FALSE;FALSE;FALSE;10;417;FALSE
196;254.0;Q 05;Spina bifida;FALSE;FALSE;FALSE;FALSE;;10;418;FALSE
124;255.0;Q 03;Hidrosefalus kongenital;FALSE;FALSE;FALSE;FALSE;;10;419;FALSE
426;255.9;Q 00 - Q 02, Q 04 , Q 06, Q 07;Malformasi kongenital susunan saraf lain;FALSE;FALSE;FALSE;FALSE;FALSE;10;420;FALSE
501;256.0;Q 20 - Q 28;Malformasi kongenital sistem peredaran darah;FALSE;FALSE;FALSE;FALSE;FALSE;10;421;FALSE
502;257.0;Q 35 - Q 37;Bibir celah dan langit-langit celah;FALSE;FALSE;FALSE;FALSE;FALSE;10;422;FALSE
217;258.0;Q 41;Tidak ada, atresia dan stenosis usus halus;FALSE;FALSE;FALSE;FALSE;;10;423;FALSE
503;259.0;Q 38 - Q 40,Q 42 - Q 45;Malformasi kongenital sistem cerna lain;FALSE;FALSE;FALSE;FALSE;FALSE;10;424;FALSE
147;260.0;Q 53;Testis tidak turun;FALSE;FALSE;FALSE;FALSE;;10;425;FALSE
504;261.0;Q 50 - Q 52;Malformasi kongenital alat kelamin wanita;FALSE;FALSE;FALSE;FALSE;FALSE;10;426;FALSE
505;261.1;Q 54 - Q 56;Malformasi kongenital alat kelamin laki;FALSE;FALSE;FALSE;FALSE;FALSE;10;427;FALSE
506;261.9;Q 60 - Q 64;Malformasi kongenital sistem kemih lain;FALSE;FALSE;FALSE;FALSE;FALSE;10;428;FALSE
409;262.0;Q 65;Deformasi kongenital sendi panggul;FALSE;FALSE;FALSE;FALSE;;10;429;FALSE
105;263.0;Q 66;Deformasi kongenital kaki;FALSE;FALSE;FALSE;FALSE;;10;430;FALSE
507;264.0;Q 67 - Q 79;Malformasi dan deformasi kongenital sistem muskuloskeletal lain;FALSE;FALSE;FALSE;FALSE;FALSE;10;431;FALSE
508;265.0;Q 10 - Q 18, Q 30 - Q  34, Q80 - Q 89;Malformasi kongenital lain;FALSE;FALSE;FALSE;FALSE;FALSE;10;432;FALSE
207;266.0;Q 90;Sindrom down;FALSE;FALSE;FALSE;FALSE;;10;433;FALSE
338;266.9;Q 91 - Q 99;Kelainan kromosom YTK ditempat lain;FALSE;FALSE;FALSE;FALSE;;10;434;FALSE
12;267.0;R 10;Nyeri perut dan panggul;FALSE;FALSE;FALSE;FALSE;;11;435;FALSE
82;268.0;R 50;Demam yang sebabnya tidak diketahui;FALSE;FALSE;FALSE;FALSE;;11;436;FALSE
253;269.0;R 54;Senilitas;FALSE;FALSE;FALSE;FALSE;;11;437;FALSE
11;270.0;R 00 - R 01;Gejala pada jantung;FALSE;FALSE;FALSE;FALSE;;11;438;FALSE
252;270.1;R 09.2;Gagal napas;FALSE;FALSE;FALSE;FALSE;;11;439;FALSE
353;270.2;R 33;Retensi urin;FALSE;FALSE;FALSE;FALSE;;11;440;FALSE
85;270.4;R 75;Hasil laboratorium positif HIV;FALSE;FALSE;FALSE;FALSE;;11;442;FALSE
325;270.9;R02 - R09.0,.1,.3,.8, R11 - R32, R43 - R49, R51 - R53, R55, R57 - R74, R 76 - R94, R96 - R99;Gejala, tanda dan penemual klinik dan laboratorium tidak normal lainnya, YTK di tempat lain;FALSE;FALSE;FALSE;FALSE;;11;444;FALSE
294;271.0;S 02;Fraktur tengkorak dan tulang muka;FALSE;FALSE;FALSE;FALSE;;11;445;FALSE
509;272.0;S 12, S 22, S 32, T 08;Fraktur leher, toraks atau panggul;FALSE;FALSE;FALSE;FALSE;FALSE;11;446;FALSE
510;274.0;S 42, S 52, S 62, S 82,  S 92, T 10, T 12;Fraktur tulang anggota gerak;FALSE;FALSE;FALSE;FALSE;FALSE;11;448;FALSE
255;275.0;T 02;Fraktur meliputi daerah badan multipel;FALSE;FALSE;FALSE;FALSE;;11;449;FALSE
511;276.0;S 03, 13, 23, 33, 43, 53, 63, 73, 83, 93, T 03  ;Dislokasi, terkilir, teregang YDT dan daerah badan multipel;FALSE;FALSE;FALSE;FALSE;FALSE;11;450;FALSE
197;277.0;S 05;Cedera mata dan orbita;FALSE;FALSE;FALSE;FALSE;;11;451;FALSE
277;278.0;S 06;Cedera intrakranial;FALSE;FALSE;FALSE;FALSE;;11;452;FALSE
512;279.0;S 26 - S 27;Cedera alat dalam lain;FALSE;FALSE;FALSE;FALSE;FALSE;11;453;FALSE
513;280.0;S36 - S37, S07 - 08, S17 - 18, 28, 38, S47 - 48, S57 - 58, S67 - 68, S77 - 78, S87 - 88, S97 - 98, T04 - 05;Cedera remuk dan trauma amputasi YDT dan daerah badan multipel;FALSE;FALSE;FALSE;FALSE;FALSE;11;454;FALSE
514;281.0;S00 - S01, S04, S09 - S11, S14 - S16, S19 - S21, S24 - S25, S29 - S31, S34 - S35, S39 - S41, S44 - S46, S49 - S51, S54 - S56, S59 - S61, S64 - S66, S69 - S71, S74 - S76, S79 - S81, S84 - S86, S89 - S91, S94 - S96, S99, T00 - T01, T06 - T07, T09, T11, T13 - T14 ;Cedera YDT lain, YTT dan daerah badan multipel;FALSE;FALSE;FALSE;FALSE;FALSE;11;455;FALSE
148;282.0;T 16;Benda asing pada telinga;FALSE;FALSE;FALSE;FALSE;;11;456;FALSE
427;282.9;T 15, T 17-T 19;Akibat dari kemasukan benda asing melalui lubang tubuh;FALSE;FALSE;FALSE;FALSE;FALSE;11;457;FALSE
515;283.0;T 20 - T 32;Luka bakar dan korosi;FALSE;FALSE;FALSE;FALSE;FALSE;11;458;FALSE
516;284.0;T 36 - T 50;Keracunan obat dan preparat biologis;FALSE;FALSE;FALSE;FALSE;FALSE;11;459;FALSE
242;285.0;T 52;Keracunan pelarut organik;FALSE;FALSE;FALSE;FALSE;;11;460;FALSE
140;285.1;T 56;Keracunan logam;FALSE;FALSE;FALSE;FALSE;;11;461;FALSE
77;285.2;T 59;Keracunan gas, asap dan uap lain;FALSE;FALSE;FALSE;FALSE;;11;462;FALSE
52;285.3;T 60;Keracunan pestisida;FALSE;FALSE;FALSE;FALSE;;11;463;FALSE
526;285.9;T65.9;Toxic effect of unspecified substance;FALSE;FALSE;FALSE;FALSE;FALSE;11;464;FALSE
6;286.0;T 74;Sindrom salah pengakuan;FALSE;FALSE;FALSE;FALSE;;11;465;FALSE
70;287.0;T 66;Efek radiasi YTT;FALSE;FALSE;FALSE;FALSE;;11;466;FALSE
410;287.1;T 67;Efek panas dari pencahayaan;FALSE;FALSE;FALSE;FALSE;;11;467;FALSE
171;287.2;T 70;Efek tekanan udara dan tekanan air;FALSE;FALSE;FALSE;FALSE;;11;468;FALSE
525;287.9;T 33 - T 35, T 68 - T 69, T 71 - T 73, T 75 - T 78;Efek sebab luar lainnya dan YTT pembedahan dan perawatan YTK ditempat lain;FALSE;FALSE;FALSE;FALSE;FALSE;11;469;FALSE
517;288.0;T 79 - T 88;Penyulit dini trauma tertentu, dan penyulit pembedahan  dan perawatan  YTK di tempat lain;FALSE;FALSE;FALSE;FALSE;FALSE;11;470;FALSE
518;289.0;T 90 - T 98;Gejala sisa cedera, keracunan dan akibat lanjut sebab luar;FALSE;FALSE;FALSE;FALSE;FALSE;11;471;FALSE
193;290.0;Z 00.0;Pemeriksaan kesehatan umum;FALSE;FALSE;FALSE;FALSE;;11;472;FALSE
149;290.1;Z 00.1;Pemeriksaan kesehatan bayi dan anak secara rutin;FALSE;FALSE;FALSE;FALSE;;11;473;FALSE
428;290.9;Z 00.2 - Z 13;Orang yang mendapat pelayanan kesehatan untuk pemeriksaan khusus dan investigasi lain;FALSE;FALSE;FALSE;FALSE;FALSE;12;474;FALSE
519;291.0;Z 21;Keadaan infeksi HIV asimtomatik;FALSE;FALSE;FALSE;FALSE;FALSE;12;475;FALSE
382;303.4;X 49;Keracunan akibat pemaparan bahan beracun berbahaya lainnya;FALSE;FALSE;FALSE;FALSE;;13;508;TRUE
130;292.0;Z 23.2;Imunisasi BCG;FALSE;FALSE;FALSE;FALSE;TRUE;12;476;FALSE
246;292.1;Z 23.5;Imunisasi tetanus;FALSE;FALSE;FALSE;FALSE;TRUE;12;477;FALSE
389;292.2;Z 24.0;Imunisasi poliomielitis;FALSE;FALSE;FALSE;FALSE;TRUE;12;478;FALSE
165;292.3;Z 24.2;Imunisasi rabies;FALSE;FALSE;FALSE;FALSE;TRUE;12;479;FALSE
107;002.0;A 01;Demam tifoid dan paratifoid;FALSE;FALSE;TRUE;TRUE;;1;2;FALSE
83;003.0;A 03;Sigelosis;FALSE;FALSE;TRUE;TRUE;;1;3;FALSE
99;008.0;A 17.0;Meningitis tuberkulosa;FALSE;FALSE;TRUE;TRUE;;1;11;FALSE
84;008.1;A17.1 - .9;Tuberkulosis susunan saraf pusat lainnya;FALSE;FALSE;TRUE;TRUE;;1;12;FALSE
119;011.0;A 30;Lepra/Kusta;FALSE;FALSE;TRUE;TRUE;;1;19;FALSE
27;005.0;A 09;Diare dan gastroenteritis oleh penyebab infeksi tertentu (kolitis infeksi);FALSE;FALSE;TRUE;TRUE;;1;6;FALSE
46;020.0;A 51;Sifilis dini;FALSE;FALSE;TRUE;TRUE;;1;29;FALSE
34;022.0;A 54;Infeksi gonokok;FALSE;FALSE;TRUE;TRUE;;1;31;FALSE
347;134.0;H 33;Ablasi dan kerusakan retina;FALSE;FALSE;FALSE;FALSE;;5;215;FALSE
35;165.9;J 03;Tonsilitis akut;FALSE;FALSE;TRUE;TRUE;;6;263;FALSE
29;166.0;J 04;Laringitis dan trakeitis akut;FALSE;FALSE;TRUE;TRUE;;6;264;FALSE
64;169.0;J 12 - J 18;Pneumonia;FALSE;FALSE;TRUE;TRUE;;6;267;FALSE
155;236.2;O 05;Abortus lainnya;FALSE;FALSE;FALSE;FALSE;FALSE;9;386;FALSE
161;299.9;V 98 - V 99;Kecelakaan angkutan lain;FALSE;FALSE;FALSE;FALSE;;13;500;TRUE
97;300.0;W 00 - W 19;Jatuh;FALSE;FALSE;FALSE;FALSE;;13;501;TRUE
126;301.0;W 65 - W 74;Kecelakaan tenggelam dan terbenam;FALSE;FALSE;FALSE;FALSE;;13;502;TRUE
162;302.0;X 00 - X 09;Terdedah asap, api dan uap ;FALSE;FALSE;FALSE;FALSE;;13;503;TRUE
286;303.0;X 45;Keracunan akibat pemaparan alkohol;FALSE;FALSE;FALSE;FALSE;;13;504;TRUE
71;303.1;X 46;Keracunan akibat pemaparan bahan organik & hidrokarbon serta uapnya;FALSE;FALSE;FALSE;FALSE;;13;505;TRUE
213;303.2;X 47;Keracunan akibat gaa-gas & uap-uap lainnya;FALSE;FALSE;FALSE;FALSE;;13;506;TRUE
330;303.3;X 48;Keracunan akibat pestisida;FALSE;FALSE;FALSE;FALSE;;13;507;TRUE
106;304.0;X 60 - X 69;Sengaja mencederai diri dengan bahan beracun;FALSE;FALSE;FALSE;FALSE;;13;510;TRUE
271;304.9;X 70 - X 84;Sengaja mencederai diri lainnya;FALSE;FALSE;FALSE;FALSE;;13;511;TRUE
282;305.0;X 85 - Y 09;Dicederai;FALSE;FALSE;FALSE;FALSE;;13;512;TRUE
230;306.0;X 10 - X 19;Kontak dengan bahan panas;FALSE;FALSE;FALSE;FALSE;;13;513;TRUE
223;306.1;X 20 - X 29;Kontak dengan binatang & tumbuhan beracun;FALSE;FALSE;FALSE;FALSE;;13;514;TRUE
17;306.10;W 91;Pemaparan radiasi YTT;FALSE;FALSE;FALSE;FALSE;;13;523;TRUE
295;306.11;X 50;Gangguan gerakan berulang-ulang dengan kekuatan berlebih;FALSE;FALSE;FALSE;FALSE;;13;524;TRUE
530;306.12;Y96;Gangguan kesehatan yang berhubungan dengan kesehatan;FALSE;FALSE;FALSE;FALSE;FALSE;13;525;TRUE
285;306.13;W 20 - W 41, W 44 - W 64, W 75 - W 87, W 92 - W 99, W 51 - W 59, Y 10 - Y 39, Y 85 - Y 95, Y 97 - Y 98;Sebab luar lainnya;FALSE;FALSE;FALSE;FALSE;;13;526;TRUE
360;306.2;X 30 - X 39;Terdedah faktor alam;FALSE;FALSE;FALSE;FALSE;;13;515;TRUE
153;306.3;Y 40 - Y 49;Efek samping pengguna obat, bahan obat dan bahan biologik;FALSE;FALSE;FALSE;FALSE;;13;516;TRUE
18;306.4;Y 60 - Y 84;Kesalahan pada pasien selama perawatan medis non bedah;FALSE;FALSE;FALSE;FALSE;;13;517;TRUE
528;306.5;W42;Pemaparan bising;FALSE;FALSE;FALSE;FALSE;FALSE;13;518;TRUE
529;306.6;W43;Pemaparan getaran;FALSE;FALSE;FALSE;FALSE;FALSE;13;519;TRUE
270;306.7;W 88;Pemaparan radiasi pengion;FALSE;FALSE;FALSE;FALSE;;13;520;TRUE
78;306.8;W 89;Pemaparan sinar ultraviolet dan man-mide visible;FALSE;FALSE;FALSE;FALSE;;13;521;TRUE
281;306.9;W 90;Pemaparan radiasi pengion lain;FALSE;FALSE;FALSE;FALSE;;13;522;TRUE
322;292.4;Z 24.4;Imunisasi campak;FALSE;FALSE;FALSE;FALSE;TRUE;12;480;FALSE
228;292.6;Z 24.6;Imunisasi hepatitis virus;FALSE;FALSE;FALSE;FALSE;TRUE;12;481;FALSE
23;292.7;Z 27.1;Imunisasi gabungan DPT (Difteri, Pertusis, Tetanus);FALSE;FALSE;FALSE;FALSE;TRUE;12;482;FALSE
98;292.8;Z 23.0, .1, .3 - .4, .6 - .8, Z 24.1, .3, .5, Z 25 - Z 27.0, Z 27.2 - Z 29;Imunisasi dan kemoterafi pencegahan lainnya;FALSE;FALSE;FALSE;FALSE;TRUE;12;483;FALSE
372;292.9;Z 20, Z 22;Orang lain dengan resiko gangguan kesehatan yang berkaitan dengan penyakit menular;FALSE;FALSE;FALSE;FALSE;;12;484;FALSE
362;296.0;Z 39;Perawatan dan pemeriksaan pasca persalinan;FALSE;FALSE;FALSE;FALSE;;12;490;FALSE
192;239.9;O31 - O39, O41, O43, O47;Perawatan ibu yang berkaitan dengan janin dan ketuban dan masalah persalinan;FALSE;FALSE;FALSE;FALSE;;10;398;FALSE
292;240.0;O 64 - O 66;Persalinan macet;FALSE;FALSE;FALSE;FALSE;;10;399;FALSE
156;241.0;O 72;Pendarahan pasca persalinan;FALSE;FALSE;FALSE;FALSE;;10;400;FALSE
21;242.1;O 60;Persalinan prematur;FALSE;FALSE;FALSE;FALSE;;10;402;FALSE
350;242.2;O 68;Persalinan dengan penyulit gawat janin;FALSE;FALSE;FALSE;FALSE;;10;403;FALSE
349;242.3;O 84;Persalinan multipel;FALSE;FALSE;FALSE;FALSE;;10;404;FALSE
101;242.9;O20 - O23, O25 - O29, O61 - O63, O67, O69 - 71, O73 - O75, O81 - O85;Penyulit kehamilan dan persalinan lainnya;FALSE;FALSE;FALSE;FALSE;;10;405;FALSE
348;243.0;O 80;Persalinan tunggal spontan;FALSE;FALSE;FALSE;FALSE;;10;406;FALSE
261;004.0;A 06.4;Abses hati amuba;FALSE;FALSE;FALSE;FALSE;;1;4;FALSE
209;004.9;A 06.0 - .3, .5 - .9;Amebiasis lainnya;FALSE;FALSE;TRUE;TRUE;;1;5;FALSE
392;006.0;A02, A04 - A05, A07 - A08;Penyakit infeksi usus lainnya;FALSE;FALSE;FALSE;FALSE;;1;7;FALSE
145;007.0;A 15.0;Tuberkulosis (TB) paru BTA (+) dengan/tanpa biakan kuman TB;FALSE;FALSE;TRUE;TRUE;;1;8;FALSE
262;007.1;A15.1 - A16.2;Tuberkulosis paru lainnya;FALSE;FALSE;TRUE;TRUE;;1;9;FALSE
115;007.9;A16.3 - .9;Tuberkulosis alat napas lainnya;FALSE;FALSE;FALSE;FALSE;;1;10;FALSE
359;008.2;A 18.0;Tuberkulosis tulang dan sendi;FALSE;FALSE;FALSE;FALSE;;1;13;FALSE
339;008.3;A 18.2;Limfadenitis tuberkulosa;FALSE;FALSE;FALSE;FALSE;;1;14;FALSE
159;008.4;A 19;Tuberkulosis milier;FALSE;FALSE;TRUE;TRUE;;1;15;FALSE
184;008.9;A 18.1, .3 - .8;Tuberkulosis lainnya;FALSE;FALSE;FALSE;FALSE;;1;16;FALSE
88;009.0;A 20;Sampar/Pes;FALSE;FALSE;FALSE;FALSE;;1;17;FALSE
279;010.0;A 23;Bruselosis;FALSE;FALSE;FALSE;FALSE;;1;18;FALSE
268;012.0;A 33;Tetanus neonatorum;FALSE;FALSE;TRUE;TRUE;;1;20;FALSE
344;013.0;A 34 - A 35;Tetanus lainnya;FALSE;FALSE;TRUE;TRUE;;1;21;FALSE
221;014.0;A 36;Difteria;FALSE;FALSE;TRUE;TRUE;;1;22;FALSE
390;015.0;A 37;Pertusis/batuk rejan;FALSE;FALSE;TRUE;TRUE;;1;23;FALSE
125;016.0;A 39;Infeksi meningokok;FALSE;FALSE;TRUE;TRUE;;1;24;FALSE
340;017.0;A 40 - A 41;Septisemia;FALSE;FALSE;FALSE;FALSE;;1;25;FALSE
89;018.0;A 22;Anthraks;FALSE;FALSE;FALSE;FALSE;;1;26;FALSE
173;018.9;A21, A24 - 28, A31 - 32, A38, A42 - 49;Penyakit bakteria lainnya;FALSE;FALSE;FALSE;FALSE;;1;27;FALSE
240;019.0;A 50;Sifilis bawaan;FALSE;FALSE;TRUE;TRUE;;1;28;FALSE
407;040.0;B 26;Gondong;FALSE;FALSE;FALSE;FALSE;;2;56;FALSE
102;253.0;P 95;Lahir mati;FALSE;FALSE;FALSE;FALSE;;10;416;FALSE
214;293.0;Z 30;Pengelolaan kontrasepsi;FALSE;FALSE;FALSE;FALSE;;12;485;FALSE
310;294.0;Z 34;Pengawasan kehamilan normal;FALSE;FALSE;FALSE;FALSE;;12;486;FALSE
256;294.1;Z 35;Pengawasan kehamilan dengan resiko tinggi;FALSE;FALSE;FALSE;FALSE;;12;487;FALSE
133;294.9;Z 36;Seleksi antenatal;FALSE;FALSE;FALSE;FALSE;;12;488;FALSE
306;295.0;Z 38;Bayi lahir hidup sesuai tempat lahir;FALSE;FALSE;FALSE;FALSE;;12;489;FALSE
326;297.0;Z 40.0;Pemasangan dan penyesuaian kacamata dan lensa kontak;FALSE;FALSE;FALSE;FALSE;;12;491;FALSE
229;297.1;Z 41.2;Khitanan menurut agama dan adat kebiasaan;FALSE;FALSE;FALSE;FALSE;;12;492;FALSE
384;297.2;Z 46.3;Pemasangan dan penyesuaian gigi palsu;FALSE;FALSE;FALSE;FALSE;;12;493;FALSE
208;297.3;Z 50;Pelayanan yang mengakibatkan gangguan prosedur-prosedur rehabilitasi;FALSE;FALSE;FALSE;FALSE;;12;494;FALSE
236;297.9;Z 40 - Z 41.0, .1, .3 - Z 45, Z 46.1, .2, .4 - .9 - Z 49, Z 51 - Z 54;Orang yang mengunjungi pelayanan kesehatan untuk tindakan perawatan khusus lainnya;FALSE;FALSE;FALSE;FALSE;;12;495;FALSE
357;298.0;Z 31 - Z 33, Z 37, Z 55 - Z 99;Penunjang kesehatan untuk sarana lainnya;FALSE;FALSE;FALSE;FALSE;;12;496;FALSE
531;100;A100, A101;Demam Lainnya;FALSE;FALSE;TRUE;TRUE;FALSE;;0;FALSE
80;043.0;B 50 - B 54;Malaria (termasuk semua malaria);FALSE;FALSE;TRUE;FALSE;;2;59;FALSE
16;192.0;K 58;Sindrom perut ringkih (irritable bowel syndrome);FALSE;FALSE;FALSE;FALSE;;7;309;FALSE
1;054.9;B 90.0 - .8;Sekuele (gejala sisa) tiberkoulosis lainnya;FALSE;FALSE;FALSE;FALSE;FALSE;2;72;FALSE
45;299.0;V 01 - V 89;Kecelakaan angkutan darat;FALSE;FALSE;FALSE;FALSE;;13;497;TRUE
172;299.1;V 90 - V 94;Kecelakaan angkutan air;FALSE;FALSE;FALSE;FALSE;;13;498;TRUE
379;299.2;V 95 - V 97;Kecelakaan angkutan udara dan ruang angkasa;FALSE;FALSE;FALSE;FALSE;;13;499;TRUE
37;001.0;A 00;Kolera;FALSE;FALSE;TRUE;TRUE;;1;1;FALSE
532;281.0;;Dilatation and curretage (of uterus) ;FALSE;FALSE;FALSE;FALSE;FALSE;;0;FALSE
542;00.01;;Therapeutic ultrasound of vessels of head and neck;FALSE;FALSE;FALSE;FALSE;FALSE;;0;FALSE
543;00.02;;Therapeutic ultrasound of heart;FALSE;FALSE;FALSE;FALSE;FALSE;;0;FALSE
544;00.03;;Therapeutic ultrasound of peripheral vascular vessels;FALSE;FALSE;FALSE;FALSE;FALSE;;0;FALSE
545;00.09;;Other therapeutic ultrasound;FALSE;FALSE;FALSE;FALSE;FALSE;;0;FALSE
546;00.10;;Implantation of chemotherapeutic agent;FALSE;FALSE;FALSE;FALSE;FALSE;;0;FALSE
547;00.11;;Infusion of drotrecogin alfa (activated);FALSE;FALSE;FALSE;FALSE;FALSE;;0;FALSE
548;00.12;;Administration of inhaled nitric oxide;FALSE;FALSE;FALSE;FALSE;FALSE;;0;FALSE
549;00.13;;Injection or infusion of nesiritide;FALSE;FALSE;FALSE;FALSE;FALSE;;0;FALSE
550;00.14;;Injection or infusion of oxazolidinone class of antibiotics;FALSE;FALSE;FALSE;FALSE;FALSE;;0;FALSE
551;00.15;;High-dose infusion interleukin-2 [IL-2];FALSE;FALSE;FALSE;FALSE;FALSE;;0;FALSE
552;00.16;;Pressurized treatment of venous bypass graft [conduit] with pharmaceutical substance;FALSE;FALSE;FALSE;FALSE;FALSE;;0;FALSE
553;00.17;;Infusion of vasopressor agent;FALSE;FALSE;FALSE;FALSE;FALSE;;0;FALSE
554;00.21;;Intravascular imaging of extracranial cerebral vessels;FALSE;FALSE;FALSE;FALSE;FALSE;;0;FALSE
555;00.22;;Intravascular imaging of intrathoracic vessels;FALSE;FALSE;FALSE;FALSE;FALSE;;0;FALSE
556;00.23;;Intravascular imaging of peripheral vessels;FALSE;FALSE;FALSE;FALSE;FALSE;;0;FALSE
557;00.24;;Intravascular imaging of coronary vessels;FALSE;FALSE;FALSE;FALSE;FALSE;;0;FALSE
558;00.25;;Intravascular imaging of renal vessels;FALSE;FALSE;FALSE;FALSE;FALSE;;0;FALSE
559;00.28;;Intravascular imaging, other specified vessel(s);FALSE;FALSE;FALSE;FALSE;FALSE;;0;FALSE
560;00.29;;Intravascular imaging, unspecified vessel(s);FALSE;FALSE;FALSE;FALSE;FALSE;;0;FALSE
561;00.31;;Computer assisted surgery with CT/CTA;FALSE;FALSE;FALSE;FALSE;FALSE;;0;FALSE
562;00.32;;Computer assisted surgery with MR/MRA;FALSE;FALSE;FALSE;FALSE;FALSE;;0;FALSE
563;00.33;;Computer assisted surgery with fluoroscopy;FALSE;FALSE;FALSE;FALSE;FALSE;;0;FALSE
564;00.34;;Imageless computer assisted surgery;FALSE;FALSE;FALSE;FALSE;FALSE;;0;FALSE
565;00.35;;Computer assisted surgery with multiple datasets;FALSE;FALSE;FALSE;FALSE;FALSE;;0;FALSE
566;00.39;;Other computer assisted surgery;FALSE;FALSE;FALSE;FALSE;FALSE;;0;FALSE
567;00.50;;Implantation of cardiac resynchronization pacemaker without mention of defibrillation, total system [CRT-P];FALSE;FALSE;FALSE;FALSE;FALSE;;0;FALSE
568;00.51;;Implantation of cardiac resynchronization defibrillator, total system [CRT-D];FALSE;FALSE;FALSE;FALSE;FALSE;;0;FALSE
569;00.52;;Implantation or replacement of transvenous lead [electrode] into left ventricular coronary venous system;FALSE;FALSE;FALSE;FALSE;FALSE;;0;FALSE
570;00.53;;Implantation or replacement of cardiac resynchronization pacemaker pulse generator only [CRT-P];FALSE;FALSE;FALSE;FALSE;FALSE;;0;FALSE
571;00.54;;Implantation or replacement of cardiac resynchronization defibrillator pulse generator device only [CRT-D];FALSE;FALSE;FALSE;FALSE;FALSE;;0;FALSE
572;00.55;;Insertion of drug-eluting peripheral vessel stent(s);FALSE;FALSE;FALSE;FALSE;FALSE;;0;FALSE
573;00.61;;Percutaneous angioplasty or atherectomy of precerebral (extracranial) vessel(s);FALSE;FALSE;FALSE;FALSE;FALSE;;0;FALSE
574;00.62;;Percutaneous angioplasty or atherectomy of intracranial vessel(s);FALSE;FALSE;FALSE;FALSE;FALSE;;0;FALSE
575;00.63;;Percutaneous insertion of carotid artery stent(s);FALSE;FALSE;FALSE;FALSE;FALSE;;0;FALSE
576;00.64;;Percutaneous insertion of other precerebral (extracranial) artery stent(s);FALSE;FALSE;FALSE;FALSE;FALSE;;0;FALSE
577;00.65;;Percutaneous insertion of intracranial vascular stent(s);FALSE;FALSE;FALSE;FALSE;FALSE;;0;FALSE
578;00.91;;Transplant from live related donor;FALSE;FALSE;FALSE;FALSE;FALSE;;0;FALSE
579;00.92;;Transplant from live non-related donor;FALSE;FALSE;FALSE;FALSE;FALSE;;0;FALSE
580;00.93;;Transplant from cadaver;FALSE;FALSE;FALSE;FALSE;FALSE;;0;FALSE
581;01.01;;Cisternal puncture;FALSE;FALSE;FALSE;FALSE;FALSE;;0;FALSE
582;01.02;;Ventriculopuncture through previously implanted catheter;FALSE;FALSE;FALSE;FALSE;FALSE;;0;FALSE
583;01.09;;Other cranial puncture;FALSE;FALSE;FALSE;FALSE;FALSE;;0;FALSE
584;01.11;;Closed [percutaneous] [needle] biopsy of cerebral meninges;FALSE;FALSE;FALSE;FALSE;FALSE;;0;FALSE
585;01.12;;Open biopsy of cerebral meninges;FALSE;FALSE;FALSE;FALSE;FALSE;;0;FALSE
586;01.13;;Closed [percutaneous] [needle] biopsy of brain;FALSE;FALSE;FALSE;FALSE;FALSE;;0;FALSE
587;01.14;;Open biopsy of brain;FALSE;FALSE;FALSE;FALSE;FALSE;;0;FALSE
588;01.15;;Biopsy of skull;FALSE;FALSE;FALSE;FALSE;FALSE;;0;FALSE
589;01.18;;Other diagnostic procedures on brain and cerebral meninges;FALSE;FALSE;FALSE;FALSE;FALSE;;0;FALSE
590;01.19;;Other diagnostic procedures on skull;FALSE;FALSE;FALSE;FALSE;FALSE;;0;FALSE
591;01.21;;Incision and drainage of cranial sinus;FALSE;FALSE;FALSE;FALSE;FALSE;;0;FALSE
592;01.22;;Removal of intracranial neurostimulator lead(s);FALSE;FALSE;FALSE;FALSE;FALSE;;0;FALSE
593;01.23;;Reopening of craniotomy site;FALSE;FALSE;FALSE;FALSE;FALSE;;0;FALSE
594;01.24;;Other craniotomy;FALSE;FALSE;FALSE;FALSE;FALSE;;0;FALSE
595;01.25;;Other craniectomy;FALSE;FALSE;FALSE;FALSE;FALSE;;0;FALSE
596;01.31;;Incision of cerebral meninges;FALSE;FALSE;FALSE;FALSE;FALSE;;0;FALSE
597;01.32;;Lobotomy and tractotomy;FALSE;FALSE;FALSE;FALSE;FALSE;;0;FALSE
598;01.39;;Other incision of brain;FALSE;FALSE;FALSE;FALSE;FALSE;;0;FALSE
599;01.41;;Operations on thalamus;FALSE;FALSE;FALSE;FALSE;FALSE;;0;FALSE
600;01.42;;Operations on globus pallidus;FALSE;FALSE;FALSE;FALSE;FALSE;;0;FALSE
601;01.51;;Excision of lesion or tissue of cerebral meninges;FALSE;FALSE;FALSE;FALSE;FALSE;;0;FALSE
602;01.52;;Hemispherectomy;FALSE;FALSE;FALSE;FALSE;FALSE;;0;FALSE
603;01.53;;Lobectomy of brain;FALSE;FALSE;FALSE;FALSE;FALSE;;0;FALSE
604;01.59;;Other excision or destruction of lesion or tissue of brain;FALSE;FALSE;FALSE;FALSE;FALSE;;0;FALSE
605;01.6;;Excision of lesion of skull;FALSE;FALSE;FALSE;FALSE;FALSE;;0;FALSE
606;02.01;;Opening of cranial suture;FALSE;FALSE;FALSE;FALSE;FALSE;;0;FALSE
607;02.02;;Elevation of skull fracture fragments;FALSE;FALSE;FALSE;FALSE;FALSE;;0;FALSE
608;02.03;;Formation of cranial bone flap;FALSE;FALSE;FALSE;FALSE;FALSE;;0;FALSE
609;02.04;;Bone graft to skull;FALSE;FALSE;FALSE;FALSE;FALSE;;0;FALSE
610;02.05;;Insertion of skull plate;FALSE;FALSE;FALSE;FALSE;FALSE;;0;FALSE
611;02.06;;Other cranial osteoplasty;FALSE;FALSE;FALSE;FALSE;FALSE;;0;FALSE
612;02.07;;Removal of skull plate;FALSE;FALSE;FALSE;FALSE;FALSE;;0;FALSE
613;02.11;;Simple suture of dura mater of brain;FALSE;FALSE;FALSE;FALSE;FALSE;;0;FALSE
614;02.12;;Other repair of cerebral meninges;FALSE;FALSE;FALSE;FALSE;FALSE;;0;FALSE
615;02.13;;Ligation of meningeal vessel;FALSE;FALSE;FALSE;FALSE;FALSE;;0;FALSE
616;02.14;;Choroid plexectomy;FALSE;FALSE;FALSE;FALSE;FALSE;;0;FALSE
617;02.2;;Ventriculostomy;FALSE;FALSE;FALSE;FALSE;FALSE;;0;FALSE
618;02.31;;Ventricular shunt to structure in head and neck;FALSE;FALSE;FALSE;FALSE;FALSE;;0;FALSE
619;02.32;;Ventricular shunt to circulatory system;FALSE;FALSE;FALSE;FALSE;FALSE;;0;FALSE
620;02.33;;Ventricular shunt to thoracic cavity;FALSE;FALSE;FALSE;FALSE;FALSE;;0;FALSE
621;02.34;;Ventricular shunt to abdominal cavity and organs;FALSE;FALSE;FALSE;FALSE;FALSE;;0;FALSE
622;02.35;;Ventricular shunt to urinary system;FALSE;FALSE;FALSE;FALSE;FALSE;;0;FALSE
623;02.39;;Other operations to establish drainage of ventricle;FALSE;FALSE;FALSE;FALSE;FALSE;;0;FALSE
624;02.41;;Irrigation and exploration of ventricular shunt;FALSE;FALSE;FALSE;FALSE;FALSE;;0;FALSE
625;02.42;;Replacement of ventricular shunt;FALSE;FALSE;FALSE;FALSE;FALSE;;0;FALSE
626;02.43;;Removal of ventricular shunt;FALSE;FALSE;FALSE;FALSE;FALSE;;0;FALSE
627;02.91;;Lysis of cortical adhesions;FALSE;FALSE;FALSE;FALSE;FALSE;;0;FALSE
628;02.92;;Repair of brain;FALSE;FALSE;FALSE;FALSE;FALSE;;0;FALSE
629;02.93;;Implantation or replacement of intracranial neurostimulator lead(s);FALSE;FALSE;FALSE;FALSE;FALSE;;0;FALSE
630;02.94;;Insertion or replacement of skull tongs or halo traction device;FALSE;FALSE;FALSE;FALSE;FALSE;;0;FALSE
631;02.95;;Removal of skull tongs or halo traction device;FALSE;FALSE;FALSE;FALSE;FALSE;;0;FALSE
632;02.96;;Insertion of sphenoidal electrodes;FALSE;FALSE;FALSE;FALSE;FALSE;;0;FALSE
633;02.99;;Other operations on skull, brain, and cerebral meninges;FALSE;FALSE;FALSE;FALSE;FALSE;;0;FALSE
634;03.01;;Removal of foreign body from spinal canal;FALSE;FALSE;FALSE;FALSE;FALSE;;0;FALSE
635;03.02;;Reopening of laminectomy site;FALSE;FALSE;FALSE;FALSE;FALSE;;0;FALSE
636;03.09;;Other exploration and decompression of spinal canal;FALSE;FALSE;FALSE;FALSE;FALSE;;0;FALSE
637;03.1;;Division of intraspinal nerve root;FALSE;FALSE;FALSE;FALSE;FALSE;;0;FALSE
638;03.21;;Percutaneous chordotomy;FALSE;FALSE;FALSE;FALSE;FALSE;;0;FALSE
639;03.29;;Other chordotomy;FALSE;FALSE;FALSE;FALSE;FALSE;;0;FALSE
640;03.31;;Spinal tap;FALSE;FALSE;FALSE;FALSE;FALSE;;0;FALSE
641;03.32;;Biopsy of spinal cord or spinal meninges;FALSE;FALSE;FALSE;FALSE;FALSE;;0;FALSE
642;03.39;;Other diagnostic procedures on spinal cord and spinal canal structures;FALSE;FALSE;FALSE;FALSE;FALSE;;0;FALSE
643;03.4;;Excision or destruction of lesion of spinal cord or spinal meninges;FALSE;FALSE;FALSE;FALSE;FALSE;;0;FALSE
644;03.51;;Repair of spinal meningocele;FALSE;FALSE;FALSE;FALSE;FALSE;;0;FALSE
645;03.52;;Repair of spinal myelomeningocele;FALSE;FALSE;FALSE;FALSE;FALSE;;0;FALSE
646;03.53;;Repair of vertebral fracture;FALSE;FALSE;FALSE;FALSE;FALSE;;0;FALSE
647;03.59;;Other repair and plastic operations on spinal cord structures;FALSE;FALSE;FALSE;FALSE;FALSE;;0;FALSE
648;03.6;;Lysis of adhesions of spinal cord and nerve roots;FALSE;FALSE;FALSE;FALSE;FALSE;;0;FALSE
649;03.71;;Spinal subarachnoid-peritoneal shunt;FALSE;FALSE;FALSE;FALSE;FALSE;;0;FALSE
650;03.72;;Spinal subarachnoid-ureteral shunt;FALSE;FALSE;FALSE;FALSE;FALSE;;0;FALSE
651;03.79;;Other shunt of spinal theca;FALSE;FALSE;FALSE;FALSE;FALSE;;0;FALSE
652;03.8;;Injection of destructive agent into spinal canal;FALSE;FALSE;FALSE;FALSE;FALSE;;0;FALSE
653;03.90;;Insertion of catheter into spinal canal for infusion of therapeutic or palliative substances;FALSE;FALSE;FALSE;FALSE;FALSE;;0;FALSE
654;03.91;;Injection of anesthetic into spinal canal for analgesia;FALSE;FALSE;FALSE;FALSE;FALSE;;0;FALSE
655;03.92;;Injection of other agent into spinal canal;FALSE;FALSE;FALSE;FALSE;FALSE;;0;FALSE
656;03.93;;Implantation or replacement of spinal neurostimulator lead(s);FALSE;FALSE;FALSE;FALSE;FALSE;;0;FALSE
657;03.94;;Removal of spinal neurostimulator lead(s);FALSE;FALSE;FALSE;FALSE;FALSE;;0;FALSE
658;03.95;;Spinal blood patch;FALSE;FALSE;FALSE;FALSE;FALSE;;0;FALSE
659;03.96;;Percutaneous denervation of facet;FALSE;FALSE;FALSE;FALSE;FALSE;;0;FALSE
660;03.97;;Revision of spinal thecal shunt;FALSE;FALSE;FALSE;FALSE;FALSE;;0;FALSE
661;03.98;;Removal of spinal thecal shunt;FALSE;FALSE;FALSE;FALSE;FALSE;;0;FALSE
662;03.99;;Other operations on spinal cord and spinal canal structures;FALSE;FALSE;FALSE;FALSE;FALSE;;0;FALSE
663;04.01;;Excision of acoustic neuroma;FALSE;FALSE;FALSE;FALSE;FALSE;;0;FALSE
664;04.02;;Division of trigeminal nerve;FALSE;FALSE;FALSE;FALSE;FALSE;;0;FALSE
665;04.03;;Division or crushing of other cranial and peripheral nerves;FALSE;FALSE;FALSE;FALSE;FALSE;;0;FALSE
666;04.04;;Other incision of cranial and peripheral nerves;FALSE;FALSE;FALSE;FALSE;FALSE;;0;FALSE
667;04.05;;Gasserian ganglionectomy;FALSE;FALSE;FALSE;FALSE;FALSE;;0;FALSE
668;04.06;;Other cranial or peripheral ganglionectomy;FALSE;FALSE;FALSE;FALSE;FALSE;;0;FALSE
669;04.07;;Other excision or avulsion of cranial and peripheral nerves;FALSE;FALSE;FALSE;FALSE;FALSE;;0;FALSE
670;04.11;;Closed [percutaneous] [needle] biopsy of cranial or peripheral nerve or ganglion;FALSE;FALSE;FALSE;FALSE;FALSE;;0;FALSE
671;04.12;;Open biopsy of cranial or peripheral nerve or ganglion;FALSE;FALSE;FALSE;FALSE;FALSE;;0;FALSE
672;04.19;;Other diagnostic procedures on cranial and peripheral nerves and ganglia;FALSE;FALSE;FALSE;FALSE;FALSE;;0;FALSE
673;04.2;;Destruction of cranial and peripheral nerves;FALSE;FALSE;FALSE;FALSE;FALSE;;0;FALSE
674;04.3;;Suture of cranial and peripheral nerves;FALSE;FALSE;FALSE;FALSE;FALSE;;0;FALSE
675;04.41;;Decompression of trigeminal nerve root;FALSE;FALSE;FALSE;FALSE;FALSE;;0;FALSE
676;04.42;;Other cranial nerve decompression;FALSE;FALSE;FALSE;FALSE;FALSE;;0;FALSE
677;04.43;;Release of carpal tunnel;FALSE;FALSE;FALSE;FALSE;FALSE;;0;FALSE
678;04.44;;Release of tarsal tunnel;FALSE;FALSE;FALSE;FALSE;FALSE;;0;FALSE
679;04.49;;Other peripheral nerve or ganglion decompression or lysis of adhesions;FALSE;FALSE;FALSE;FALSE;FALSE;;0;FALSE
680;04.5;;Cranial or peripheral nerve graft;FALSE;FALSE;FALSE;FALSE;FALSE;;0;FALSE
681;04.6;;Transposition of cranial and peripheral nerves;FALSE;FALSE;FALSE;FALSE;FALSE;;0;FALSE
682;04.71;;Hypoglossal-facial anastomosis;FALSE;FALSE;FALSE;FALSE;FALSE;;0;FALSE
683;04.72;;Accessory-facial anastomosis;FALSE;FALSE;FALSE;FALSE;FALSE;;0;FALSE
684;04.73;;Accessory-hypoglossal anastomosis;FALSE;FALSE;FALSE;FALSE;FALSE;;0;FALSE
685;04.74;;Other anastomosis of cranial or peripheral nerve;FALSE;FALSE;FALSE;FALSE;FALSE;;0;FALSE
686;04.75;;Revision of previous repair of cranial and peripheral nerves;FALSE;FALSE;FALSE;FALSE;FALSE;;0;FALSE
687;04.76;;Repair of old traumatic injury of cranial and peripheral nerves;FALSE;FALSE;FALSE;FALSE;FALSE;;0;FALSE
688;04.79;;Other neuroplasty;FALSE;FALSE;FALSE;FALSE;FALSE;;0;FALSE
689;04.80;;Peripheral nerve injection, not otherwise specified;FALSE;FALSE;FALSE;FALSE;FALSE;;0;FALSE
690;04.81;;Injection of anesthetic into peripheral nerve for analgesia;FALSE;FALSE;FALSE;FALSE;FALSE;;0;FALSE
691;04.89;;Injection of other agent, except neurolytic;FALSE;FALSE;FALSE;FALSE;FALSE;;0;FALSE
692;04.91;;Neurectasis;FALSE;FALSE;FALSE;FALSE;FALSE;;0;FALSE
693;04.92;;Implantation or replacement of peripheral neurostimulator lead(s);FALSE;FALSE;FALSE;FALSE;FALSE;;0;FALSE
694;04.93;;Removal of peripheral neurostimulator lead(s);FALSE;FALSE;FALSE;FALSE;FALSE;;0;FALSE
695;04.99;;Other operations on cranial and peripheral nerves;FALSE;FALSE;FALSE;FALSE;FALSE;;0;FALSE
696;05.0;;Division of sympathetic nerve or ganglion;FALSE;FALSE;FALSE;FALSE;FALSE;;0;FALSE
697;05.11;;Biopsy of sympathetic nerve or ganglion;FALSE;FALSE;FALSE;FALSE;FALSE;;0;FALSE
698;05.19;;Other diagnostic procedures on sympathetic nerves or ganglia;FALSE;FALSE;FALSE;FALSE;FALSE;;0;FALSE
699;05.21;;Sphenopalatine ganglionectomy;FALSE;FALSE;FALSE;FALSE;FALSE;;0;FALSE
700;05.22;;Cervical sympathectomy;FALSE;FALSE;FALSE;FALSE;FALSE;;0;FALSE
701;05.23;;Lumbar sympathectomy;FALSE;FALSE;FALSE;FALSE;FALSE;;0;FALSE
702;05.24;;Presacral sympathectomy;FALSE;FALSE;FALSE;FALSE;FALSE;;0;FALSE
703;05.25;;Periarterial sympathectomy;FALSE;FALSE;FALSE;FALSE;FALSE;;0;FALSE
704;05.29;;Other sympathectomy and ganglionectomy;FALSE;FALSE;FALSE;FALSE;FALSE;;0;FALSE
705;05.31;;Injection of anesthetic into sympathetic nerve for analgesia;FALSE;FALSE;FALSE;FALSE;FALSE;;0;FALSE
706;05.32;;Injection of neurolytic agent into sympathetic nerve;FALSE;FALSE;FALSE;FALSE;FALSE;;0;FALSE
707;05.39;;Other injection into sympathetic nerve or ganglion;FALSE;FALSE;FALSE;FALSE;FALSE;;0;FALSE
708;05.81;;Repair of sympathetic nerve or ganglion;FALSE;FALSE;FALSE;FALSE;FALSE;;0;FALSE
709;05.89;;Other operations on sympathetic nerves or ganglia;FALSE;FALSE;FALSE;FALSE;FALSE;;0;FALSE
710;05.9;;Other operations on nervous system;FALSE;FALSE;FALSE;FALSE;FALSE;;0;FALSE
711;06.01;;Aspiration of thyroid field;FALSE;FALSE;FALSE;FALSE;FALSE;;0;FALSE
712;06.02;;Reopening of wound of thyroid field;FALSE;FALSE;FALSE;FALSE;FALSE;;0;FALSE
713;06.09;;Other incision of thyroid field;FALSE;FALSE;FALSE;FALSE;FALSE;;0;FALSE
714;06.11;;Closed [percutaneous] [needle] biopsy of thyroid gland;FALSE;FALSE;FALSE;FALSE;FALSE;;0;FALSE
715;06.12;;Open biopsy of thyroid gland;FALSE;FALSE;FALSE;FALSE;FALSE;;0;FALSE
716;06.13;;Biopsy of parathyroid gland;FALSE;FALSE;FALSE;FALSE;FALSE;;0;FALSE
717;06.19;;Other diagnostic procedures on thyroid and parathyroid glands;FALSE;FALSE;FALSE;FALSE;FALSE;;0;FALSE
718;06.2;;Unilateral thyroid lobectomy;FALSE;FALSE;FALSE;FALSE;FALSE;;0;FALSE
719;06.31;;Excision of lesion of thyroid;FALSE;FALSE;FALSE;FALSE;FALSE;;0;FALSE
720;06.39;;Other partial thyroidectomy;FALSE;FALSE;FALSE;FALSE;FALSE;;0;FALSE
721;06.4;;Complete thyroidectomy;FALSE;FALSE;FALSE;FALSE;FALSE;;0;FALSE
722;06.50;;Substernal thyroidectomy, not otherwise specified;FALSE;FALSE;FALSE;FALSE;FALSE;;0;FALSE
723;06.51;;Partial substernal thyroidectomy;FALSE;FALSE;FALSE;FALSE;FALSE;;0;FALSE
724;06.52;;Complete substernal thyroidectomy;FALSE;FALSE;FALSE;FALSE;FALSE;;0;FALSE
725;06.6;;Excision of lingual thyroid;FALSE;FALSE;FALSE;FALSE;FALSE;;0;FALSE
726;06.7;;Excision of thyroglossal duct or tract;FALSE;FALSE;FALSE;FALSE;FALSE;;0;FALSE
727;06.81;;Complete parathyroidectomy;FALSE;FALSE;FALSE;FALSE;FALSE;;0;FALSE
728;06.89;;Other parathyroidectomy;FALSE;FALSE;FALSE;FALSE;FALSE;;0;FALSE
729;06.91;;Division of thyroid isthmus;FALSE;FALSE;FALSE;FALSE;FALSE;;0;FALSE
730;06.92;;Ligation of thyroid vessels;FALSE;FALSE;FALSE;FALSE;FALSE;;0;FALSE
731;06.93;;Suture of thyroid gland;FALSE;FALSE;FALSE;FALSE;FALSE;;0;FALSE
732;06.94;;Thyroid tissue reimplantation;FALSE;FALSE;FALSE;FALSE;FALSE;;0;FALSE
733;06.95;;Parathyroid tissue reimplantation;FALSE;FALSE;FALSE;FALSE;FALSE;;0;FALSE
734;06.98;;Other operations on thyroid glands;FALSE;FALSE;FALSE;FALSE;FALSE;;0;FALSE
735;06.99;;Other operations on parathyroid glands;FALSE;FALSE;FALSE;FALSE;FALSE;;0;FALSE
736;07.00;;Exploration of adrenal field, not otherwise specified;FALSE;FALSE;FALSE;FALSE;FALSE;;0;FALSE
737;07.01;;Unilateral exploration of adrenal field;FALSE;FALSE;FALSE;FALSE;FALSE;;0;FALSE
738;07.02;;Bilateral exploration of adrenal field;FALSE;FALSE;FALSE;FALSE;FALSE;;0;FALSE
739;07.11;;Closed [percutaneous] [needle] biopsy of adrenal gland;FALSE;FALSE;FALSE;FALSE;FALSE;;0;FALSE
740;07.12;;Open biopsy of adrenal gland;FALSE;FALSE;FALSE;FALSE;FALSE;;0;FALSE
741;07.13;;Biopsy of pituitary gland, transfrontal approach;FALSE;FALSE;FALSE;FALSE;FALSE;;0;FALSE
742;07.14;;Biopsy of pituitary gland, transsphenoidal approach;FALSE;FALSE;FALSE;FALSE;FALSE;;0;FALSE
743;07.15;;Biopsy of pituitary gland, unspecified approach;FALSE;FALSE;FALSE;FALSE;FALSE;;0;FALSE
744;07.16;;Biopsy of thymus;FALSE;FALSE;FALSE;FALSE;FALSE;;0;FALSE
745;07.17;;Biopsy of pineal gland;FALSE;FALSE;FALSE;FALSE;FALSE;;0;FALSE
746;07.19;;Other diagnostic procedures on adrenal glands, pituitary gland, pineal gland, and thymus;FALSE;FALSE;FALSE;FALSE;FALSE;;0;FALSE
747;07.21;;Excision of lesion of adrenal gland;FALSE;FALSE;FALSE;FALSE;FALSE;;0;FALSE
748;07.22;;Unilateral adrenalectomy;FALSE;FALSE;FALSE;FALSE;FALSE;;0;FALSE
749;07.29;;Other partial adrenalectomy;FALSE;FALSE;FALSE;FALSE;FALSE;;0;FALSE
750;07.3;;Bilateral adrenalectomy;FALSE;FALSE;FALSE;FALSE;FALSE;;0;FALSE
751;07.41;;Incision of adrenal gland;FALSE;FALSE;FALSE;FALSE;FALSE;;0;FALSE
752;07.42;;Division of nerves to adrenal glands;FALSE;FALSE;FALSE;FALSE;FALSE;;0;FALSE
753;07.43;;Ligation of adrenal vessels;FALSE;FALSE;FALSE;FALSE;FALSE;;0;FALSE
754;07.44;;Repair of adrenal gland;FALSE;FALSE;FALSE;FALSE;FALSE;;0;FALSE
755;07.45;;Reimplantation of adrenal tissue;FALSE;FALSE;FALSE;FALSE;FALSE;;0;FALSE
756;07.49;;Other operations on adrenal glands, nerves, and vessels;FALSE;FALSE;FALSE;FALSE;FALSE;;0;FALSE
757;07.51;;Exploration of pineal field;FALSE;FALSE;FALSE;FALSE;FALSE;;0;FALSE
758;07.52;;Incision of pineal gland;FALSE;FALSE;FALSE;FALSE;FALSE;;0;FALSE
759;07.53;;Partial excision of pineal gland;FALSE;FALSE;FALSE;FALSE;FALSE;;0;FALSE
760;07.54;;Total excision of pineal gland;FALSE;FALSE;FALSE;FALSE;FALSE;;0;FALSE
761;07.59;;Other operations on pineal gland;FALSE;FALSE;FALSE;FALSE;FALSE;;0;FALSE
762;07.61;;Partial excision of pituitary gland, transfrontal approach;FALSE;FALSE;FALSE;FALSE;FALSE;;0;FALSE
763;07.62;;Partial excision of pituitary gland, transsphenoidal approach;FALSE;FALSE;FALSE;FALSE;FALSE;;0;FALSE
764;07.63;;Partial excision of pituitary gland, unspecified approach;FALSE;FALSE;FALSE;FALSE;FALSE;;0;FALSE
765;07.64;;Total excision of pituitary gland, transfrontal approach;FALSE;FALSE;FALSE;FALSE;FALSE;;0;FALSE
766;07.65;;Total excision of pituitary gland, transsphenoidal approach;FALSE;FALSE;FALSE;FALSE;FALSE;;0;FALSE
767;07.68;;Total excision of pituitary gland, other specified approach;FALSE;FALSE;FALSE;FALSE;FALSE;;0;FALSE
768;07.69;;Total excision of pituitary gland, unspecified approach;FALSE;FALSE;FALSE;FALSE;FALSE;;0;FALSE
769;07.71;;Exploration of pituitary fossa;FALSE;FALSE;FALSE;FALSE;FALSE;;0;FALSE
770;07.72;;Incision of pituitary gland;FALSE;FALSE;FALSE;FALSE;FALSE;;0;FALSE
771;07.79;;Other operations on hypophysis;FALSE;FALSE;FALSE;FALSE;FALSE;;0;FALSE
772;07.80;;Thymectomy, not otherwise specified;FALSE;FALSE;FALSE;FALSE;FALSE;;0;FALSE
773;07.81;;Partial excision of thymus;FALSE;FALSE;FALSE;FALSE;FALSE;;0;FALSE
774;07.82;;Total excision of thymus;FALSE;FALSE;FALSE;FALSE;FALSE;;0;FALSE
775;07.91;;Exploration of thymus field;FALSE;FALSE;FALSE;FALSE;FALSE;;0;FALSE
776;07.92;;Incision of thymus;FALSE;FALSE;FALSE;FALSE;FALSE;;0;FALSE
777;07.93;;Repair of thymus;FALSE;FALSE;FALSE;FALSE;FALSE;;0;FALSE
778;07.94;;Transplantation of thymus;FALSE;FALSE;FALSE;FALSE;FALSE;;0;FALSE
779;07.99;;Other operations on thymus;FALSE;FALSE;FALSE;FALSE;FALSE;;0;FALSE
780;08.01;;Incision of lid margin;FALSE;FALSE;FALSE;FALSE;FALSE;;0;FALSE
781;08.02;;Severing of blepharorrhaphy;FALSE;FALSE;FALSE;FALSE;FALSE;;0;FALSE
782;08.09;;Other incision of eyelid;FALSE;FALSE;FALSE;FALSE;FALSE;;0;FALSE
783;08.11;;Biopsy of eyelid;FALSE;FALSE;FALSE;FALSE;FALSE;;0;FALSE
784;08.19;;Other diagnostic procedures on eyelid;FALSE;FALSE;FALSE;FALSE;FALSE;;0;FALSE
785;08.20;;Removal of lesion of eyelid, not otherwise specified;FALSE;FALSE;FALSE;FALSE;FALSE;;0;FALSE
786;08.21;;Excision of chalazion;FALSE;FALSE;FALSE;FALSE;FALSE;;0;FALSE
787;08.22;;Excision of other minor lesion of eyelid;FALSE;FALSE;FALSE;FALSE;FALSE;;0;FALSE
788;08.23;;Excision of major lesion of eyelid, partial-thickness;FALSE;FALSE;FALSE;FALSE;FALSE;;0;FALSE
789;08.24;;Excision of major lesion of eyelid, full-thickness;FALSE;FALSE;FALSE;FALSE;FALSE;;0;FALSE
790;08.25;;Destruction of lesion of eyelid;FALSE;FALSE;FALSE;FALSE;FALSE;;0;FALSE
791;08.31;;Repair of blepharoptosis by frontalis muscle technique with suture;FALSE;FALSE;FALSE;FALSE;FALSE;;0;FALSE
792;08.32;;Repair of blepharoptosis by frontalis muscle technique with fascial sling;FALSE;FALSE;FALSE;FALSE;FALSE;;0;FALSE
793;08.33;;Repair of blepharoptosis by resection or advancement of levator muscle or aponeurosis;FALSE;FALSE;FALSE;FALSE;FALSE;;0;FALSE
794;08.34;;Repair of blepharoptosis by other levator muscle techniques;FALSE;FALSE;FALSE;FALSE;FALSE;;0;FALSE
795;08.35;;Repair of blepharoptosis by tarsal technique;FALSE;FALSE;FALSE;FALSE;FALSE;;0;FALSE
796;08.36;;Repair of blepharoptosis by other techniques;FALSE;FALSE;FALSE;FALSE;FALSE;;0;FALSE
797;08.37;;Reduction of overcorrection of ptosis;FALSE;FALSE;FALSE;FALSE;FALSE;;0;FALSE
798;08.38;;Correction of lid retraction;FALSE;FALSE;FALSE;FALSE;FALSE;;0;FALSE
799;08.41;;Repair of entropion or ectropion by thermocauterization;FALSE;FALSE;FALSE;FALSE;FALSE;;0;FALSE
800;08.42;;Repair of entropion or ectropion by suture technique;FALSE;FALSE;FALSE;FALSE;FALSE;;0;FALSE
801;08.43;;Repair of entropion or ectropion with wedge resection;FALSE;FALSE;FALSE;FALSE;FALSE;;0;FALSE
802;08.44;;Repair of entropion or ectropion with lid reconstruction;FALSE;FALSE;FALSE;FALSE;FALSE;;0;FALSE
803;08.49;;Other repair of entropion or ectropion;FALSE;FALSE;FALSE;FALSE;FALSE;;0;FALSE
804;08.51;;Canthotomy;FALSE;FALSE;FALSE;FALSE;FALSE;;0;FALSE
805;08.52;;Blepharorrhaphy;FALSE;FALSE;FALSE;FALSE;FALSE;;0;FALSE
806;08.59;;Other adjustment of lid position;FALSE;FALSE;FALSE;FALSE;FALSE;;0;FALSE
807;08.61;;Reconstruction of eyelid with skin flap or graft;FALSE;FALSE;FALSE;FALSE;FALSE;;0;FALSE
808;08.62;;Reconstruction of eyelid with mucous membrane flap or graft;FALSE;FALSE;FALSE;FALSE;FALSE;;0;FALSE
809;08.63;;Reconstruction of eyelid with hair follicle graft;FALSE;FALSE;FALSE;FALSE;FALSE;;0;FALSE
810;08.64;;Reconstruction of eyelid with tarsoconjunctival flap;FALSE;FALSE;FALSE;FALSE;FALSE;;0;FALSE
811;08.69;;Other reconstruction of eyelid with flaps or grafts;FALSE;FALSE;FALSE;FALSE;FALSE;;0;FALSE
812;08.70;;Reconstruction of eyelid, not otherwise specified;FALSE;FALSE;FALSE;FALSE;FALSE;;0;FALSE
813;08.71;;Reconstruction of eyelid involving lid margin, partial-thickness;FALSE;FALSE;FALSE;FALSE;FALSE;;0;FALSE
814;08.72;;Other reconstruction of eyelid, partial-thickness;FALSE;FALSE;FALSE;FALSE;FALSE;;0;FALSE
815;08.73;;Reconstruction of eyelid involving lid margin, full-thickness;FALSE;FALSE;FALSE;FALSE;FALSE;;0;FALSE
816;08.74;;Other reconstruction of eyelid, full-thickness;FALSE;FALSE;FALSE;FALSE;FALSE;;0;FALSE
817;08.81;;Linear repair of laceration of eyelid or eyebrow;FALSE;FALSE;FALSE;FALSE;FALSE;;0;FALSE
818;08.82;;Repair of laceration involving lid margin, partial-thickness;FALSE;FALSE;FALSE;FALSE;FALSE;;0;FALSE
819;08.83;;Other repair of laceration of eyelid, partial-thickness;FALSE;FALSE;FALSE;FALSE;FALSE;;0;FALSE
820;08.84;;Repair of laceration involving lid margin, full-thickness;FALSE;FALSE;FALSE;FALSE;FALSE;;0;FALSE
821;08.85;;Other repair of laceration of eyelid, full-thickness;FALSE;FALSE;FALSE;FALSE;FALSE;;0;FALSE
822;08.86;;Lower eyelid rhytidectomy;FALSE;FALSE;FALSE;FALSE;FALSE;;0;FALSE
823;08.87;;Upper eyelid rhytidectomy;FALSE;FALSE;FALSE;FALSE;FALSE;;0;FALSE
824;08.89;;Other eyelid repair;FALSE;FALSE;FALSE;FALSE;FALSE;;0;FALSE
825;08.91;;Electrosurgical epilation of eyelid;FALSE;FALSE;FALSE;FALSE;FALSE;;0;FALSE
826;08.92;;Cryosurgical epilation of eyelid;FALSE;FALSE;FALSE;FALSE;FALSE;;0;FALSE
827;08.93;;Other epilation of eyelid;FALSE;FALSE;FALSE;FALSE;FALSE;;0;FALSE
828;08.99;;Other operations on eyelids;FALSE;FALSE;FALSE;FALSE;FALSE;;0;FALSE
829;09.0;;Incision of lacrimal gland;FALSE;FALSE;FALSE;FALSE;FALSE;;0;FALSE
830;09.11;;Biopsy of lacrimal gland;FALSE;FALSE;FALSE;FALSE;FALSE;;0;FALSE
831;09.12;;Biopsy of lacrimal sac;FALSE;FALSE;FALSE;FALSE;FALSE;;0;FALSE
832;09.19;;Other diagnostic procedures on lacrimal system;FALSE;FALSE;FALSE;FALSE;FALSE;;0;FALSE
833;09.20;;Excision of lacrimal gland, not otherwise specified;FALSE;FALSE;FALSE;FALSE;FALSE;;0;FALSE
834;09.21;;Excision of lesion of lacrimal gland;FALSE;FALSE;FALSE;FALSE;FALSE;;0;FALSE
835;09.22;;Other partial dacryoadenectomy;FALSE;FALSE;FALSE;FALSE;FALSE;;0;FALSE
836;09.23;;Total dacryoadenectomy;FALSE;FALSE;FALSE;FALSE;FALSE;;0;FALSE
837;09.3;;Other operations on lacrimal gland;FALSE;FALSE;FALSE;FALSE;FALSE;;0;FALSE
838;09.41;;Probing of lacrimal punctum;FALSE;FALSE;FALSE;FALSE;FALSE;;0;FALSE
839;09.42;;Probing of lacrimal canaliculi;FALSE;FALSE;FALSE;FALSE;FALSE;;0;FALSE
840;09.43;;Probing of nasolacrimal duct;FALSE;FALSE;FALSE;FALSE;FALSE;;0;FALSE
841;09.44;;Intubation of nasolacrimal duct;FALSE;FALSE;FALSE;FALSE;FALSE;;0;FALSE
842;09.49;;Other manipulation of lacrimal passage;FALSE;FALSE;FALSE;FALSE;FALSE;;0;FALSE
843;09.51;;Incision of lacrimal punctum;FALSE;FALSE;FALSE;FALSE;FALSE;;0;FALSE
844;09.52;;Incision of lacrimal canaliculi;FALSE;FALSE;FALSE;FALSE;FALSE;;0;FALSE
845;09.53;;Incision of lacrimal sac;FALSE;FALSE;FALSE;FALSE;FALSE;;0;FALSE
846;09.59;;Other incision of lacrimal passages;FALSE;FALSE;FALSE;FALSE;FALSE;;0;FALSE
847;09.6;;Excision of lacrimal sac and passage;FALSE;FALSE;FALSE;FALSE;FALSE;;0;FALSE
848;09.71;;Correction of everted punctum;FALSE;FALSE;FALSE;FALSE;FALSE;;0;FALSE
849;09.72;;Other repair of punctum;FALSE;FALSE;FALSE;FALSE;FALSE;;0;FALSE
850;09.73;;Repair of canaliculus;FALSE;FALSE;FALSE;FALSE;FALSE;;0;FALSE
851;09.81;;Dacryocystorhinostomy [DCR];FALSE;FALSE;FALSE;FALSE;FALSE;;0;FALSE
852;09.82;;Conjunctivocystorhinostomy;FALSE;FALSE;FALSE;FALSE;FALSE;;0;FALSE
853;09.83;;Conjunctivorhinostomy with insertion of tube or stent;FALSE;FALSE;FALSE;FALSE;FALSE;;0;FALSE
854;09.91;;Obliteration of lacrimal punctum;FALSE;FALSE;FALSE;FALSE;FALSE;;0;FALSE
855;09.99;;Other operations on lacrimal system;FALSE;FALSE;FALSE;FALSE;FALSE;;0;FALSE
856;10.0;;Removal of embedded foreign body from conjunctiva by incision;FALSE;FALSE;FALSE;FALSE;FALSE;;0;FALSE
857;10.1;;Other incision of conjunctiva;FALSE;FALSE;FALSE;FALSE;FALSE;;0;FALSE
858;10.21;;Biopsy of conjunctiva;FALSE;FALSE;FALSE;FALSE;FALSE;;0;FALSE
859;10.29;;Other diagnostic procedures on conjunctiva;FALSE;FALSE;FALSE;FALSE;FALSE;;0;FALSE
860;10.31;;Excision of lesion or tissue of conjunctiva;FALSE;FALSE;FALSE;FALSE;FALSE;;0;FALSE
861;10.32;;Destruction of lesion of conjunctiva;FALSE;FALSE;FALSE;FALSE;FALSE;;0;FALSE
862;10.33;;Other destructive procedures on conjunctiva;FALSE;FALSE;FALSE;FALSE;FALSE;;0;FALSE
863;10.41;;Repair of symblepharon with free graft;FALSE;FALSE;FALSE;FALSE;FALSE;;0;FALSE
864;10.42;;Reconstruction of conjunctival cul-de-sac with free graft;FALSE;FALSE;FALSE;FALSE;FALSE;;0;FALSE
865;10.43;;Other reconstruction of conjunctival cul-de-sac;FALSE;FALSE;FALSE;FALSE;FALSE;;0;FALSE
866;10.44;;Other free graft to conjunctiva;FALSE;FALSE;FALSE;FALSE;FALSE;;0;FALSE
867;10.49;;Other conjunctivoplasty;FALSE;FALSE;FALSE;FALSE;FALSE;;0;FALSE
868;10.5;;Lysis of adhesions of conjunctiva and eyelid;FALSE;FALSE;FALSE;FALSE;FALSE;;0;FALSE
869;10.6;;Repair of laceration of conjunctiva;FALSE;FALSE;FALSE;FALSE;FALSE;;0;FALSE
870;10.91;;Subconjunctival injection;FALSE;FALSE;FALSE;FALSE;FALSE;;0;FALSE
871;10.99;;Other operations on conjunctiva;FALSE;FALSE;FALSE;FALSE;FALSE;;0;FALSE
872;11.0;;Magnetic removal of embedded foreign body from cornea;FALSE;FALSE;FALSE;FALSE;FALSE;;0;FALSE
873;11.1;;Incision of cornea;FALSE;FALSE;FALSE;FALSE;FALSE;;0;FALSE
874;11.21;;Scraping of cornea for smear or culture;FALSE;FALSE;FALSE;FALSE;FALSE;;0;FALSE
875;11.22;;Biopsy of cornea;FALSE;FALSE;FALSE;FALSE;FALSE;;0;FALSE
876;11.29;;Other diagnostic procedures on cornea;FALSE;FALSE;FALSE;FALSE;FALSE;;0;FALSE
877;11.31;;Transposition of pterygium;FALSE;FALSE;FALSE;FALSE;FALSE;;0;FALSE
878;11.32;;Excision of pterygium with corneal graft;FALSE;FALSE;FALSE;FALSE;FALSE;;0;FALSE
879;11.39;;Other excision of pterygium;FALSE;FALSE;FALSE;FALSE;FALSE;;0;FALSE
880;11.41;;Mechanical removal of corneal epithelium;FALSE;FALSE;FALSE;FALSE;FALSE;;0;FALSE
881;11.42;;Thermocauterization of corneal lesion;FALSE;FALSE;FALSE;FALSE;FALSE;;0;FALSE
882;11.43;;Cryotherapy of corneal lesion;FALSE;FALSE;FALSE;FALSE;FALSE;;0;FALSE
883;11.49;;Other removal or destruction of corneal lesion;FALSE;FALSE;FALSE;FALSE;FALSE;;0;FALSE
884;11.51;;Suture of corneal laceration;FALSE;FALSE;FALSE;FALSE;FALSE;;0;FALSE
885;11.52;;Repair of postoperative wound dehiscence of cornea;FALSE;FALSE;FALSE;FALSE;FALSE;;0;FALSE
886;11.53;;Repair of corneal laceration or wound with conjunctival flap;FALSE;FALSE;FALSE;FALSE;FALSE;;0;FALSE
887;11.59;;Other repair of cornea;FALSE;FALSE;FALSE;FALSE;FALSE;;0;FALSE
888;11.60;;Corneal transplant, not otherwise specified;FALSE;FALSE;FALSE;FALSE;FALSE;;0;FALSE
889;11.61;;Lamellar keratoplasty with autograft;FALSE;FALSE;FALSE;FALSE;FALSE;;0;FALSE
890;11.62;;Other lamellar keratoplasty;FALSE;FALSE;FALSE;FALSE;FALSE;;0;FALSE
891;11.63;;Penetrating keratoplasty with autograft;FALSE;FALSE;FALSE;FALSE;FALSE;;0;FALSE
892;11.64;;Other penetrating keratoplasty;FALSE;FALSE;FALSE;FALSE;FALSE;;0;FALSE
893;11.69;;Other corneal transplant;FALSE;FALSE;FALSE;FALSE;FALSE;;0;FALSE
894;11.71;;Keratomeleusis;FALSE;FALSE;FALSE;FALSE;FALSE;;0;FALSE
895;11.72;;Keratophakia;FALSE;FALSE;FALSE;FALSE;FALSE;;0;FALSE
896;11.73;;Keratoprosthesis;FALSE;FALSE;FALSE;FALSE;FALSE;;0;FALSE
897;11.74;;Thermokeratoplasty;FALSE;FALSE;FALSE;FALSE;FALSE;;0;FALSE
898;11.75;;Radial keratotomy;FALSE;FALSE;FALSE;FALSE;FALSE;;0;FALSE
899;11.76;;Epikeratophakia;FALSE;FALSE;FALSE;FALSE;FALSE;;0;FALSE
900;11.79;;Other reconstructive surgery on cornea;FALSE;FALSE;FALSE;FALSE;FALSE;;0;FALSE
901;11.91;;Tattooing of cornea;FALSE;FALSE;FALSE;FALSE;FALSE;;0;FALSE
902;11.92;;Removal of artificial implant from cornea;FALSE;FALSE;FALSE;FALSE;FALSE;;0;FALSE
903;11.99;;Other operations on cornea;FALSE;FALSE;FALSE;FALSE;FALSE;;0;FALSE
904;12.00;;Removal of intraocular foreign body from anterior segment of eye, not otherwise specified;FALSE;FALSE;FALSE;FALSE;FALSE;;0;FALSE
905;12.01;;Removal of intraocular foreign body from anterior segment of eye with use of magnet;FALSE;FALSE;FALSE;FALSE;FALSE;;0;FALSE
906;12.02;;Removal of intraocular foreign body from anterior segment of eye without use of magnet;FALSE;FALSE;FALSE;FALSE;FALSE;;0;FALSE
907;12.11;;Iridotomy with transfixion;FALSE;FALSE;FALSE;FALSE;FALSE;;0;FALSE
908;12.12;;Other iridotomy;FALSE;FALSE;FALSE;FALSE;FALSE;;0;FALSE
909;12.13;;Excision of prolapsed iris;FALSE;FALSE;FALSE;FALSE;FALSE;;0;FALSE
910;12.14;;Other iridectomy;FALSE;FALSE;FALSE;FALSE;FALSE;;0;FALSE
911;12.21;;Diagnostic aspiration of anterior chamber of eye;FALSE;FALSE;FALSE;FALSE;FALSE;;0;FALSE
912;12.22;;Biopsy of iris;FALSE;FALSE;FALSE;FALSE;FALSE;;0;FALSE
913;12.29;;Other diagnostic procedures on iris, ciliary body, sclera, and anterior chamber;FALSE;FALSE;FALSE;FALSE;FALSE;;0;FALSE
914;12.31;;Lysis of goniosynechiae;FALSE;FALSE;FALSE;FALSE;FALSE;;0;FALSE
915;12.32;;Lysis of other anterior synechiae;FALSE;FALSE;FALSE;FALSE;FALSE;;0;FALSE
916;12.33;;Lysis of posterior synechiae;FALSE;FALSE;FALSE;FALSE;FALSE;;0;FALSE
917;12.34;;Lysis of corneovitreal adhesions;FALSE;FALSE;FALSE;FALSE;FALSE;;0;FALSE
918;12.35;;Coreoplasty;FALSE;FALSE;FALSE;FALSE;FALSE;;0;FALSE
919;12.39;;Other iridoplasty;FALSE;FALSE;FALSE;FALSE;FALSE;;0;FALSE
920;12.40;;Removal of lesion of anterior segment of eye, not otherwise specified;FALSE;FALSE;FALSE;FALSE;FALSE;;0;FALSE
921;12.41;;Destruction of lesion of iris, nonexcisional;FALSE;FALSE;FALSE;FALSE;FALSE;;0;FALSE
922;12.42;;Excision of lesion of iris;FALSE;FALSE;FALSE;FALSE;FALSE;;0;FALSE
923;12.43;;Destruction of lesion of ciliary body, nonexcisional;FALSE;FALSE;FALSE;FALSE;FALSE;;0;FALSE
924;12.44;;Excision of lesion of ciliary body;FALSE;FALSE;FALSE;FALSE;FALSE;;0;FALSE
925;12.51;;Goniopuncture without goniotomy;FALSE;FALSE;FALSE;FALSE;FALSE;;0;FALSE
926;12.52;;Goniotomy without goniopuncture;FALSE;FALSE;FALSE;FALSE;FALSE;;0;FALSE
927;12.53;;Goniotomy with goniopuncture;FALSE;FALSE;FALSE;FALSE;FALSE;;0;FALSE
928;12.54;;Trabeculotomy ab externo;FALSE;FALSE;FALSE;FALSE;FALSE;;0;FALSE
929;12.55;;Cyclodialysis;FALSE;FALSE;FALSE;FALSE;FALSE;;0;FALSE
930;12.59;;Other facilitation of intraocular circulation;FALSE;FALSE;FALSE;FALSE;FALSE;;0;FALSE
931;12.61;;Trephination of sclera with iridectomy;FALSE;FALSE;FALSE;FALSE;FALSE;;0;FALSE
932;12.62;;Thermocauterization of sclera with iridectomy;FALSE;FALSE;FALSE;FALSE;FALSE;;0;FALSE
933;12.63;;Iridencleisis and iridotasis;FALSE;FALSE;FALSE;FALSE;FALSE;;0;FALSE
934;12.64;;Trabeculectomy ab externo;FALSE;FALSE;FALSE;FALSE;FALSE;;0;FALSE
935;12.65;;Other scleral fistulization with iridectomy;FALSE;FALSE;FALSE;FALSE;FALSE;;0;FALSE
936;12.66;;Postoperative revision of scleral fistulization procedure;FALSE;FALSE;FALSE;FALSE;FALSE;;0;FALSE
937;12.69;;Other scleral fistulizing procedure;FALSE;FALSE;FALSE;FALSE;FALSE;;0;FALSE
938;12.71;;Cyclodiathermy;FALSE;FALSE;FALSE;FALSE;FALSE;;0;FALSE
939;12.72;;Cyclocryotherapy;FALSE;FALSE;FALSE;FALSE;FALSE;;0;FALSE
940;12.73;;Cyclophotocoagulation;FALSE;FALSE;FALSE;FALSE;FALSE;;0;FALSE
941;12.74;;Diminution of ciliary body, not otherwise specified;FALSE;FALSE;FALSE;FALSE;FALSE;;0;FALSE
942;12.79;;Other glaucoma procedures;FALSE;FALSE;FALSE;FALSE;FALSE;;0;FALSE
943;12.81;;Suture of laceration of sclera;FALSE;FALSE;FALSE;FALSE;FALSE;;0;FALSE
944;12.82;;Repair of scleral fistula;FALSE;FALSE;FALSE;FALSE;FALSE;;0;FALSE
945;12.83;;Revision of operative wound of anterior segment, not elsewhere classified;FALSE;FALSE;FALSE;FALSE;FALSE;;0;FALSE
946;12.84;;Excision or destruction of lesion of sclera;FALSE;FALSE;FALSE;FALSE;FALSE;;0;FALSE
947;12.85;;Repair of scleral staphyloma with graft;FALSE;FALSE;FALSE;FALSE;FALSE;;0;FALSE
948;12.86;;Other repair of scleral staphyloma;FALSE;FALSE;FALSE;FALSE;FALSE;;0;FALSE
949;12.87;;Scleral reinforcement with graft;FALSE;FALSE;FALSE;FALSE;FALSE;;0;FALSE
950;12.88;;Other scleral reinforcement;FALSE;FALSE;FALSE;FALSE;FALSE;;0;FALSE
951;12.89;;Other operations on sclera;FALSE;FALSE;FALSE;FALSE;FALSE;;0;FALSE
952;12.91;;Therapeutic evacuation of anterior chamber;FALSE;FALSE;FALSE;FALSE;FALSE;;0;FALSE
953;12.92;;Injection into anterior chamber;FALSE;FALSE;FALSE;FALSE;FALSE;;0;FALSE
954;12.93;;Removal or destruction of epithelial downgrowth from anterior chamber;FALSE;FALSE;FALSE;FALSE;FALSE;;0;FALSE
955;12.97;;Other operations on iris;FALSE;FALSE;FALSE;FALSE;FALSE;;0;FALSE
956;12.98;;Other operations on ciliary body;FALSE;FALSE;FALSE;FALSE;FALSE;;0;FALSE
957;12.99;;Other operations on anterior chamber;FALSE;FALSE;FALSE;FALSE;FALSE;;0;FALSE
958;13.00;;Removal of foreign body from lens, not otherwise specified;FALSE;FALSE;FALSE;FALSE;FALSE;;0;FALSE
959;13.01;;Removal of foreign body from lens with use of magnet;FALSE;FALSE;FALSE;FALSE;FALSE;;0;FALSE
960;13.02;;Removal of foreign body from lens without use of magnet;FALSE;FALSE;FALSE;FALSE;FALSE;;0;FALSE
961;13.11;;Intracapsular extraction of lens by temporal inferior route;FALSE;FALSE;FALSE;FALSE;FALSE;;0;FALSE
962;13.19;;Other intracapsular extraction of lens;FALSE;FALSE;FALSE;FALSE;FALSE;;0;FALSE
963;13.2;;Extracapsular extraction of lens by linear extraction technique;FALSE;FALSE;FALSE;FALSE;FALSE;;0;FALSE
964;13.3;;Extracapsular extraction of lens by simple aspiration (and irrigation) technique;FALSE;FALSE;FALSE;FALSE;FALSE;;0;FALSE
965;13.41;;Phacoemulsification and aspiration of cataract;FALSE;FALSE;FALSE;FALSE;FALSE;;0;FALSE
966;13.42;;Mechanical phacofragmentation and aspiration of cataract by posterior route;FALSE;FALSE;FALSE;FALSE;FALSE;;0;FALSE
967;13.43;;Mechanical phacofragmentation and other aspiration of cataract;FALSE;FALSE;FALSE;FALSE;FALSE;;0;FALSE
968;13.51;;Extracapsular extraction of lens by temporal inferior route;FALSE;FALSE;FALSE;FALSE;FALSE;;0;FALSE
969;13.59;;Other extracapsular extraction of lens;FALSE;FALSE;FALSE;FALSE;FALSE;;0;FALSE
970;13.64;;Discission of secondary membrane [after cataract];FALSE;FALSE;FALSE;FALSE;FALSE;;0;FALSE
971;13.65;;Excision of secondary membrane [after cataract] Capsulectomy;FALSE;FALSE;FALSE;FALSE;FALSE;;0;FALSE
972;13.66;;Mechanical fragmentation of secondary membrane [after cataract];FALSE;FALSE;FALSE;FALSE;FALSE;;0;FALSE
973;13.69;;Other cataract extraction;FALSE;FALSE;FALSE;FALSE;FALSE;;0;FALSE
974;13.70;;Insertion of pseudophakos, not otherwise specified;FALSE;FALSE;FALSE;FALSE;FALSE;;0;FALSE
975;13.71;;Insertion of intraocular lens prosthesis at time of cataract extraction, one-stage;FALSE;FALSE;FALSE;FALSE;FALSE;;0;FALSE
976;13.72;;Secondary insertion of intraocular lens prosthesis;FALSE;FALSE;FALSE;FALSE;FALSE;;0;FALSE
977;13.8;;Removal of implanted lens;FALSE;FALSE;FALSE;FALSE;FALSE;;0;FALSE
978;13.9;;Other operations on lens;FALSE;FALSE;FALSE;FALSE;FALSE;;0;FALSE
979;14.00;;Removal of foreign body from posterior segment of eye, not otherwise specified;FALSE;FALSE;FALSE;FALSE;FALSE;;0;FALSE
980;14.01;;Removal of foreign body from posterior segment of eye with use of magnet;FALSE;FALSE;FALSE;FALSE;FALSE;;0;FALSE
981;14.02;;Removal of foreign body from posterior segment of eye without use of magnet;FALSE;FALSE;FALSE;FALSE;FALSE;;0;FALSE
982;14.11;;Diagnostic aspiration of vitreous;FALSE;FALSE;FALSE;FALSE;FALSE;;0;FALSE
983;14.19;;Other diagnostic procedures on retina, choroid, vitreous, and posterior chamber;FALSE;FALSE;FALSE;FALSE;FALSE;;0;FALSE
984;14.21;;Destruction of chorioretinal lesion by diathermy;FALSE;FALSE;FALSE;FALSE;FALSE;;0;FALSE
985;14.22;;Destruction of chorioretinal lesion by cryotherapy;FALSE;FALSE;FALSE;FALSE;FALSE;;0;FALSE
986;14.23;;Destruction of chorioretinal lesion by xenon arc photocoagulation;FALSE;FALSE;FALSE;FALSE;FALSE;;0;FALSE
987;14.24;;Destruction of chorioretinal lesion by laser photocoagulation;FALSE;FALSE;FALSE;FALSE;FALSE;;0;FALSE
988;14.25;;Destruction of chorioretinal lesion by photocoagulation of unspecified type;FALSE;FALSE;FALSE;FALSE;FALSE;;0;FALSE
989;14.26;;Destruction of chorioretinal lesion by radiation therapy;FALSE;FALSE;FALSE;FALSE;FALSE;;0;FALSE
990;14.27;;Destruction of chorioretinal lesion by implantation of radiation source;FALSE;FALSE;FALSE;FALSE;FALSE;;0;FALSE
991;14.29;;Other destruction of chorioretinal lesion;FALSE;FALSE;FALSE;FALSE;FALSE;;0;FALSE
992;14.31;;Repair of retinal tear by diathermy;FALSE;FALSE;FALSE;FALSE;FALSE;;0;FALSE
993;14.32;;Repair of retinal tear by cryotherapy;FALSE;FALSE;FALSE;FALSE;FALSE;;0;FALSE
994;14.33;;Repair of retinal tear by xenon arc photocoagulation;FALSE;FALSE;FALSE;FALSE;FALSE;;0;FALSE
995;14.34;;Repair of retinal tear by laser photocoagulation;FALSE;FALSE;FALSE;FALSE;FALSE;;0;FALSE
996;14.35;;Repair of retinal tear by photocoagulation of unspecified type;FALSE;FALSE;FALSE;FALSE;FALSE;;0;FALSE
997;14.39;;Other repair of retinal tear;FALSE;FALSE;FALSE;FALSE;FALSE;;0;FALSE
998;14.41;;Scleral buckling with implant;FALSE;FALSE;FALSE;FALSE;FALSE;;0;FALSE
999;14.49;;Other scleral buckling;FALSE;FALSE;FALSE;FALSE;FALSE;;0;FALSE
1000;14.51;;Repair of retinal detachment with diathermy;FALSE;FALSE;FALSE;FALSE;FALSE;;0;FALSE
1001;14.52;;Repair of retinal detachment with cryotherapy;FALSE;FALSE;FALSE;FALSE;FALSE;;0;FALSE
1002;14.53;;Repair of retinal detachment with xenon arc photocoagulation;FALSE;FALSE;FALSE;FALSE;FALSE;;0;FALSE
1003;14.54;;Repair of retinal detachment with laser photocoagulation;FALSE;FALSE;FALSE;FALSE;FALSE;;0;FALSE
1004;14.55;;Repair of retinal detachment with photocoagulation of unspecified type;FALSE;FALSE;FALSE;FALSE;FALSE;;0;FALSE
1005;14.59;;Other repair of retinal detachment;FALSE;FALSE;FALSE;FALSE;FALSE;;0;FALSE
1006;14.6;;Removal of surgically implanted material from posterior segment of eye;FALSE;FALSE;FALSE;FALSE;FALSE;;0;FALSE
1007;14.71;;Removal of vitreous, anterior approach;FALSE;FALSE;FALSE;FALSE;FALSE;;0;FALSE
1008;14.72;;Other removal of vitreous;FALSE;FALSE;FALSE;FALSE;FALSE;;0;FALSE
1009;14.73;;Mechanical vitrectomy by anterior approach;FALSE;FALSE;FALSE;FALSE;FALSE;;0;FALSE
1010;14.74;;Other mechanical vitrectomy;FALSE;FALSE;FALSE;FALSE;FALSE;;0;FALSE
1011;14.75;;Injection of vitreous substitute;FALSE;FALSE;FALSE;FALSE;FALSE;;0;FALSE
1012;14.79;;Other operations on vitreous;FALSE;FALSE;FALSE;FALSE;FALSE;;0;FALSE
1013;14.9;;Other operations on retina, choroid, and posterior chamber;FALSE;FALSE;FALSE;FALSE;FALSE;;0;FALSE
1014;15.01;;Biopsy of extraocular muscle or tendon;FALSE;FALSE;FALSE;FALSE;FALSE;;0;FALSE
1015;15.09;;Other diagnostic procedures on extraocular muscles and tendons;FALSE;FALSE;FALSE;FALSE;FALSE;;0;FALSE
1016;15.11;;Recession of one extraocular muscle;FALSE;FALSE;FALSE;FALSE;FALSE;;0;FALSE
1017;15.12;;Advancement of one extraocular muscle;FALSE;FALSE;FALSE;FALSE;FALSE;;0;FALSE
1018;15.13;;Resection of one extraocular muscle;FALSE;FALSE;FALSE;FALSE;FALSE;;0;FALSE
1019;15.19;;Other operations on one extraocular muscle involving temporary detachment from globe;FALSE;FALSE;FALSE;FALSE;FALSE;;0;FALSE
1020;15.21;;Lengthening procedure on one extraocular muscle;FALSE;FALSE;FALSE;FALSE;FALSE;;0;FALSE
1021;15.22;;Shortening procedure on one extraocular muscle;FALSE;FALSE;FALSE;FALSE;FALSE;;0;FALSE
1022;15.29;;Other operations on one extraocular muscle;FALSE;FALSE;FALSE;FALSE;FALSE;;0;FALSE
1023;15.3;;Operations on two or more extraocular muscles involving temporary detachment from globe, one or both eyes;FALSE;FALSE;FALSE;FALSE;FALSE;;0;FALSE
1024;15.4;;Other operations on two or more extraocular muscles, one or both eyes;FALSE;FALSE;FALSE;FALSE;FALSE;;0;FALSE
1025;15.5;;Transposition of extraocular muscles;FALSE;FALSE;FALSE;FALSE;FALSE;;0;FALSE
1026;15.6;;Revision of extraocular muscle surgery;FALSE;FALSE;FALSE;FALSE;FALSE;;0;FALSE
1027;15.7;;Repair of injury of extraocular muscle;FALSE;FALSE;FALSE;FALSE;FALSE;;0;FALSE
1028;15.9;;Other operations on extraocular muscles and tendons;FALSE;FALSE;FALSE;FALSE;FALSE;;0;FALSE
1029;16.01;;Orbitotomy with bone flap;FALSE;FALSE;FALSE;FALSE;FALSE;;0;FALSE
1030;16.02;;Orbitotomy with insertion of orbital implant;FALSE;FALSE;FALSE;FALSE;FALSE;;0;FALSE
1031;16.09;;Other orbitotomy;FALSE;FALSE;FALSE;FALSE;FALSE;;0;FALSE
1032;16.1;;Removal of penetrating foreign body from eye, not otherwise specified;FALSE;FALSE;FALSE;FALSE;FALSE;;0;FALSE
1033;16.21;;Ophthalmoscopy;FALSE;FALSE;FALSE;FALSE;FALSE;;0;FALSE
1034;16.22;;Diagnostic aspiration of orbit;FALSE;FALSE;FALSE;FALSE;FALSE;;0;FALSE
1035;16.23;;Biopsy of eyeball and orbit;FALSE;FALSE;FALSE;FALSE;FALSE;;0;FALSE
1036;16.29;;Other diagnostic procedures on orbit and eyeball;FALSE;FALSE;FALSE;FALSE;FALSE;;0;FALSE
1037;16.31;;Removal of ocular contents with synchronous implant into scleral shell;FALSE;FALSE;FALSE;FALSE;FALSE;;0;FALSE
1038;16.39;;Other evisceration of eyeball;FALSE;FALSE;FALSE;FALSE;FALSE;;0;FALSE
1039;16.41;;Enucleation of eyeball with synchronous implant into Tenons capsule with attachment of muscles;FALSE;FALSE;FALSE;FALSE;FALSE;;0;FALSE
1040;16.42;;Enucleation of eyeball with other synchronous implant;FALSE;FALSE;FALSE;FALSE;FALSE;;0;FALSE
1041;16.49;;Other enucleation of eyeball;FALSE;FALSE;FALSE;FALSE;FALSE;;0;FALSE
1042;16.51;;Exenteration of orbit with removal of adjacent structures;FALSE;FALSE;FALSE;FALSE;FALSE;;0;FALSE
1043;16.52;;Exenteration of orbit with therapeutic removal of orbital bone;FALSE;FALSE;FALSE;FALSE;FALSE;;0;FALSE
1044;16.59;;Other exenteration of orbit;FALSE;FALSE;FALSE;FALSE;FALSE;;0;FALSE
1045;16.61;;Secondary insertion of ocular implant;FALSE;FALSE;FALSE;FALSE;FALSE;;0;FALSE
1046;16.62;;Revision and reinsertion of ocular implant;FALSE;FALSE;FALSE;FALSE;FALSE;;0;FALSE
1047;16.63;;Revision of enucleation socket with graft;FALSE;FALSE;FALSE;FALSE;FALSE;;0;FALSE
1048;16.64;;Other revision of enucleation socket;FALSE;FALSE;FALSE;FALSE;FALSE;;0;FALSE
1049;16.65;;Secondary graft to exenteration cavity;FALSE;FALSE;FALSE;FALSE;FALSE;;0;FALSE
1050;16.66;;Other revision of exenteration cavity;FALSE;FALSE;FALSE;FALSE;FALSE;;0;FALSE
1051;16.69;;Other secondary procedures after removal of eyeball;FALSE;FALSE;FALSE;FALSE;FALSE;;0;FALSE
1052;16.71;;Removal of ocular implant;FALSE;FALSE;FALSE;FALSE;FALSE;;0;FALSE
1053;16.72;;Removal of orbital implant;FALSE;FALSE;FALSE;FALSE;FALSE;;0;FALSE
1054;16.81;;Repair of wound of orbit;FALSE;FALSE;FALSE;FALSE;FALSE;;0;FALSE
1055;16.82;;Repair of rupture of eyeball;FALSE;FALSE;FALSE;FALSE;FALSE;;0;FALSE
1056;16.89;;Other repair of injury of eyeball or orbit;FALSE;FALSE;FALSE;FALSE;FALSE;;0;FALSE
1057;16.91;;Retrobulbar injection of therapeutic agent;FALSE;FALSE;FALSE;FALSE;FALSE;;0;FALSE
1058;16.92;;Excision of lesion of orbit;FALSE;FALSE;FALSE;FALSE;FALSE;;0;FALSE
1059;16.93;;Excision of lesion of eye, unspecified structure;FALSE;FALSE;FALSE;FALSE;FALSE;;0;FALSE
1060;16.98;;Other operations on orbit;FALSE;FALSE;FALSE;FALSE;FALSE;;0;FALSE
1061;16.99;;Other operations on eyeball;FALSE;FALSE;FALSE;FALSE;FALSE;;0;FALSE
1062;18.01;;Piercing of ear lobe;FALSE;FALSE;FALSE;FALSE;FALSE;;0;FALSE
1063;18.02;;Incision of external auditory canal;FALSE;FALSE;FALSE;FALSE;FALSE;;0;FALSE
1064;18.09;;Other incision of external ear;FALSE;FALSE;FALSE;FALSE;FALSE;;0;FALSE
1065;18.11;;Otoscopy;FALSE;FALSE;FALSE;FALSE;FALSE;;0;FALSE
1066;18.12;;Biopsy of external ear;FALSE;FALSE;FALSE;FALSE;FALSE;;0;FALSE
1067;18.19;;Other diagnostic procedures on external ear;FALSE;FALSE;FALSE;FALSE;FALSE;;0;FALSE
1068;18.21;;Excision of preauricular sinus;FALSE;FALSE;FALSE;FALSE;FALSE;;0;FALSE
1069;18.29;;Excision or destruction of other lesion of external ear;FALSE;FALSE;FALSE;FALSE;FALSE;;0;FALSE
1070;18.31;;Radical excision of lesion of external ear;FALSE;FALSE;FALSE;FALSE;FALSE;;0;FALSE
1071;18.39;;Other excision of external ear;FALSE;FALSE;FALSE;FALSE;FALSE;;0;FALSE
1072;18.4;;Suture of laceration of external ear;FALSE;FALSE;FALSE;FALSE;FALSE;;0;FALSE
1073;18.5;;Surgical correction of prominent ear;FALSE;FALSE;FALSE;FALSE;FALSE;;0;FALSE
1074;18.6;;Reconstruction of external auditory canal;FALSE;FALSE;FALSE;FALSE;FALSE;;0;FALSE
1075;18.71;;Construction of auricle of ear;FALSE;FALSE;FALSE;FALSE;FALSE;;0;FALSE
1076;18.72;;Reattachment of amputated ear;FALSE;FALSE;FALSE;FALSE;FALSE;;0;FALSE
1077;18.79;;Other plastic repair of external ear;FALSE;FALSE;FALSE;FALSE;FALSE;;0;FALSE
1078;18.9;;Other operations on external ear;FALSE;FALSE;FALSE;FALSE;FALSE;;0;FALSE
1079;19.0;;Stapes mobilization;FALSE;FALSE;FALSE;FALSE;FALSE;;0;FALSE
1080;19.11;;Stapedectomy with incus replacement;FALSE;FALSE;FALSE;FALSE;FALSE;;0;FALSE
1081;19.19;;Other stapedectomy;FALSE;FALSE;FALSE;FALSE;FALSE;;0;FALSE
1082;19.21;;Revision of stapedectomy with incus replacement;FALSE;FALSE;FALSE;FALSE;FALSE;;0;FALSE
1083;19.29;;Other revision of stapedectomy;FALSE;FALSE;FALSE;FALSE;FALSE;;0;FALSE
1084;19.3;;Other operations on ossicular chain;FALSE;FALSE;FALSE;FALSE;FALSE;;0;FALSE
1085;19.4;;Myringoplasty;FALSE;FALSE;FALSE;FALSE;FALSE;;0;FALSE
1086;19.52;;Type II tympanoplasty;FALSE;FALSE;FALSE;FALSE;FALSE;;0;FALSE
1087;19.53;;Type III tympanoplasty;FALSE;FALSE;FALSE;FALSE;FALSE;;0;FALSE
1088;19.54;;Type IV tympanoplasty;FALSE;FALSE;FALSE;FALSE;FALSE;;0;FALSE
1089;19.55;;Type V tympanoplasty;FALSE;FALSE;FALSE;FALSE;FALSE;;0;FALSE
1090;19.6;;Revision of tympanoplasty;FALSE;FALSE;FALSE;FALSE;FALSE;;0;FALSE
1091;19.9;;Other repair of middle ear;FALSE;FALSE;FALSE;FALSE;FALSE;;0;FALSE
1092;20.01;;Myringotomy with insertion of tube;FALSE;FALSE;FALSE;FALSE;FALSE;;0;FALSE
1093;20.09;;Other myringotomy;FALSE;FALSE;FALSE;FALSE;FALSE;;0;FALSE
1094;20.1;;Removal of tympanostomy tube;FALSE;FALSE;FALSE;FALSE;FALSE;;0;FALSE
1095;20.21;;Incision of mastoid;FALSE;FALSE;FALSE;FALSE;FALSE;;0;FALSE
1096;20.22;;Incision of petrous pyramid air cells;FALSE;FALSE;FALSE;FALSE;FALSE;;0;FALSE
1097;20.23;;Incision of middle ear;FALSE;FALSE;FALSE;FALSE;FALSE;;0;FALSE
1098;20.31;;Electrocochleography;FALSE;FALSE;FALSE;FALSE;FALSE;;0;FALSE
1099;20.32;;Biopsy of middle and inner ear;FALSE;FALSE;FALSE;FALSE;FALSE;;0;FALSE
1100;20.39;;Other diagnostic procedures on middle and inner ear;FALSE;FALSE;FALSE;FALSE;FALSE;;0;FALSE
1101;20.41;;Simple mastoidectomy;FALSE;FALSE;FALSE;FALSE;FALSE;;0;FALSE
1102;20.42;;Radical mastoidectomy;FALSE;FALSE;FALSE;FALSE;FALSE;;0;FALSE
1103;20.49;;Other mastoidectomy;FALSE;FALSE;FALSE;FALSE;FALSE;;0;FALSE
1104;20.51;;Excision of lesion of middle ear;FALSE;FALSE;FALSE;FALSE;FALSE;;0;FALSE
1105;20.59;;Other excision of middle ear;FALSE;FALSE;FALSE;FALSE;FALSE;;0;FALSE
1106;20.61;;Fenestration of inner ear (initial);FALSE;FALSE;FALSE;FALSE;FALSE;;0;FALSE
1107;20.62;;Revision of fenestration of inner ear;FALSE;FALSE;FALSE;FALSE;FALSE;;0;FALSE
1108;20.71;;Endolymphatic shunt;FALSE;FALSE;FALSE;FALSE;FALSE;;0;FALSE
1109;20.72;;Injection into inner ear;FALSE;FALSE;FALSE;FALSE;FALSE;;0;FALSE
1110;20.79;;Other incision, excision, and destruction of inner ear;FALSE;FALSE;FALSE;FALSE;FALSE;;0;FALSE
1111;20.8;;Operations on Eustachian tube;FALSE;FALSE;FALSE;FALSE;FALSE;;0;FALSE
1112;20.91;;Tympanosympathectomy;FALSE;FALSE;FALSE;FALSE;FALSE;;0;FALSE
1113;20.92;;Revision of mastoidectomy;FALSE;FALSE;FALSE;FALSE;FALSE;;0;FALSE
1114;20.93;;Repair of oval and round windows;FALSE;FALSE;FALSE;FALSE;FALSE;;0;FALSE
1115;20.94;;Injection of tympanum;FALSE;FALSE;FALSE;FALSE;FALSE;;0;FALSE
1116;20.95;;Implantation of electromagnetic hearing device;FALSE;FALSE;FALSE;FALSE;FALSE;;0;FALSE
1117;20.96;;Implantation or replacement of cochlear prosthetic device, not otherwise specified;FALSE;FALSE;FALSE;FALSE;FALSE;;0;FALSE
1118;20.97;;Implantation or replacement of cochlear prosthetic device, single channel;FALSE;FALSE;FALSE;FALSE;FALSE;;0;FALSE
1119;20.98;;Implantation or replacement of cochlear prosthetic device, multiple channel;FALSE;FALSE;FALSE;FALSE;FALSE;;0;FALSE
1120;20.99;;Other operations on middle and inner ear;FALSE;FALSE;FALSE;FALSE;FALSE;;0;FALSE
1121;21.00;;Control of epistaxis, not otherwise specified;FALSE;FALSE;FALSE;FALSE;FALSE;;0;FALSE
1122;21.01;;Control of epistaxis by anterior nasal packing;FALSE;FALSE;FALSE;FALSE;FALSE;;0;FALSE
1123;21.02;;Control of epistaxis by posterior (and anterior) packing;FALSE;FALSE;FALSE;FALSE;FALSE;;0;FALSE
1124;21.03;;Control of epistaxis by cauterization (and packing);FALSE;FALSE;FALSE;FALSE;FALSE;;0;FALSE
1125;21.04;;Control of epistaxis by ligation of ethmoidal arteries;FALSE;FALSE;FALSE;FALSE;FALSE;;0;FALSE
1126;21.05;;Control of epistaxis by (transantral) ligation of the maxillary artery;FALSE;FALSE;FALSE;FALSE;FALSE;;0;FALSE
1127;21.06;;Control of epistaxis by ligation of the external carotid artery;FALSE;FALSE;FALSE;FALSE;FALSE;;0;FALSE
1128;21.07;;Control of epistaxis by excision of nasal mucosa and skin grafting of septum and lateral nasal wall;FALSE;FALSE;FALSE;FALSE;FALSE;;0;FALSE
1129;21.09;;Control of epistaxis by other means;FALSE;FALSE;FALSE;FALSE;FALSE;;0;FALSE
1130;21.1;;Incision of nose;FALSE;FALSE;FALSE;FALSE;FALSE;;0;FALSE
1131;21.21;;Rhinoscopy;FALSE;FALSE;FALSE;FALSE;FALSE;;0;FALSE
1132;21.22;;Biopsy of nose;FALSE;FALSE;FALSE;FALSE;FALSE;;0;FALSE
1133;21.29;;Other diagnostic procedures on nose;FALSE;FALSE;FALSE;FALSE;FALSE;;0;FALSE
1134;21.30;;Excision or destruction of lesion of nose, not otherwise specified;FALSE;FALSE;FALSE;FALSE;FALSE;;0;FALSE
1135;21.31;;Local excision or destruction of intranasal lesion;FALSE;FALSE;FALSE;FALSE;FALSE;;0;FALSE
1136;21.32;;Local excision or destruction of other lesion of nose;FALSE;FALSE;FALSE;FALSE;FALSE;;0;FALSE
1137;21.4;;Resection of nose;FALSE;FALSE;FALSE;FALSE;FALSE;;0;FALSE
1138;21.5;;Submucous resection of nasal septum;FALSE;FALSE;FALSE;FALSE;FALSE;;0;FALSE
1139;21.61;;Turbinectomy by diathermy or cryosurgery;FALSE;FALSE;FALSE;FALSE;FALSE;;0;FALSE
1140;21.62;;Fracture of the turbinates;FALSE;FALSE;FALSE;FALSE;FALSE;;0;FALSE
1141;21.69;;Other turbinectomy;FALSE;FALSE;FALSE;FALSE;FALSE;;0;FALSE
1142;21.71;;Closed reduction of nasal fracture;FALSE;FALSE;FALSE;FALSE;FALSE;;0;FALSE
1143;21.72;;Open reduction of nasal fracture;FALSE;FALSE;FALSE;FALSE;FALSE;;0;FALSE
1144;21.81;;Suture of laceration of nose;FALSE;FALSE;FALSE;FALSE;FALSE;;0;FALSE
1145;21.82;;Closure of nasal fistula;FALSE;FALSE;FALSE;FALSE;FALSE;;0;FALSE
1146;21.83;;Total nasal reconstruction;FALSE;FALSE;FALSE;FALSE;FALSE;;0;FALSE
1147;21.84;;Revision rhinoplasty;FALSE;FALSE;FALSE;FALSE;FALSE;;0;FALSE
1148;21.85;;Augmentation rhinoplasty;FALSE;FALSE;FALSE;FALSE;FALSE;;0;FALSE
1149;21.86;;Limited rhinoplasty;FALSE;FALSE;FALSE;FALSE;FALSE;;0;FALSE
1150;21.87;;Other rhinoplasty;FALSE;FALSE;FALSE;FALSE;FALSE;;0;FALSE
1151;21.88;;Other septoplasty;FALSE;FALSE;FALSE;FALSE;FALSE;;0;FALSE
1152;21.89;;Other repair and plastic operations on nose;FALSE;FALSE;FALSE;FALSE;FALSE;;0;FALSE
1153;21.91;;Lysis of adhesions of nose;FALSE;FALSE;FALSE;FALSE;FALSE;;0;FALSE
1154;21.99;;Other operations on nose;FALSE;FALSE;FALSE;FALSE;FALSE;;0;FALSE
1155;22.00;;Aspiration and lavage of nasal sinus, not otherwise specified;FALSE;FALSE;FALSE;FALSE;FALSE;;0;FALSE
1156;22.01;;Puncture of nasal sinus for aspiration or lavage;FALSE;FALSE;FALSE;FALSE;FALSE;;0;FALSE
1157;22.02;;Aspiration or lavage of nasal sinus through natural ostium;FALSE;FALSE;FALSE;FALSE;FALSE;;0;FALSE
1158;22.11;;Closed [endoscopic] [needle] biopsy of nasal sinus;FALSE;FALSE;FALSE;FALSE;FALSE;;0;FALSE
1159;22.12;;Open biopsy of nasal sinus;FALSE;FALSE;FALSE;FALSE;FALSE;;0;FALSE
1160;22.19;;Other diagnostic procedures on nasal sinuses;FALSE;FALSE;FALSE;FALSE;FALSE;;0;FALSE
1161;22.2;;Intranasal antrotomy;FALSE;FALSE;FALSE;FALSE;FALSE;;0;FALSE
1162;22.31;;Radical maxillary antrotomy;FALSE;FALSE;FALSE;FALSE;FALSE;;0;FALSE
1163;22.39;;Other external maxillary antrotomy;FALSE;FALSE;FALSE;FALSE;FALSE;;0;FALSE
1164;22.41;;Frontal sinusotomy;FALSE;FALSE;FALSE;FALSE;FALSE;;0;FALSE
1165;22.42;;Frontal sinusectomy;FALSE;FALSE;FALSE;FALSE;FALSE;;0;FALSE
1166;22.50;;Sinusotomy, not otherwise specified;FALSE;FALSE;FALSE;FALSE;FALSE;;0;FALSE
1167;22.51;;Ethmoidotomy;FALSE;FALSE;FALSE;FALSE;FALSE;;0;FALSE
1168;22.52;;Sphenoidotomy;FALSE;FALSE;FALSE;FALSE;FALSE;;0;FALSE
1169;22.53;;Incision of multiple nasal sinuses;FALSE;FALSE;FALSE;FALSE;FALSE;;0;FALSE
1170;22.60;;Sinusectomy, not otherwise specified;FALSE;FALSE;FALSE;FALSE;FALSE;;0;FALSE
1171;22.61;;Excision of lesion of maxillary sinus with Caldwell-Luc approach;FALSE;FALSE;FALSE;FALSE;FALSE;;0;FALSE
1172;22.62;;Excision of lesion of maxillary sinus with other approach;FALSE;FALSE;FALSE;FALSE;FALSE;;0;FALSE
1173;22.63;;Ethmoidectomy;FALSE;FALSE;FALSE;FALSE;FALSE;;0;FALSE
1174;22.64;;Sphenoidectomy;FALSE;FALSE;FALSE;FALSE;FALSE;;0;FALSE
1175;22.71;;Closure of nasal sinus fistula;FALSE;FALSE;FALSE;FALSE;FALSE;;0;FALSE
1176;22.79;;Other repair of nasal sinus;FALSE;FALSE;FALSE;FALSE;FALSE;;0;FALSE
1177;22.9;;Other operations on nasal sinuses;FALSE;FALSE;FALSE;FALSE;FALSE;;0;FALSE
1178;23.01;;Extraction of deciduous tooth;FALSE;FALSE;FALSE;FALSE;FALSE;;0;FALSE
1179;23.09;;Extraction of other tooth;FALSE;FALSE;FALSE;FALSE;FALSE;;0;FALSE
1180;23.11;;Removal of residual root;FALSE;FALSE;FALSE;FALSE;FALSE;;0;FALSE
1181;23.19;;Other surgical extraction of tooth;FALSE;FALSE;FALSE;FALSE;FALSE;;0;FALSE
1182;23.2;;Restoration of tooth by filling;FALSE;FALSE;FALSE;FALSE;FALSE;;0;FALSE
1183;23.3;;Restoration of tooth by inlay;FALSE;FALSE;FALSE;FALSE;FALSE;;0;FALSE
1184;23.41;;Application of crown;FALSE;FALSE;FALSE;FALSE;FALSE;;0;FALSE
1185;23.42;;Insertion of fixed bridge;FALSE;FALSE;FALSE;FALSE;FALSE;;0;FALSE
1186;23.43;;Insertion of removable bridge;FALSE;FALSE;FALSE;FALSE;FALSE;;0;FALSE
1187;23.49;;Other dental restoration;FALSE;FALSE;FALSE;FALSE;FALSE;;0;FALSE
1188;23.5;;Implantation of tooth;FALSE;FALSE;FALSE;FALSE;FALSE;;0;FALSE
1189;23.6;;Prosthetic dental implant;FALSE;FALSE;FALSE;FALSE;FALSE;;0;FALSE
1190;23.70;;Root canal, not otherwise specified;FALSE;FALSE;FALSE;FALSE;FALSE;;0;FALSE
1191;23.71;;Root canal therapy with irrigation;FALSE;FALSE;FALSE;FALSE;FALSE;;0;FALSE
1192;23.72;;Root canal therapy with apicoectomy;FALSE;FALSE;FALSE;FALSE;FALSE;;0;FALSE
1193;23.73;;Apicoectomy;FALSE;FALSE;FALSE;FALSE;FALSE;;0;FALSE
1194;24.0;;Incision of gum or alveolar bone;FALSE;FALSE;FALSE;FALSE;FALSE;;0;FALSE
1195;24.11;;Biopsy of gum;FALSE;FALSE;FALSE;FALSE;FALSE;;0;FALSE
1196;24.12;;Biopsy of alveolus;FALSE;FALSE;FALSE;FALSE;FALSE;;0;FALSE
1197;24.19;;Other diagnostic procedures on teeth, gums, and alveoli;FALSE;FALSE;FALSE;FALSE;FALSE;;0;FALSE
1198;24.2;;Gingivoplasty;FALSE;FALSE;FALSE;FALSE;FALSE;;0;FALSE
1199;24.31;;Excision of lesion or tissue of gum;FALSE;FALSE;FALSE;FALSE;FALSE;;0;FALSE
1200;24.32;;Suture of laceration of gum;FALSE;FALSE;FALSE;FALSE;FALSE;;0;FALSE
1201;24.39;;Other operations on gum;FALSE;FALSE;FALSE;FALSE;FALSE;;0;FALSE
1202;24.4;;Excision of dental lesion of jaw;FALSE;FALSE;FALSE;FALSE;FALSE;;0;FALSE
1203;24.5;;Alveoloplasty;FALSE;FALSE;FALSE;FALSE;FALSE;;0;FALSE
1204;24.6;;Exposure of tooth;FALSE;FALSE;FALSE;FALSE;FALSE;;0;FALSE
1205;24.7;;Application of orthodontic appliance;FALSE;FALSE;FALSE;FALSE;FALSE;;0;FALSE
1206;24.8;;Other orthodontic operation;FALSE;FALSE;FALSE;FALSE;FALSE;;0;FALSE
1207;24.91;;Extension or deepening of buccolabial or lingual sulcus;FALSE;FALSE;FALSE;FALSE;FALSE;;0;FALSE
1208;24.99;;Other dental operations;FALSE;FALSE;FALSE;FALSE;FALSE;;0;FALSE
1209;25.01;;Closed [needle] biopsy of tongue;FALSE;FALSE;FALSE;FALSE;FALSE;;0;FALSE
1210;25.02;;Open biopsy of tongue;FALSE;FALSE;FALSE;FALSE;FALSE;;0;FALSE
1211;25.09;;Other diagnostic procedures on tongue;FALSE;FALSE;FALSE;FALSE;FALSE;;0;FALSE
1212;25.1;;Excision or destruction of lesion or tissue of tongue;FALSE;FALSE;FALSE;FALSE;FALSE;;0;FALSE
1213;25.2;;Partial glossectomy;FALSE;FALSE;FALSE;FALSE;FALSE;;0;FALSE
1214;25.3;;Complete glossectomy;FALSE;FALSE;FALSE;FALSE;FALSE;;0;FALSE
1215;25.4;;Radical glossectomy;FALSE;FALSE;FALSE;FALSE;FALSE;;0;FALSE
1216;25.51;;Suture of laceration of tongue;FALSE;FALSE;FALSE;FALSE;FALSE;;0;FALSE
1217;25.59;;Other repair and plastic operations on tongue;FALSE;FALSE;FALSE;FALSE;FALSE;;0;FALSE
1218;25.91;;Lingual frenotomy;FALSE;FALSE;FALSE;FALSE;FALSE;;0;FALSE
1219;25.92;;Lingual frenectomy;FALSE;FALSE;FALSE;FALSE;FALSE;;0;FALSE
1220;25.93;;Lysis of adhesions of tongue;FALSE;FALSE;FALSE;FALSE;FALSE;;0;FALSE
1221;25.94;;Other glossotomy;FALSE;FALSE;FALSE;FALSE;FALSE;;0;FALSE
1222;25.99;;Other operations on tongue;FALSE;FALSE;FALSE;FALSE;FALSE;;0;FALSE
1223;26.0;;Incision of salivary gland or duct;FALSE;FALSE;FALSE;FALSE;FALSE;;0;FALSE
1224;26.11;;Closed [needle] biopsy of salivary gland or duct;FALSE;FALSE;FALSE;FALSE;FALSE;;0;FALSE
1225;26.12;;Open biopsy of salivary gland or duct;FALSE;FALSE;FALSE;FALSE;FALSE;;0;FALSE
1226;26.19;;Other diagnostic procedures on salivary glands and ducts;FALSE;FALSE;FALSE;FALSE;FALSE;;0;FALSE
1227;26.21;;Marsupialization of salivary gland cyst;FALSE;FALSE;FALSE;FALSE;FALSE;;0;FALSE
1228;26.29;;Other excision of salivary gland lesion;FALSE;FALSE;FALSE;FALSE;FALSE;;0;FALSE
1229;26.30;;Sialoadenectomy, not otherwise specified;FALSE;FALSE;FALSE;FALSE;FALSE;;0;FALSE
1230;26.31;;Partial sialoadenectomy;FALSE;FALSE;FALSE;FALSE;FALSE;;0;FALSE
1231;26.32;;Complete sialoadenectomy;FALSE;FALSE;FALSE;FALSE;FALSE;;0;FALSE
1232;26.41;;Suture of laceration of salivary gland;FALSE;FALSE;FALSE;FALSE;FALSE;;0;FALSE
1233;26.42;;Closure of salivary fistula;FALSE;FALSE;FALSE;FALSE;FALSE;;0;FALSE
1234;26.49;;Other repair and plastic operations on salivary gland or duct;FALSE;FALSE;FALSE;FALSE;FALSE;;0;FALSE
1235;26.91;;Probing of salivary duct;FALSE;FALSE;FALSE;FALSE;FALSE;;0;FALSE
1236;26.99;;Other operations on salivary gland or duct;FALSE;FALSE;FALSE;FALSE;FALSE;;0;FALSE
1237;27.0;;Drainage of face and floor of mouth;FALSE;FALSE;FALSE;FALSE;FALSE;;0;FALSE
1238;27.1;;Incision of palate;FALSE;FALSE;FALSE;FALSE;FALSE;;0;FALSE
1239;27.21;;Biopsy of bony palate;FALSE;FALSE;FALSE;FALSE;FALSE;;0;FALSE
1240;27.22;;Biopsy of uvula and soft palate;FALSE;FALSE;FALSE;FALSE;FALSE;;0;FALSE
1241;27.23;;Biopsy of lip;FALSE;FALSE;FALSE;FALSE;FALSE;;0;FALSE
1242;27.24;;Biopsy of mouth, unspecified structure;FALSE;FALSE;FALSE;FALSE;FALSE;;0;FALSE
1243;27.29;;Other diagnostic procedures on oral cavity;FALSE;FALSE;FALSE;FALSE;FALSE;;0;FALSE
1244;27.31;;Local excision or destruction of lesion or tissue of bony palate;FALSE;FALSE;FALSE;FALSE;FALSE;;0;FALSE
1245;27.32;;Wide excision or destruction of lesion or tissue of bony palate;FALSE;FALSE;FALSE;FALSE;FALSE;;0;FALSE
1246;27.41;;Labial frenectomy;FALSE;FALSE;FALSE;FALSE;FALSE;;0;FALSE
1247;27.42;;Wide excision of lesion of lip;FALSE;FALSE;FALSE;FALSE;FALSE;;0;FALSE
1248;27.43;;Other excision of lesion or tissue of lip;FALSE;FALSE;FALSE;FALSE;FALSE;;0;FALSE
1249;27.49;;Other excision of mouth;FALSE;FALSE;FALSE;FALSE;FALSE;;0;FALSE
1250;27.51;;Suture of laceration of lip;FALSE;FALSE;FALSE;FALSE;FALSE;;0;FALSE
1251;27.52;;Suture of laceration of other part of mouth;FALSE;FALSE;FALSE;FALSE;FALSE;;0;FALSE
1252;27.53;;Closure of fistula of mouth;FALSE;FALSE;FALSE;FALSE;FALSE;;0;FALSE
1253;27.54;;Repair of cleft lip;FALSE;FALSE;FALSE;FALSE;FALSE;;0;FALSE
1254;27.55;;Full-thickness skin graft to lip and mouth;FALSE;FALSE;FALSE;FALSE;FALSE;;0;FALSE
1255;27.56;;Other skin graft to lip and mouth;FALSE;FALSE;FALSE;FALSE;FALSE;;0;FALSE
1256;27.57;;Attachment of pedicle or flap graft to lip and mouth;FALSE;FALSE;FALSE;FALSE;FALSE;;0;FALSE
1257;27.59;;Other plastic repair of mouth;FALSE;FALSE;FALSE;FALSE;FALSE;;0;FALSE
1258;27.61;;Suture of laceration of palate;FALSE;FALSE;FALSE;FALSE;FALSE;;0;FALSE
1259;27.62;;Correction of cleft palate;FALSE;FALSE;FALSE;FALSE;FALSE;;0;FALSE
1260;27.63;;Revision of cleft palate repair;FALSE;FALSE;FALSE;FALSE;FALSE;;0;FALSE
1261;27.64;;Insertion of palatal implant;FALSE;FALSE;FALSE;FALSE;FALSE;;0;FALSE
1262;27.69;;Other plastic repair of palate;FALSE;FALSE;FALSE;FALSE;FALSE;;0;FALSE
1263;27.71;;Incision of uvula;FALSE;FALSE;FALSE;FALSE;FALSE;;0;FALSE
1264;27.72;;Excision of uvula;FALSE;FALSE;FALSE;FALSE;FALSE;;0;FALSE
1265;27.73;;Repair of uvula;FALSE;FALSE;FALSE;FALSE;FALSE;;0;FALSE
1266;27.79;;Other operations on uvula;FALSE;FALSE;FALSE;FALSE;FALSE;;0;FALSE
1267;27.91;;Labial frenotomy;FALSE;FALSE;FALSE;FALSE;FALSE;;0;FALSE
1268;27.92;;Incision of mouth, unspecified structure;FALSE;FALSE;FALSE;FALSE;FALSE;;0;FALSE
1269;27.99;;Other operations on oral cavity;FALSE;FALSE;FALSE;FALSE;FALSE;;0;FALSE
1270;28.0;;Incision and drainage of tonsil and peritonsillar structures;FALSE;FALSE;FALSE;FALSE;FALSE;;0;FALSE
1271;28.11;;Biopsy of tonsils and adenoids;FALSE;FALSE;FALSE;FALSE;FALSE;;0;FALSE
1272;28.19;;Other diagnostic procedures on tonsils and adenoids;FALSE;FALSE;FALSE;FALSE;FALSE;;0;FALSE
1273;28.2;;Tonsillectomy without adenoidectomy;FALSE;FALSE;FALSE;FALSE;FALSE;;0;FALSE
1274;28.3;;Tonsillectomy with adenoidectomy;FALSE;FALSE;FALSE;FALSE;FALSE;;0;FALSE
1275;28.4;;Excision of tonsil tag;FALSE;FALSE;FALSE;FALSE;FALSE;;0;FALSE
1276;28.5;;Excision of lingual tonsil;FALSE;FALSE;FALSE;FALSE;FALSE;;0;FALSE
1277;28.6;;Adenoidectomy without tonsillectomy;FALSE;FALSE;FALSE;FALSE;FALSE;;0;FALSE
1278;28.7;;Control of hemorrhage after tonsillectomy and adenoidectomy;FALSE;FALSE;FALSE;FALSE;FALSE;;0;FALSE
1279;28.91;;Removal of foreign body from tonsil and adenoid by incision;FALSE;FALSE;FALSE;FALSE;FALSE;;0;FALSE
1280;28.92;;Excision of lesion of tonsil and adenoid;FALSE;FALSE;FALSE;FALSE;FALSE;;0;FALSE
1281;28.99;;Other operations on tonsils and adenoids;FALSE;FALSE;FALSE;FALSE;FALSE;;0;FALSE
1282;29.0;;Pharyngotomy;FALSE;FALSE;FALSE;FALSE;FALSE;;0;FALSE
1283;29.11;;Pharyngoscopy;FALSE;FALSE;FALSE;FALSE;FALSE;;0;FALSE
1284;29.12;;Pharyngeal biopsy;FALSE;FALSE;FALSE;FALSE;FALSE;;0;FALSE
1285;29.19;;Other diagnostic procedures on pharynx;FALSE;FALSE;FALSE;FALSE;FALSE;;0;FALSE
1286;29.2;;Excision of branchial cleft cyst or vestige;FALSE;FALSE;FALSE;FALSE;FALSE;;0;FALSE
1287;29.31;;Cricopharyngeal myotomy;FALSE;FALSE;FALSE;FALSE;FALSE;;0;FALSE
1288;29.32;;Pharyngeal diverticulectomy;FALSE;FALSE;FALSE;FALSE;FALSE;;0;FALSE
1289;29.33;;Pharyngectomy (partial);FALSE;FALSE;FALSE;FALSE;FALSE;;0;FALSE
1290;29.39;;Other excision or destruction of lesion or tissue of pharynx;FALSE;FALSE;FALSE;FALSE;FALSE;;0;FALSE
1291;29.4;;Plastic operation on pharynx;FALSE;FALSE;FALSE;FALSE;FALSE;;0;FALSE
1292;29.51;;Suture of laceration of pharynx;FALSE;FALSE;FALSE;FALSE;FALSE;;0;FALSE
1293;29.52;;Closure of branchial cleft fistula;FALSE;FALSE;FALSE;FALSE;FALSE;;0;FALSE
1294;29.53;;Closure of other fistula of pharynx;FALSE;FALSE;FALSE;FALSE;FALSE;;0;FALSE
1295;29.54;;Lysis of pharyngeal adhesions;FALSE;FALSE;FALSE;FALSE;FALSE;;0;FALSE
1296;29.59;;Other repair of pharynx;FALSE;FALSE;FALSE;FALSE;FALSE;;0;FALSE
1297;29.91;;Dilation of pharynx;FALSE;FALSE;FALSE;FALSE;FALSE;;0;FALSE
1298;29.92;;Division of glossopharyngeal nerve;FALSE;FALSE;FALSE;FALSE;FALSE;;0;FALSE
1299;29.99;;Other operations on pharynx;FALSE;FALSE;FALSE;FALSE;FALSE;;0;FALSE
1300;30.01;;Marsupialization of laryngeal cyst;FALSE;FALSE;FALSE;FALSE;FALSE;;0;FALSE
1301;30.09;;Other excision or destruction of lesion or tissue of larynx;FALSE;FALSE;FALSE;FALSE;FALSE;;0;FALSE
1302;30.1;;Hemilaryngectomy;FALSE;FALSE;FALSE;FALSE;FALSE;;0;FALSE
1303;30.21;;Epiglottidectomy;FALSE;FALSE;FALSE;FALSE;FALSE;;0;FALSE
1304;30.22;;Vocal cordectomy;FALSE;FALSE;FALSE;FALSE;FALSE;;0;FALSE
1305;30.29;;Other partial laryngectomy;FALSE;FALSE;FALSE;FALSE;FALSE;;0;FALSE
1306;30.3;;Complete laryngectomy;FALSE;FALSE;FALSE;FALSE;FALSE;;0;FALSE
1307;30.4;;Radical laryngectomy;FALSE;FALSE;FALSE;FALSE;FALSE;;0;FALSE
1308;31.0;;Injection of larynx;FALSE;FALSE;FALSE;FALSE;FALSE;;0;FALSE
1309;31.1;;Temporary tracheostomy;FALSE;FALSE;FALSE;FALSE;FALSE;;0;FALSE
1310;31.21;;Mediastinal tracheostomy;FALSE;FALSE;FALSE;FALSE;FALSE;;0;FALSE
1311;31.29;;Other permanent tracheostomy;FALSE;FALSE;FALSE;FALSE;FALSE;;0;FALSE
1312;31.3;;Other incision of larynx or trachea;FALSE;FALSE;FALSE;FALSE;FALSE;;0;FALSE
1313;31.41;;Tracheoscopy through artificial stoma;FALSE;FALSE;FALSE;FALSE;FALSE;;0;FALSE
1314;31.42;;Laryngoscopy and other tracheoscopy;FALSE;FALSE;FALSE;FALSE;FALSE;;0;FALSE
1315;31.43;;Closed [endoscopic] biopsy of larynx;FALSE;FALSE;FALSE;FALSE;FALSE;;0;FALSE
1316;31.44;;Closed [endoscopic] biopsy of trachea;FALSE;FALSE;FALSE;FALSE;FALSE;;0;FALSE
1317;31.45;;Open biopsy of larynx or trachea;FALSE;FALSE;FALSE;FALSE;FALSE;;0;FALSE
1318;31.48;;Other diagnostic procedures on larynx;FALSE;FALSE;FALSE;FALSE;FALSE;;0;FALSE
1319;31.49;;Other diagnostic procedures on trachea;FALSE;FALSE;FALSE;FALSE;FALSE;;0;FALSE
1320;31.5;;Local excision or destruction of lesion or tissue of trachea;FALSE;FALSE;FALSE;FALSE;FALSE;;0;FALSE
1321;31.61;;Suture of laceration of larynx;FALSE;FALSE;FALSE;FALSE;FALSE;;0;FALSE
1322;31.62;;Closure of fistula of larynx;FALSE;FALSE;FALSE;FALSE;FALSE;;0;FALSE
1323;31.63;;Revision of laryngostomy;FALSE;FALSE;FALSE;FALSE;FALSE;;0;FALSE
1324;31.64;;Repair of laryngeal fracture;FALSE;FALSE;FALSE;FALSE;FALSE;;0;FALSE
1325;31.69;;Other repair of larynx;FALSE;FALSE;FALSE;FALSE;FALSE;;0;FALSE
1326;31.71;;Suture of laceration of trachea;FALSE;FALSE;FALSE;FALSE;FALSE;;0;FALSE
1327;31.72;;Closure of external fistula of trachea;FALSE;FALSE;FALSE;FALSE;FALSE;;0;FALSE
1328;31.73;;Closure of other fistula of trachea;FALSE;FALSE;FALSE;FALSE;FALSE;;0;FALSE
1329;31.74;;Revision of tracheostomy;FALSE;FALSE;FALSE;FALSE;FALSE;;0;FALSE
1330;31.75;;Reconstruction of trachea and construction of artificial larynx;FALSE;FALSE;FALSE;FALSE;FALSE;;0;FALSE
1331;31.79;;Other repair and plastic operations on trachea;FALSE;FALSE;FALSE;FALSE;FALSE;;0;FALSE
1332;31.91;;Division of laryngeal nerve;FALSE;FALSE;FALSE;FALSE;FALSE;;0;FALSE
1333;31.92;;Lysis of adhesions of trachea or larynx;FALSE;FALSE;FALSE;FALSE;FALSE;;0;FALSE
1334;31.93;;Replacement of laryngeal or tracheal stent;FALSE;FALSE;FALSE;FALSE;FALSE;;0;FALSE
1335;31.94;;Injection of locally-acting therapeutic substance into trachea;FALSE;FALSE;FALSE;FALSE;FALSE;;0;FALSE
1336;31.95;;Tracheoesophageal fistulization;FALSE;FALSE;FALSE;FALSE;FALSE;;0;FALSE
1337;31.98;;Other operations on larynx;FALSE;FALSE;FALSE;FALSE;FALSE;;0;FALSE
1338;31.99;;Other operations on trachea;FALSE;FALSE;FALSE;FALSE;FALSE;;0;FALSE
1339;32.01;;Endoscopic excision or destruction of lesion or tissue of bronchus;FALSE;FALSE;FALSE;FALSE;FALSE;;0;FALSE
1340;32.09;;Other local excision or destruction of lesion or tissue of bronchus;FALSE;FALSE;FALSE;FALSE;FALSE;;0;FALSE
1341;32.1;;Other excision of bronchus;FALSE;FALSE;FALSE;FALSE;FALSE;;0;FALSE
1342;32.21;;Plication of emphysematous bleb;FALSE;FALSE;FALSE;FALSE;FALSE;;0;FALSE
1343;32.22;;Lung volume reduction surgery;FALSE;FALSE;FALSE;FALSE;FALSE;;0;FALSE
1344;32.28;;Endoscopic excision or destruction of lesion or tissue of lung;FALSE;FALSE;FALSE;FALSE;FALSE;;0;FALSE
1345;32.29;;Other local excision or destruction of lesion or tissue of lung;FALSE;FALSE;FALSE;FALSE;FALSE;;0;FALSE
1346;32.3;;Segmental resection of lung;FALSE;FALSE;FALSE;FALSE;FALSE;;0;FALSE
1347;32.4;;Lobectomy of lung;FALSE;FALSE;FALSE;FALSE;FALSE;;0;FALSE
1348;32.5;;Complete pneumonectomy;FALSE;FALSE;FALSE;FALSE;FALSE;;0;FALSE
1349;32.6;;Radical dissection of thoracic structures;FALSE;FALSE;FALSE;FALSE;FALSE;;0;FALSE
1350;32.9;;Other excision of lung;FALSE;FALSE;FALSE;FALSE;FALSE;;0;FALSE
1351;33.0;;Incision of bronchus;FALSE;FALSE;FALSE;FALSE;FALSE;;0;FALSE
1352;33.1;;Incision of lung;FALSE;FALSE;FALSE;FALSE;FALSE;;0;FALSE
1353;33.21;;Bronchoscopy through artificial stoma;FALSE;FALSE;FALSE;FALSE;FALSE;;0;FALSE
1354;33.22;;Fiber-optic bronchoscopy;FALSE;FALSE;FALSE;FALSE;FALSE;;0;FALSE
1355;33.23;;Other bronchoscopy;FALSE;FALSE;FALSE;FALSE;FALSE;;0;FALSE
1356;33.24;;Closed [endoscopic] biopsy of bronchus;FALSE;FALSE;FALSE;FALSE;FALSE;;0;FALSE
1357;33.25;;Open biopsy of bronchus;FALSE;FALSE;FALSE;FALSE;FALSE;;0;FALSE
1358;33.26;;Closed [percutaneous] [needle] biopsy of lung;FALSE;FALSE;FALSE;FALSE;FALSE;;0;FALSE
1359;33.27;;Endoscopic biopsy of lung (closed);FALSE;FALSE;FALSE;FALSE;FALSE;;0;FALSE
1360;33.28;;Open biopsy of lung;FALSE;FALSE;FALSE;FALSE;FALSE;;0;FALSE
1361;33.29;;Other diagnostic procedures on lung or bronchus;FALSE;FALSE;FALSE;FALSE;FALSE;;0;FALSE
1362;33.31;;Destruction of phrenic nerve for collapse of lung;FALSE;FALSE;FALSE;FALSE;FALSE;;0;FALSE
1363;33.32;;Artificial pneumothorax for collapse of lung;FALSE;FALSE;FALSE;FALSE;FALSE;;0;FALSE
1364;33.33;;Pneumoperitoneum for collapse of lung;FALSE;FALSE;FALSE;FALSE;FALSE;;0;FALSE
1365;33.34;;Thoracoplasty;FALSE;FALSE;FALSE;FALSE;FALSE;;0;FALSE
1366;33.39;;Other surgical collapse of lung;FALSE;FALSE;FALSE;FALSE;FALSE;;0;FALSE
1367;33.41;;Suture of laceration of bronchus;FALSE;FALSE;FALSE;FALSE;FALSE;;0;FALSE
1368;33.42;;Closure of bronchial fistula;FALSE;FALSE;FALSE;FALSE;FALSE;;0;FALSE
1369;33.43;;Closure of laceration of lung;FALSE;FALSE;FALSE;FALSE;FALSE;;0;FALSE
1370;33.48;;Other repair and plastic operations on bronchus;FALSE;FALSE;FALSE;FALSE;FALSE;;0;FALSE
1371;33.49;;Other repair and plastic operations on lung;FALSE;FALSE;FALSE;FALSE;FALSE;;0;FALSE
1372;33.50;;Lung transplantation, not otherwise specified;FALSE;FALSE;FALSE;FALSE;FALSE;;0;FALSE
1373;33.51;;Unilateral lung transplantation;FALSE;FALSE;FALSE;FALSE;FALSE;;0;FALSE
1374;33.52;;Bilateral lung transplantation;FALSE;FALSE;FALSE;FALSE;FALSE;;0;FALSE
1375;33.6;;Combined heart-lung transplantation;FALSE;FALSE;FALSE;FALSE;FALSE;;0;FALSE
1376;33.91;;Bronchial dilation;FALSE;FALSE;FALSE;FALSE;FALSE;;0;FALSE
1377;33.92;;Ligation of bronchus;FALSE;FALSE;FALSE;FALSE;FALSE;;0;FALSE
1378;33.93;;Puncture of lung;FALSE;FALSE;FALSE;FALSE;FALSE;;0;FALSE
1379;33.98;;Other operations on bronchus;FALSE;FALSE;FALSE;FALSE;FALSE;;0;FALSE
1380;33.99;;Other operations on lung;FALSE;FALSE;FALSE;FALSE;FALSE;;0;FALSE
1381;34.01;;Incision of chest wall;FALSE;FALSE;FALSE;FALSE;FALSE;;0;FALSE
1382;34.02;;Exploratory thoracotomy;FALSE;FALSE;FALSE;FALSE;FALSE;;0;FALSE
1383;34.03;;Reopening of recent thoracotomy site;FALSE;FALSE;FALSE;FALSE;FALSE;;0;FALSE
1384;34.04;;Insertion of intercostal catheter for drainage;FALSE;FALSE;FALSE;FALSE;FALSE;;0;FALSE
1385;34.05;;Creation of pleuroperitoneal shunt;FALSE;FALSE;FALSE;FALSE;FALSE;;0;FALSE
1386;34.09;;Other incision of pleura;FALSE;FALSE;FALSE;FALSE;FALSE;;0;FALSE
1387;34.1;;Incision of mediastinum;FALSE;FALSE;FALSE;FALSE;FALSE;;0;FALSE
1388;34.21;;Transpleural thoracoscopy;FALSE;FALSE;FALSE;FALSE;FALSE;;0;FALSE
1389;34.22;;Mediastinoscopy;FALSE;FALSE;FALSE;FALSE;FALSE;;0;FALSE
1390;34.23;;Biopsy of chest wall;FALSE;FALSE;FALSE;FALSE;FALSE;;0;FALSE
1391;34.24;;Pleural biopsy;FALSE;FALSE;FALSE;FALSE;FALSE;;0;FALSE
1392;34.25;;Closed [percutaneous] [needle] biopsy of mediastinum;FALSE;FALSE;FALSE;FALSE;FALSE;;0;FALSE
1393;34.26;;Open mediastinal biopsy;FALSE;FALSE;FALSE;FALSE;FALSE;;0;FALSE
1394;34.27;;Biopsy of diaphragm;FALSE;FALSE;FALSE;FALSE;FALSE;;0;FALSE
1395;34.28;;Other diagnostic procedures on chest wall, pleura, and diaphragm;FALSE;FALSE;FALSE;FALSE;FALSE;;0;FALSE
1396;34.29;;Other diagnostic procedures on mediastinum;FALSE;FALSE;FALSE;FALSE;FALSE;;0;FALSE
1397;34.3;;Excision or destruction of lesion or tissue of mediastinum;FALSE;FALSE;FALSE;FALSE;FALSE;;0;FALSE
1398;34.4;;Excision or destruction of lesion of chest wall;FALSE;FALSE;FALSE;FALSE;FALSE;;0;FALSE
1399;34.51;;Decortication of lung;FALSE;FALSE;FALSE;FALSE;FALSE;;0;FALSE
1400;34.59;;Other excision of pleura;FALSE;FALSE;FALSE;FALSE;FALSE;;0;FALSE
1401;34.6;;Scarification of pleura;FALSE;FALSE;FALSE;FALSE;FALSE;;0;FALSE
1402;34.71;;Suture of laceration of chest wall;FALSE;FALSE;FALSE;FALSE;FALSE;;0;FALSE
1403;34.72;;Closure of thoracostomy;FALSE;FALSE;FALSE;FALSE;FALSE;;0;FALSE
1404;34.73;;Closure of other fistula of thorax;FALSE;FALSE;FALSE;FALSE;FALSE;;0;FALSE
1405;34.74;;Repair of pectus deformity;FALSE;FALSE;FALSE;FALSE;FALSE;;0;FALSE
1406;34.79;;Other repair of chest wall;FALSE;FALSE;FALSE;FALSE;FALSE;;0;FALSE
1407;34.81;;Excision of lesion or tissue of diaphragm;FALSE;FALSE;FALSE;FALSE;FALSE;;0;FALSE
1408;34.82;;Suture of laceration of diaphragm;FALSE;FALSE;FALSE;FALSE;FALSE;;0;FALSE
1409;34.83;;Closure of fistula of diaphragm;FALSE;FALSE;FALSE;FALSE;FALSE;;0;FALSE
1410;34.84;;Other repair of diaphragm;FALSE;FALSE;FALSE;FALSE;FALSE;;0;FALSE
1411;34.85;;Implantation of diaphragmatic pacemaker;FALSE;FALSE;FALSE;FALSE;FALSE;;0;FALSE
1412;34.89;;Other operations on diaphragm;FALSE;FALSE;FALSE;FALSE;FALSE;;0;FALSE
1413;34.91;;Thoracentesis;FALSE;FALSE;FALSE;FALSE;FALSE;;0;FALSE
1414;34.92;;Injection into thoracic cavity;FALSE;FALSE;FALSE;FALSE;FALSE;;0;FALSE
1415;34.93;;Repair of pleura;FALSE;FALSE;FALSE;FALSE;FALSE;;0;FALSE
1416;34.99;;Other operations on thorax;FALSE;FALSE;FALSE;FALSE;FALSE;;0;FALSE
1417;35.00;;Closed heart valvotomy, unspecified valve;FALSE;FALSE;FALSE;FALSE;FALSE;;0;FALSE
1418;35.01;;Closed heart valvotomy, aortic valve;FALSE;FALSE;FALSE;FALSE;FALSE;;0;FALSE
1419;35.02;;Closed heart valvotomy, mitral valve;FALSE;FALSE;FALSE;FALSE;FALSE;;0;FALSE
1420;35.03;;Closed heart valvotomy, pulmonary valve;FALSE;FALSE;FALSE;FALSE;FALSE;;0;FALSE
1421;35.04;;Closed heart valvotomy, tricuspid valve;FALSE;FALSE;FALSE;FALSE;FALSE;;0;FALSE
1422;35.10;;Open heart valvuloplasty without replacement, unspecified valve;FALSE;FALSE;FALSE;FALSE;FALSE;;0;FALSE
1423;35.11;;Open heart valvuloplasty of aortic valve without replacement;FALSE;FALSE;FALSE;FALSE;FALSE;;0;FALSE
1424;35.12;;Open heart valvuloplasty of mitral valve without replacement;FALSE;FALSE;FALSE;FALSE;FALSE;;0;FALSE
1425;35.13;;Open heart valvuloplasty of pulmonary valve without replacement;FALSE;FALSE;FALSE;FALSE;FALSE;;0;FALSE
1426;35.14;;Open heart valvuloplasty of tricuspid valve without replacement;FALSE;FALSE;FALSE;FALSE;FALSE;;0;FALSE
1427;35.20;;Replacement of unspecified heart valve;FALSE;FALSE;FALSE;FALSE;FALSE;;0;FALSE
1428;35.21;;Replacement of aortic valve with tissue graft;FALSE;FALSE;FALSE;FALSE;FALSE;;0;FALSE
1429;35.22;;Other replacement of aortic valve;FALSE;FALSE;FALSE;FALSE;FALSE;;0;FALSE
1430;35.23;;Replacement of mitral valve with tissue graft;FALSE;FALSE;FALSE;FALSE;FALSE;;0;FALSE
1431;35.24;;Other replacement of mitral valve;FALSE;FALSE;FALSE;FALSE;FALSE;;0;FALSE
1432;35.25;;Replacement of pulmonary valve with tissue graft;FALSE;FALSE;FALSE;FALSE;FALSE;;0;FALSE
1433;35.26;;Other replacement of pulmonary valve;FALSE;FALSE;FALSE;FALSE;FALSE;;0;FALSE
1434;35.27;;Replacement of tricuspid valve with tissue graft;FALSE;FALSE;FALSE;FALSE;FALSE;;0;FALSE
1435;35.28;;Other replacement of tricuspid valve;FALSE;FALSE;FALSE;FALSE;FALSE;;0;FALSE
1436;35.31;;Operations on papillary muscle;FALSE;FALSE;FALSE;FALSE;FALSE;;0;FALSE
1437;35.32;;Operations on chordae tendineae;FALSE;FALSE;FALSE;FALSE;FALSE;;0;FALSE
1438;35.33;;Annuloplasty;FALSE;FALSE;FALSE;FALSE;FALSE;;0;FALSE
1439;35.34;;Infundibulectomy;FALSE;FALSE;FALSE;FALSE;FALSE;;0;FALSE
1440;35.35;;Operations on trabeculae carneae cordis;FALSE;FALSE;FALSE;FALSE;FALSE;;0;FALSE
1441;35.39;;Operations on other structures adjacent to valves of heart;FALSE;FALSE;FALSE;FALSE;FALSE;;0;FALSE
1442;35.41;;Enlargement of existing atrial septal defect;FALSE;FALSE;FALSE;FALSE;FALSE;;0;FALSE
1443;35.42;;Creation of septal defect in heart;FALSE;FALSE;FALSE;FALSE;FALSE;;0;FALSE
1444;35.50;;Repair of unspecified septal defect of heart with prosthesis;FALSE;FALSE;FALSE;FALSE;FALSE;;0;FALSE
1445;35.51;;Repair of atrial septal defect with prosthesis, open technique;FALSE;FALSE;FALSE;FALSE;FALSE;;0;FALSE
1446;35.52;;Repair of atrial septal defect with prosthesis, closed technique;FALSE;FALSE;FALSE;FALSE;FALSE;;0;FALSE
1447;35.53;;Repair of ventricular septal defect with prosthesis;FALSE;FALSE;FALSE;FALSE;FALSE;;0;FALSE
1448;35.54;;Repair of endocardial cushion defect with prosthesis;FALSE;FALSE;FALSE;FALSE;FALSE;;0;FALSE
1449;35.60;;Repair of unspecified septal defect of heart with tissue graft;FALSE;FALSE;FALSE;FALSE;FALSE;;0;FALSE
1450;35.61;;Repair of atrial septal defect with tissue graft;FALSE;FALSE;FALSE;FALSE;FALSE;;0;FALSE
1451;35.62;;Repair of ventricular septal defect with tissue graft;FALSE;FALSE;FALSE;FALSE;FALSE;;0;FALSE
1452;35.63;;Repair of endocardial cushion defect with tissue graft;FALSE;FALSE;FALSE;FALSE;FALSE;;0;FALSE
1453;35.70;;Other and unspecified repair of unspecified septal defect of heart;FALSE;FALSE;FALSE;FALSE;FALSE;;0;FALSE
1454;35.71;;Other and unspecified repair of atrial septal defect;FALSE;FALSE;FALSE;FALSE;FALSE;;0;FALSE
1455;35.72;;Other and unspecified repair of ventricular septal defect;FALSE;FALSE;FALSE;FALSE;FALSE;;0;FALSE
1456;35.73;;Other and unspecified repair of endocardial cushion defect;FALSE;FALSE;FALSE;FALSE;FALSE;;0;FALSE
1457;35.81;;Total repair of tetralogy of Fallot;FALSE;FALSE;FALSE;FALSE;FALSE;;0;FALSE
1458;35.82;;Total repair of total anomalous pulmonary venous connection;FALSE;FALSE;FALSE;FALSE;FALSE;;0;FALSE
1459;35.83;;Total repair of truncus arteriosus;FALSE;FALSE;FALSE;FALSE;FALSE;;0;FALSE
1460;35.84;;Total correction of transposition of great vessels, not elsewhere classified;FALSE;FALSE;FALSE;FALSE;FALSE;;0;FALSE
1461;35.91;;Interatrial transposition of venous return;FALSE;FALSE;FALSE;FALSE;FALSE;;0;FALSE
1462;35.92;;Creation of conduit between right ventricle and pulmonary artery;FALSE;FALSE;FALSE;FALSE;FALSE;;0;FALSE
1463;35.93;;Creation of conduit between left ventricle and aorta;FALSE;FALSE;FALSE;FALSE;FALSE;;0;FALSE
1464;35.94;;Creation of conduit between atrium and pulmonary artery;FALSE;FALSE;FALSE;FALSE;FALSE;;0;FALSE
1465;35.95;;Revision of corrective procedure on heart;FALSE;FALSE;FALSE;FALSE;FALSE;;0;FALSE
1466;35.96;;Percutaneous valvuloplasty;FALSE;FALSE;FALSE;FALSE;FALSE;;0;FALSE
1467;35.98;;Other operations on septa of heart;FALSE;FALSE;FALSE;FALSE;FALSE;;0;FALSE
1468;35.99;;Other operations on valves of heart;FALSE;FALSE;FALSE;FALSE;FALSE;;0;FALSE
1469;36.01;;Single vessel percutaneous transluminal coronary angioplasty [PTCA] or coronary atherectomy without mention of thrombolytic agent;FALSE;FALSE;FALSE;FALSE;FALSE;;0;FALSE
1470;36.02;;Single vessel percutaneous transluminal coronary angioplasty [PTCA] or coronary atherectomy with mention of thrombolytic agent;FALSE;FALSE;FALSE;FALSE;FALSE;;0;FALSE
1471;36.03;;Open chest coronary artery angioplasty;FALSE;FALSE;FALSE;FALSE;FALSE;;0;FALSE
1472;36.04;;Intracoronary artery thrombolytic infusion;FALSE;FALSE;FALSE;FALSE;FALSE;;0;FALSE
1473;36.05;;Multiple vessel percutaneous transluminal coronary angioplasty [PTCA] or coronary atherectomy performed during the same operation, with or without mention of thrombolytic agent;FALSE;FALSE;FALSE;FALSE;FALSE;;0;FALSE
1474;36.06;;Insertion of coronary artety stent(s);FALSE;FALSE;FALSE;FALSE;FALSE;;0;FALSE
1475;36.07;;Insertion of drug-eluting coronary artery stent(s);FALSE;FALSE;FALSE;FALSE;FALSE;;0;FALSE
1476;36.09;;Other specified removal of coronary artery obstruction;FALSE;FALSE;FALSE;FALSE;FALSE;;0;FALSE
1477;36.10;;Aortocoronary bypass for heart revascularization, not otherwise specified;FALSE;FALSE;FALSE;FALSE;FALSE;;0;FALSE
1478;36.11;;(Aorto)coronary bypass of one coronary artery;FALSE;FALSE;FALSE;FALSE;FALSE;;0;FALSE
1479;36.12;;(Aorto)coronary bypass of two coronary arteries;FALSE;FALSE;FALSE;FALSE;FALSE;;0;FALSE
1480;36.13;;(Aorto)coronary bypass of three coronary arteries;FALSE;FALSE;FALSE;FALSE;FALSE;;0;FALSE
1481;36.14;;(Aorto)coronary bypass of four or more coronary arteries;FALSE;FALSE;FALSE;FALSE;FALSE;;0;FALSE
1482;36.15;;Single internal mammary-coronary artery bypass;FALSE;FALSE;FALSE;FALSE;FALSE;;0;FALSE
1483;36.16;;Double internal mammary-coronary artery bypass;FALSE;FALSE;FALSE;FALSE;FALSE;;0;FALSE
1484;36.17;;Abdominal - coronary artery bypass;FALSE;FALSE;FALSE;FALSE;FALSE;;0;FALSE
1485;36.19;;Other bypass anastomosis for heart revascularization;FALSE;FALSE;FALSE;FALSE;FALSE;;0;FALSE
1486;36.2;;Heart revascularization by arterial implant;FALSE;FALSE;FALSE;FALSE;FALSE;;0;FALSE
1487;36.31;;Open chest transmyocardial revascularization;FALSE;FALSE;FALSE;FALSE;FALSE;;0;FALSE
1488;36.32;;Other transmyocardial revascularization;FALSE;FALSE;FALSE;FALSE;FALSE;;0;FALSE
1489;36.39;;Other heart revascularization;FALSE;FALSE;FALSE;FALSE;FALSE;;0;FALSE
1490;36.91;;Repair of aneurysm of coronary vessel;FALSE;FALSE;FALSE;FALSE;FALSE;;0;FALSE
1491;36.99;;Other operations on vessels of heart;FALSE;FALSE;FALSE;FALSE;FALSE;;0;FALSE
1492;37.0;;Pericardiocentesis;FALSE;FALSE;FALSE;FALSE;FALSE;;0;FALSE
1493;37.10;;Incision of heart, not otherwise specified;FALSE;FALSE;FALSE;FALSE;FALSE;;0;FALSE
1494;37.11;;Cardiotomy;FALSE;FALSE;FALSE;FALSE;FALSE;;0;FALSE
1495;37.12;;Pericardiotomy;FALSE;FALSE;FALSE;FALSE;FALSE;;0;FALSE
1496;37.21;;Right heart cardiac catheterization;FALSE;FALSE;FALSE;FALSE;FALSE;;0;FALSE
1497;37.22;;Left heart cardiac catheterization;FALSE;FALSE;FALSE;FALSE;FALSE;;0;FALSE
1498;37.23;;Combined right and left heart cardiac catheterization;FALSE;FALSE;FALSE;FALSE;FALSE;;0;FALSE
1499;37.24;;Biopsy of pericardium;FALSE;FALSE;FALSE;FALSE;FALSE;;0;FALSE
1500;37.25;;Biopsy of heart;FALSE;FALSE;FALSE;FALSE;FALSE;;0;FALSE
1501;37.26;;Cardiac electrophysiologic stimulation and recording studies;FALSE;FALSE;FALSE;FALSE;FALSE;;0;FALSE
1502;37.27;;Cardiac mapping;FALSE;FALSE;FALSE;FALSE;FALSE;;0;FALSE
1503;37.28;;Intracardiac echocardiography;FALSE;FALSE;FALSE;FALSE;FALSE;;0;FALSE
1504;37.29;;Other diagnostic procedures on heart and pericardium;FALSE;FALSE;FALSE;FALSE;FALSE;;0;FALSE
1505;37.31;;Pericardiectomy;FALSE;FALSE;FALSE;FALSE;FALSE;;0;FALSE
1506;37.32;;Excision of aneurysm of heart;FALSE;FALSE;FALSE;FALSE;FALSE;;0;FALSE
1507;37.33;;Excision or destruction of other lesion or tissue of heart, open approach;FALSE;FALSE;FALSE;FALSE;FALSE;;0;FALSE
1508;37.34;;Excision or destruction of other lesion or tissue of heart, other approach;FALSE;FALSE;FALSE;FALSE;FALSE;;0;FALSE
1509;37.35;;Partial ventriculectomy;FALSE;FALSE;FALSE;FALSE;FALSE;;0;FALSE
1510;37.4;;Repair of heart and pericardium;FALSE;FALSE;FALSE;FALSE;FALSE;;0;FALSE
1511;37.51;;Heart transplantation;FALSE;FALSE;FALSE;FALSE;FALSE;;0;FALSE
1512;37.52;;Implantation of total replacement heart system;FALSE;FALSE;FALSE;FALSE;FALSE;;0;FALSE
1513;37.53;;Replacement or repair of thoracic unit of total replacement heart system;FALSE;FALSE;FALSE;FALSE;FALSE;;0;FALSE
1514;37.54;;Replacement or repair of other implantable component of total replacement heart system;FALSE;FALSE;FALSE;FALSE;FALSE;;0;FALSE
1515;37.61;;Implant of pulsation balloon;FALSE;FALSE;FALSE;FALSE;FALSE;;0;FALSE
1516;37.62;;Insertion of non-implantable heart assist system;FALSE;FALSE;FALSE;FALSE;FALSE;;0;FALSE
1517;37.63;;Repair of heart assist system;FALSE;FALSE;FALSE;FALSE;FALSE;;0;FALSE
1518;37.64;;Removal of heart assist system;FALSE;FALSE;FALSE;FALSE;FALSE;;0;FALSE
1519;37.65;;Implant of external heart assist system;FALSE;FALSE;FALSE;FALSE;FALSE;;0;FALSE
1520;37.66;;Insertion of implantable heart assist system;FALSE;FALSE;FALSE;FALSE;FALSE;;0;FALSE
1521;37.67;;Implantation of cardiomyostimulation system;FALSE;FALSE;FALSE;FALSE;FALSE;;0;FALSE
1522;37.68;;Insertion of percutaneous external heart assist device;FALSE;FALSE;FALSE;FALSE;FALSE;;0;FALSE
1523;37.70;;Initial insertion of pacemaker lead [electrode], not otherwise specified;FALSE;FALSE;FALSE;FALSE;FALSE;;0;FALSE
1524;37.71;;Initial insertion of transvenous lead [electrode] into ventricle;FALSE;FALSE;FALSE;FALSE;FALSE;;0;FALSE
1525;37.72;;Initial insertion of transvenous leads [electrodes] into atrium and ventricle;FALSE;FALSE;FALSE;FALSE;FALSE;;0;FALSE
1526;37.73;;Initial insertion of transvenous lead [electrode] into atrium;FALSE;FALSE;FALSE;FALSE;FALSE;;0;FALSE
1527;37.74;;Insertion or replacement of epicardial lead [electrode] into epicardium;FALSE;FALSE;FALSE;FALSE;FALSE;;0;FALSE
1528;37.75;;Revision of pacemaker lead [electrode];FALSE;FALSE;FALSE;FALSE;FALSE;;0;FALSE
1529;37.76;;Replacement of transvenous atrial and/or ventricular lead(s) [electrode];FALSE;FALSE;FALSE;FALSE;FALSE;;0;FALSE
1530;37.77;;Removal of pacemaker lead(s) [electrode] without replacement;FALSE;FALSE;FALSE;FALSE;FALSE;;0;FALSE
1531;37.78;;Insertion of temporary transvenous pacemaker system;FALSE;FALSE;FALSE;FALSE;FALSE;;0;FALSE
1532;37.79;;Revision or relocation of pacemaker pocket;FALSE;FALSE;FALSE;FALSE;FALSE;;0;FALSE
1533;37.80;;Insertion of permanent pacemaker, initial or replacement, type of device not specified;FALSE;FALSE;FALSE;FALSE;FALSE;;0;FALSE
1534;37.81;;Initial insertion of single-chamber device, not specified as rate responsive;FALSE;FALSE;FALSE;FALSE;FALSE;;0;FALSE
1535;37.82;;Initial insertion of single-chamber device, rate responsive;FALSE;FALSE;FALSE;FALSE;FALSE;;0;FALSE
1536;37.83;;Initial insertion of dual-chamber device;FALSE;FALSE;FALSE;FALSE;FALSE;;0;FALSE
1537;37.85;;Replacement of any type pacemaker device with single-chamber device, not specified as rate responsive;FALSE;FALSE;FALSE;FALSE;FALSE;;0;FALSE
1538;37.86;;Replacement of any type of pacemaker device with single-chamber device, rate responsive;FALSE;FALSE;FALSE;FALSE;FALSE;;0;FALSE
1539;37.87;;Replacement of any type pacemaker device with dual-chamber device;FALSE;FALSE;FALSE;FALSE;FALSE;;0;FALSE
1540;37.89;;Revision or removal of pacemaker device;FALSE;FALSE;FALSE;FALSE;FALSE;;0;FALSE
1541;37.90;;Insertion of left atrial appendage device;FALSE;FALSE;FALSE;FALSE;FALSE;;0;FALSE
1542;37.91;;Open chest cardiac massage;FALSE;FALSE;FALSE;FALSE;FALSE;;0;FALSE
1543;37.92;;Injection of therapeutic substance into heart;FALSE;FALSE;FALSE;FALSE;FALSE;;0;FALSE
1544;37.93;;Injection of therapeutic substance into pericardium;FALSE;FALSE;FALSE;FALSE;FALSE;;0;FALSE
1545;37.94;;Implantation or replacement of automatic cardioverter/defibrillator, total system [AICD];FALSE;FALSE;FALSE;FALSE;FALSE;;0;FALSE
1546;37.95;;Implantation of automatic cardioverter/defibrillator lead(s) only;FALSE;FALSE;FALSE;FALSE;FALSE;;0;FALSE
1547;37.96;;Implantation of automatic cardioverter/defibrillator pulse generator only;FALSE;FALSE;FALSE;FALSE;FALSE;;0;FALSE
1548;37.97;;Replacement of automatic cardioverter/defibrillator lead(s) only;FALSE;FALSE;FALSE;FALSE;FALSE;;0;FALSE
1549;37.98;;Replacement of automatic cardioverter/defibrillator pulse generator only;FALSE;FALSE;FALSE;FALSE;FALSE;;0;FALSE
1550;37.99;;Other operations on heart and pericardium;FALSE;FALSE;FALSE;FALSE;FALSE;;0;FALSE
1551;38.00;;Incision of vessel, unspecified site;FALSE;FALSE;FALSE;FALSE;FALSE;;0;FALSE
1552;38.01;;Incision of intracranial vessels;FALSE;FALSE;FALSE;FALSE;FALSE;;0;FALSE
1553;38.02;;Incision of other vessels of head and neck;FALSE;FALSE;FALSE;FALSE;FALSE;;0;FALSE
1554;38.03;;Incision of upper limb vessels;FALSE;FALSE;FALSE;FALSE;FALSE;;0;FALSE
1555;38.04;;Incision of aorta;FALSE;FALSE;FALSE;FALSE;FALSE;;0;FALSE
1556;38.05;;Incision of other thoracic vessels;FALSE;FALSE;FALSE;FALSE;FALSE;;0;FALSE
1557;38.06;;Incision of abdominal arteries;FALSE;FALSE;FALSE;FALSE;FALSE;;0;FALSE
1558;38.07;;Incision of abdominal veins;FALSE;FALSE;FALSE;FALSE;FALSE;;0;FALSE
1559;38.08;;Incision of lower limb arteries;FALSE;FALSE;FALSE;FALSE;FALSE;;0;FALSE
1560;38.09;;Incision of lower limb veins;FALSE;FALSE;FALSE;FALSE;FALSE;;0;FALSE
1561;38.10;;Endarterectomy, unspecified site;FALSE;FALSE;FALSE;FALSE;FALSE;;0;FALSE
1562;38.11;;Endarterectomy of intracranial vessels;FALSE;FALSE;FALSE;FALSE;FALSE;;0;FALSE
1563;38.12;;Endarterectomy of other vessels of head and neck;FALSE;FALSE;FALSE;FALSE;FALSE;;0;FALSE
1564;38.13;;Endarterectomy of upper limb vessels;FALSE;FALSE;FALSE;FALSE;FALSE;;0;FALSE
1565;38.14;;Endarterectomy of aorta;FALSE;FALSE;FALSE;FALSE;FALSE;;0;FALSE
1566;38.15;;Endarterectomy of other thoracic vessels;FALSE;FALSE;FALSE;FALSE;FALSE;;0;FALSE
1567;38.16;;Endarterectomy of abdominal arteries;FALSE;FALSE;FALSE;FALSE;FALSE;;0;FALSE
1568;38.18;;Endarterectomy of lower limb arteries;FALSE;FALSE;FALSE;FALSE;FALSE;;0;FALSE
1569;38.21;;Biopsy of blood vessel;FALSE;FALSE;FALSE;FALSE;FALSE;;0;FALSE
1570;38.22;;Percutaneous angioscopy;FALSE;FALSE;FALSE;FALSE;FALSE;;0;FALSE
1571;38.29;;Other diagnostic procedures on blood vessels;FALSE;FALSE;FALSE;FALSE;FALSE;;0;FALSE
1572;38.30;;Resection of vessel with anastomosis, unspecified site;FALSE;FALSE;FALSE;FALSE;FALSE;;0;FALSE
1573;38.31;;Resection of intracranial vessels with anastomosis;FALSE;FALSE;FALSE;FALSE;FALSE;;0;FALSE
1574;38.32;;Resection of other vessels of head and neck with anastomosis;FALSE;FALSE;FALSE;FALSE;FALSE;;0;FALSE
1575;38.33;;Resection of upper limb vessels with anastomosis;FALSE;FALSE;FALSE;FALSE;FALSE;;0;FALSE
1576;38.34;;Resection of aorta with anastomosis;FALSE;FALSE;FALSE;FALSE;FALSE;;0;FALSE
1577;38.35;;Resection of other thoracic vessels with anastomosis;FALSE;FALSE;FALSE;FALSE;FALSE;;0;FALSE
1578;38.36;;Resection of abdominal arteries with anastomosis;FALSE;FALSE;FALSE;FALSE;FALSE;;0;FALSE
1579;38.37;;Resection of abdominal veins with anastomosis;FALSE;FALSE;FALSE;FALSE;FALSE;;0;FALSE
1580;38.38;;Resection of lower limb arteries with anastomosis;FALSE;FALSE;FALSE;FALSE;FALSE;;0;FALSE
1581;38.39;;Resection of lower limb veins with anastomosis;FALSE;FALSE;FALSE;FALSE;FALSE;;0;FALSE
1582;38.40;;Resection of vessel with replacement, unspecified site;FALSE;FALSE;FALSE;FALSE;FALSE;;0;FALSE
1583;38.41;;Resection of intracranial vessels with replacement;FALSE;FALSE;FALSE;FALSE;FALSE;;0;FALSE
1584;38.42;;Resection of other vessels of head and neck with replacement;FALSE;FALSE;FALSE;FALSE;FALSE;;0;FALSE
1585;38.43;;Resection of upper limb vessels with replacement;FALSE;FALSE;FALSE;FALSE;FALSE;;0;FALSE
1586;38.44;;Resection of abdominal aorta with replacement;FALSE;FALSE;FALSE;FALSE;FALSE;;0;FALSE
1587;38.45;;Resection of other thoracic vessels with replacement;FALSE;FALSE;FALSE;FALSE;FALSE;;0;FALSE
1588;38.46;;Resection of abdominal arteries with replacement;FALSE;FALSE;FALSE;FALSE;FALSE;;0;FALSE
1589;38.47;;Resection of abdominal veins with replacement;FALSE;FALSE;FALSE;FALSE;FALSE;;0;FALSE
1590;38.48;;Resection of lower limb arteries with replacement;FALSE;FALSE;FALSE;FALSE;FALSE;;0;FALSE
1591;38.49;;Resection of lower limb veins with replacement;FALSE;FALSE;FALSE;FALSE;FALSE;;0;FALSE
1592;38.50;;Ligation and stripping of varicose veins, unspecified site;FALSE;FALSE;FALSE;FALSE;FALSE;;0;FALSE
1593;38.51;;Ligation and stripping of varicose veins of intracranial vessels;FALSE;FALSE;FALSE;FALSE;FALSE;;0;FALSE
1594;38.52;;Ligation and stripping of varicose veins of other vessels of head and neck;FALSE;FALSE;FALSE;FALSE;FALSE;;0;FALSE
1595;38.53;;Ligation and stripping of varicose veins of upper limb vessels;FALSE;FALSE;FALSE;FALSE;FALSE;;0;FALSE
1596;38.55;;Ligation and stripping of varicose veins of other thoracic vessels;FALSE;FALSE;FALSE;FALSE;FALSE;;0;FALSE
1597;38.57;;Ligation and stripping of abdominal varicose veins;FALSE;FALSE;FALSE;FALSE;FALSE;;0;FALSE
1598;38.59;;Ligation and stripping of lower limb varicose veins;FALSE;FALSE;FALSE;FALSE;FALSE;;0;FALSE
1599;38.60;;Other excision of vessels, unspecified site;FALSE;FALSE;FALSE;FALSE;FALSE;;0;FALSE
1600;38.61;;Other excision of intracranial vessels;FALSE;FALSE;FALSE;FALSE;FALSE;;0;FALSE
1601;38.62;;Other excision of other vessels of head and neck;FALSE;FALSE;FALSE;FALSE;FALSE;;0;FALSE
1602;38.63;;Other excision of upper limb vessels;FALSE;FALSE;FALSE;FALSE;FALSE;;0;FALSE
1603;38.64;;Other excision of aorta;FALSE;FALSE;FALSE;FALSE;FALSE;;0;FALSE
1604;38.65;;Other excision of other thoracic vessels;FALSE;FALSE;FALSE;FALSE;FALSE;;0;FALSE
1605;38.66;;Other excision of abdominal arteries;FALSE;FALSE;FALSE;FALSE;FALSE;;0;FALSE
1606;38.67;;Other excision of abdominal veins;FALSE;FALSE;FALSE;FALSE;FALSE;;0;FALSE
1607;38.68;;Other excision of lower limb arteries;FALSE;FALSE;FALSE;FALSE;FALSE;;0;FALSE
1608;38.69;;Other excision of lower limb veins;FALSE;FALSE;FALSE;FALSE;FALSE;;0;FALSE
1609;38.7;;Interruption of the vena cava;FALSE;FALSE;FALSE;FALSE;FALSE;;0;FALSE
1610;38.80;;Other surgical occlusion of vessels, unspecified site;FALSE;FALSE;FALSE;FALSE;FALSE;;0;FALSE
1611;38.81;;Other surgical occlusion of intracranial vessels;FALSE;FALSE;FALSE;FALSE;FALSE;;0;FALSE
1612;38.82;;Other surgical occlusion of other vessels of head and neck;FALSE;FALSE;FALSE;FALSE;FALSE;;0;FALSE
1613;38.83;;Other surgical occlusion of upper limb vessels;FALSE;FALSE;FALSE;FALSE;FALSE;;0;FALSE
1614;38.84;;Other surgical occlusion of aorta;FALSE;FALSE;FALSE;FALSE;FALSE;;0;FALSE
1615;38.85;;Other surgical occlusion of other thoracic vessels;FALSE;FALSE;FALSE;FALSE;FALSE;;0;FALSE
1616;38.86;;Other surgical occlusion of abdominal arteries;FALSE;FALSE;FALSE;FALSE;FALSE;;0;FALSE
1617;38.87;;Other surgical occlusion of abdominal veins;FALSE;FALSE;FALSE;FALSE;FALSE;;0;FALSE
1618;38.88;;Other surgical occlusion of lower limb arteries;FALSE;FALSE;FALSE;FALSE;FALSE;;0;FALSE
1619;38.89;;Other surgical occlusion of lower limb veins;FALSE;FALSE;FALSE;FALSE;FALSE;;0;FALSE
1620;38.91;;Arterial catheterization;FALSE;FALSE;FALSE;FALSE;FALSE;;0;FALSE
1621;38.92;;Umbilical vein catheterization;FALSE;FALSE;FALSE;FALSE;FALSE;;0;FALSE
1622;38.93;;Venous catheterization, not elsewhere classified;FALSE;FALSE;FALSE;FALSE;FALSE;;0;FALSE
1623;38.94;;Venous cutdown;FALSE;FALSE;FALSE;FALSE;FALSE;;0;FALSE
1624;38.95;;Venous catheterization for renal dialysis;FALSE;FALSE;FALSE;FALSE;FALSE;;0;FALSE
1625;38.98;;Other puncture of artery;FALSE;FALSE;FALSE;FALSE;FALSE;;0;FALSE
1626;38.99;;Other puncture of vein;FALSE;FALSE;FALSE;FALSE;FALSE;;0;FALSE
1627;39.0;;Systemic to pulmonary artery shunt;FALSE;FALSE;FALSE;FALSE;FALSE;;0;FALSE
1628;39.1;;Intra-abdominal venous shunt;FALSE;FALSE;FALSE;FALSE;FALSE;;0;FALSE
1629;39.21;;Caval-pulmonary artery anastomosis;FALSE;FALSE;FALSE;FALSE;FALSE;;0;FALSE
1630;39.22;;Aorta-subclavian-carotid bypass;FALSE;FALSE;FALSE;FALSE;FALSE;;0;FALSE
1631;39.23;;Other intrathoracic vascular shunt or bypass;FALSE;FALSE;FALSE;FALSE;FALSE;;0;FALSE
1632;39.24;;Aorta-renal bypass;FALSE;FALSE;FALSE;FALSE;FALSE;;0;FALSE
1633;39.25;;Aorta-iliac-femoral bypass;FALSE;FALSE;FALSE;FALSE;FALSE;;0;FALSE
1634;39.26;;Other intra-abdominal vascular shunt or bypass;FALSE;FALSE;FALSE;FALSE;FALSE;;0;FALSE
1635;39.27;;Arteriovenostomy for renal dialysis;FALSE;FALSE;FALSE;FALSE;FALSE;;0;FALSE
1636;39.28;;Extracranial-intracranial (EC-IC) vascular bypass;FALSE;FALSE;FALSE;FALSE;FALSE;;0;FALSE
1637;39.29;;Other (peripheral) vascular shunt or bypass;FALSE;FALSE;FALSE;FALSE;FALSE;;0;FALSE
1638;39.30;;Suture of unspecified blood vessel;FALSE;FALSE;FALSE;FALSE;FALSE;;0;FALSE
1639;39.31;;Suture of artery;FALSE;FALSE;FALSE;FALSE;FALSE;;0;FALSE
1640;39.32;;Suture of vein;FALSE;FALSE;FALSE;FALSE;FALSE;;0;FALSE
1641;39.41;;Control of hemorrhage following vascular surgery;FALSE;FALSE;FALSE;FALSE;FALSE;;0;FALSE
1642;39.42;;Revision of arteriovenous shunt for renal dialysis;FALSE;FALSE;FALSE;FALSE;FALSE;;0;FALSE
1643;39.43;;Removal of arteriovenous shunt for renal dialysis;FALSE;FALSE;FALSE;FALSE;FALSE;;0;FALSE
1644;39.49;;Other revision of vascular procedure;FALSE;FALSE;FALSE;FALSE;FALSE;;0;FALSE
1645;39.50;;Angioplasty or atherectomy of other non-coronary vessel(s);FALSE;FALSE;FALSE;FALSE;FALSE;;0;FALSE
1646;39.51;;Clipping of aneurysm;FALSE;FALSE;FALSE;FALSE;FALSE;;0;FALSE
1647;39.52;;Other repair of aneurysm;FALSE;FALSE;FALSE;FALSE;FALSE;;0;FALSE
1648;39.53;;Repair of arteriovenous fistula;FALSE;FALSE;FALSE;FALSE;FALSE;;0;FALSE
1649;39.54;;Re-entry operation (aorta);FALSE;FALSE;FALSE;FALSE;FALSE;;0;FALSE
1650;39.55;;Reimplantation of aberrant renal vessel;FALSE;FALSE;FALSE;FALSE;FALSE;;0;FALSE
1651;39.56;;Repair of blood vessel with tissue patch graft;FALSE;FALSE;FALSE;FALSE;FALSE;;0;FALSE
1652;39.57;;Repair of blood vessel with synthetic patch graft;FALSE;FALSE;FALSE;FALSE;FALSE;;0;FALSE
1653;39.58;;Repair of blood vessel with unspecified type of patch graft;FALSE;FALSE;FALSE;FALSE;FALSE;;0;FALSE
1654;39.59;;Other repair of vessel;FALSE;FALSE;FALSE;FALSE;FALSE;;0;FALSE
1655;39.61;;Extracorporeal circulation auxiliary to open heart surgery;FALSE;FALSE;FALSE;FALSE;FALSE;;0;FALSE
1656;39.62;;Hypothermia (systemic) incidental to open heart surgery;FALSE;FALSE;FALSE;FALSE;FALSE;;0;FALSE
1657;39.63;;Cardioplegia;FALSE;FALSE;FALSE;FALSE;FALSE;;0;FALSE
1658;39.64;;Intraoperative cardiac pacemaker;FALSE;FALSE;FALSE;FALSE;FALSE;;0;FALSE
1659;39.65;;Extracorporeal membrane oxygenation [ECMO];FALSE;FALSE;FALSE;FALSE;FALSE;;0;FALSE
1660;39.66;;Percutaneous cardiopulmonary bypass;FALSE;FALSE;FALSE;FALSE;FALSE;;0;FALSE
1661;39.71;;Endovascular implantation of graft in abdominal aorta;FALSE;FALSE;FALSE;FALSE;FALSE;;0;FALSE
1662;39.72;;Endovascular repair or occlusion of head and neck vessels;FALSE;FALSE;FALSE;FALSE;FALSE;;0;FALSE
1663;39.73;;Endovascular implantation of graft in thoracic aorta;FALSE;FALSE;FALSE;FALSE;FALSE;;0;FALSE
1664;39.79;;Other endovascular graft repair (of aneurysm) of other vessels;FALSE;FALSE;FALSE;FALSE;FALSE;;0;FALSE
1665;39.8;;Operations on carotid body and other vascular bodies;FALSE;FALSE;FALSE;FALSE;FALSE;;0;FALSE
1666;39.90;;Insertion of non-drug-eluting peripheral vessel stent(s);FALSE;FALSE;FALSE;FALSE;FALSE;;0;FALSE
1667;39.91;;Freeing of vessel;FALSE;FALSE;FALSE;FALSE;FALSE;;0;FALSE
1668;39.92;;Injection of sclerosing agent into vein;FALSE;FALSE;FALSE;FALSE;FALSE;;0;FALSE
1669;39.93;;Insertion of vessel-to-vessel cannula;FALSE;FALSE;FALSE;FALSE;FALSE;;0;FALSE
1670;39.94;;Replacement of vessel-to-vessel cannula;FALSE;FALSE;FALSE;FALSE;FALSE;;0;FALSE
1671;39.95;;Hemodialysis;FALSE;FALSE;FALSE;FALSE;FALSE;;0;FALSE
1672;39.96;;Total body perfusion;FALSE;FALSE;FALSE;FALSE;FALSE;;0;FALSE
1673;39.97;;Other perfusion;FALSE;FALSE;FALSE;FALSE;FALSE;;0;FALSE
1674;39.98;;Control of hemorrhage, not otherwise specified;FALSE;FALSE;FALSE;FALSE;FALSE;;0;FALSE
1675;39.99;;Other operations on vessels;FALSE;FALSE;FALSE;FALSE;FALSE;;0;FALSE
1676;40.0;;Incision of lymphatic structures;FALSE;FALSE;FALSE;FALSE;FALSE;;0;FALSE
1677;40.11;;Biopsy of lymphatic structure;FALSE;FALSE;FALSE;FALSE;FALSE;;0;FALSE
1678;40.19;;Other diagnostic procedures on lymphatic structures;FALSE;FALSE;FALSE;FALSE;FALSE;;0;FALSE
1679;40.21;;Excision of deep cervical lymph node;FALSE;FALSE;FALSE;FALSE;FALSE;;0;FALSE
1680;40.22;;Excision of internal mammary lymph node;FALSE;FALSE;FALSE;FALSE;FALSE;;0;FALSE
1681;40.23;;Excision of axillary lymph node;FALSE;FALSE;FALSE;FALSE;FALSE;;0;FALSE
1682;40.24;;Excision of inguinal lymph node;FALSE;FALSE;FALSE;FALSE;FALSE;;0;FALSE
1683;40.29;;Simple excision of other lymphatic structure;FALSE;FALSE;FALSE;FALSE;FALSE;;0;FALSE
1684;40.3;;Regional lymph node excision;FALSE;FALSE;FALSE;FALSE;FALSE;;0;FALSE
1685;40.40;;Radical neck dissection, not otherwise specified;FALSE;FALSE;FALSE;FALSE;FALSE;;0;FALSE
1686;40.41;;Radical neck dissection, unilateral;FALSE;FALSE;FALSE;FALSE;FALSE;;0;FALSE
1687;40.42;;Radical neck dissection, bilateral;FALSE;FALSE;FALSE;FALSE;FALSE;;0;FALSE
1688;40.50;;Radical excision of lymph nodes, not otherwise specified;FALSE;FALSE;FALSE;FALSE;FALSE;;0;FALSE
1689;40.51;;Radical excision of axillary lymph nodes;FALSE;FALSE;FALSE;FALSE;FALSE;;0;FALSE
1690;40.52;;Radical excision of periaortic lymph nodes;FALSE;FALSE;FALSE;FALSE;FALSE;;0;FALSE
1691;40.53;;Radical excision of iliac lymph nodes;FALSE;FALSE;FALSE;FALSE;FALSE;;0;FALSE
1692;40.54;;Radical groin dissection;FALSE;FALSE;FALSE;FALSE;FALSE;;0;FALSE
1693;40.59;;Radical excision of other lymph nodes;FALSE;FALSE;FALSE;FALSE;FALSE;;0;FALSE
1694;40.61;;Cannulation of thoracic duct;FALSE;FALSE;FALSE;FALSE;FALSE;;0;FALSE
1695;40.62;;Fistulization of thoracic duct;FALSE;FALSE;FALSE;FALSE;FALSE;;0;FALSE
1696;40.63;;Closure of fistula of thoracic duct;FALSE;FALSE;FALSE;FALSE;FALSE;;0;FALSE
1697;40.64;;Ligation of thoracic duct;FALSE;FALSE;FALSE;FALSE;FALSE;;0;FALSE
1698;40.69;;Other operations on thoracic duct;FALSE;FALSE;FALSE;FALSE;FALSE;;0;FALSE
1699;40.9;;Other operations on lymphatic structures;FALSE;FALSE;FALSE;FALSE;FALSE;;0;FALSE
1700;41.00;;Bone marrow transplant, not otherwise specified;FALSE;FALSE;FALSE;FALSE;FALSE;;0;FALSE
1701;41.01;;Autologous bone marrow transplant without purging;FALSE;FALSE;FALSE;FALSE;FALSE;;0;FALSE
1702;41.02;;Allogeneic bone marrow transplant with purging;FALSE;FALSE;FALSE;FALSE;FALSE;;0;FALSE
1703;41.03;;Allogeneic bone marrow transplant without purging;FALSE;FALSE;FALSE;FALSE;FALSE;;0;FALSE
1704;41.04;;Autologous hematopoietic stem cell transplant without purging;FALSE;FALSE;FALSE;FALSE;FALSE;;0;FALSE
1705;41.05;;Allogeneic hematopoietic stem cell transplant without purging;FALSE;FALSE;FALSE;FALSE;FALSE;;0;FALSE
1706;41.06;;Cord blood stem cell transplant;FALSE;FALSE;FALSE;FALSE;FALSE;;0;FALSE
1707;41.07;;Autologous hematopoietic stem cell transplant with purging;FALSE;FALSE;FALSE;FALSE;FALSE;;0;FALSE
1708;41.08;;Allogeneic hematopoietic stem cell transplant;FALSE;FALSE;FALSE;FALSE;FALSE;;0;FALSE
1709;41.09;;Autologous bone marrow transplant with purging;FALSE;FALSE;FALSE;FALSE;FALSE;;0;FALSE
1710;41.1;;Puncture of spleen;FALSE;FALSE;FALSE;FALSE;FALSE;;0;FALSE
1711;41.2;;Splenotomy;FALSE;FALSE;FALSE;FALSE;FALSE;;0;FALSE
1712;41.31;;Biopsy of bone marrow;FALSE;FALSE;FALSE;FALSE;FALSE;;0;FALSE
1713;41.32;;Closed [aspiration] [percutaneous] biopsy of spleen;FALSE;FALSE;FALSE;FALSE;FALSE;;0;FALSE
1714;41.33;;Open biopsy of spleen;FALSE;FALSE;FALSE;FALSE;FALSE;;0;FALSE
1715;41.38;;Other diagnostic procedures on bone marrow;FALSE;FALSE;FALSE;FALSE;FALSE;;0;FALSE
1716;41.39;;Other diagnostic procedures on spleen;FALSE;FALSE;FALSE;FALSE;FALSE;;0;FALSE
1717;41.41;;Marsupialization of splenic cyst;FALSE;FALSE;FALSE;FALSE;FALSE;;0;FALSE
1718;41.42;;Excision of lesion or tissue of spleen;FALSE;FALSE;FALSE;FALSE;FALSE;;0;FALSE
1719;41.43;;Partial splenectomy;FALSE;FALSE;FALSE;FALSE;FALSE;;0;FALSE
1720;41.5;;Total splenectomy;FALSE;FALSE;FALSE;FALSE;FALSE;;0;FALSE
1721;41.91;;Aspiration of bone marrow from donor for transplant;FALSE;FALSE;FALSE;FALSE;FALSE;;0;FALSE
1722;41.92;;Injection into bone marrow;FALSE;FALSE;FALSE;FALSE;FALSE;;0;FALSE
1723;41.93;;Excision of accessory spleen;FALSE;FALSE;FALSE;FALSE;FALSE;;0;FALSE
1724;41.94;;Transplantation of spleen;FALSE;FALSE;FALSE;FALSE;FALSE;;0;FALSE
1725;41.95;;Repair and plastic operations on spleen;FALSE;FALSE;FALSE;FALSE;FALSE;;0;FALSE
1726;41.98;;Other operations on bone marrow;FALSE;FALSE;FALSE;FALSE;FALSE;;0;FALSE
1727;41.99;;Other operations on spleen;FALSE;FALSE;FALSE;FALSE;FALSE;;0;FALSE
1728;42.01;;Incision of esophageal web;FALSE;FALSE;FALSE;FALSE;FALSE;;0;FALSE
1729;42.09;;Other incision of esophagus;FALSE;FALSE;FALSE;FALSE;FALSE;;0;FALSE
1730;42.10;;Esophagostomy, not otherwise specified;FALSE;FALSE;FALSE;FALSE;FALSE;;0;FALSE
1731;42.11;;Cervical esophagostomy;FALSE;FALSE;FALSE;FALSE;FALSE;;0;FALSE
1732;42.12;;Exteriorization of esophageal pouch;FALSE;FALSE;FALSE;FALSE;FALSE;;0;FALSE
1733;42.19;;Other external fistulization of esophagus;FALSE;FALSE;FALSE;FALSE;FALSE;;0;FALSE
1734;42.21;;Operative esophagoscopy by incision;FALSE;FALSE;FALSE;FALSE;FALSE;;0;FALSE
1735;42.22;;Esophagoscopy through artificial stoma;FALSE;FALSE;FALSE;FALSE;FALSE;;0;FALSE
1736;42.23;;Other esophagoscopy;FALSE;FALSE;FALSE;FALSE;FALSE;;0;FALSE
1737;42.24;;Closed [endoscopic] biopsy of esophagus;FALSE;FALSE;FALSE;FALSE;FALSE;;0;FALSE
1738;42.25;;Open biopsy of esophagus;FALSE;FALSE;FALSE;FALSE;FALSE;;0;FALSE
1739;42.29;;Other diagnostic procedures on esophagus;FALSE;FALSE;FALSE;FALSE;FALSE;;0;FALSE
1740;42.31;;Local excision of esophageal diverticulum;FALSE;FALSE;FALSE;FALSE;FALSE;;0;FALSE
1741;42.32;;Local excision of other lesion or tissue of esophagus;FALSE;FALSE;FALSE;FALSE;FALSE;;0;FALSE
1742;42.33;;Endoscopic excision or destruction of lesion or tissue of esophagus;FALSE;FALSE;FALSE;FALSE;FALSE;;0;FALSE
1743;42.39;;Other destruction of lesion or tissue of esophagus;FALSE;FALSE;FALSE;FALSE;FALSE;;0;FALSE
1744;42.40;;Esophagectomy, not otherwise specified;FALSE;FALSE;FALSE;FALSE;FALSE;;0;FALSE
1745;42.41;;Partial esophagectomy;FALSE;FALSE;FALSE;FALSE;FALSE;;0;FALSE
1746;42.42;;Total esophagectomy;FALSE;FALSE;FALSE;FALSE;FALSE;;0;FALSE
1747;42.51;;Intrathoracic esophagoesophagostomy;FALSE;FALSE;FALSE;FALSE;FALSE;;0;FALSE
1748;42.52;;Intrathoracic esophagogastrostomy;FALSE;FALSE;FALSE;FALSE;FALSE;;0;FALSE
1749;42.53;;Intrathoracic esophageal anastomosis with interposition of small bowel;FALSE;FALSE;FALSE;FALSE;FALSE;;0;FALSE
1750;42.54;;Other intrathoracic esophagoenterostomy;FALSE;FALSE;FALSE;FALSE;FALSE;;0;FALSE
1751;42.55;;Intrathoracic esophageal anastomosis with interposition of colon;FALSE;FALSE;FALSE;FALSE;FALSE;;0;FALSE
1752;42.56;;Other intrathoracic esophagocolostomy;FALSE;FALSE;FALSE;FALSE;FALSE;;0;FALSE
1753;42.58;;Intrathoracic esophageal anastomosis with other interposition;FALSE;FALSE;FALSE;FALSE;FALSE;;0;FALSE
1754;42.59;;Other intrathoracic anastomosis of esophagus;FALSE;FALSE;FALSE;FALSE;FALSE;;0;FALSE
1755;42.61;;Antesternal esophagoesophagostomy;FALSE;FALSE;FALSE;FALSE;FALSE;;0;FALSE
1756;42.62;;Antesternal esophagogastrostomy;FALSE;FALSE;FALSE;FALSE;FALSE;;0;FALSE
1757;42.63;;Antesternal esophageal anastomosis with interposition of small bowel;FALSE;FALSE;FALSE;FALSE;FALSE;;0;FALSE
1758;42.64;;Other antesternal esophagoenterostomy;FALSE;FALSE;FALSE;FALSE;FALSE;;0;FALSE
1759;42.65;;Antesternal esophageal anastomosis with interposition of colon;FALSE;FALSE;FALSE;FALSE;FALSE;;0;FALSE
1760;42.66;;Other antesternal esophagocolostomy;FALSE;FALSE;FALSE;FALSE;FALSE;;0;FALSE
1761;42.68;;Other antesternal esophageal anastomosis with interposition;FALSE;FALSE;FALSE;FALSE;FALSE;;0;FALSE
1762;42.69;;Other antesternal anastomosis of esophagus;FALSE;FALSE;FALSE;FALSE;FALSE;;0;FALSE
1763;42.7;;Esophagomyotomy;FALSE;FALSE;FALSE;FALSE;FALSE;;0;FALSE
1764;42.81;;Insertion of permanent tube into esophagus;FALSE;FALSE;FALSE;FALSE;FALSE;;0;FALSE
1765;42.82;;Suture of laceration of esophagus;FALSE;FALSE;FALSE;FALSE;FALSE;;0;FALSE
1766;42.83;;Closure of esophagostomy;FALSE;FALSE;FALSE;FALSE;FALSE;;0;FALSE
1767;42.84;;Repair of esophageal fistula, not elsewhere classified;FALSE;FALSE;FALSE;FALSE;FALSE;;0;FALSE
1768;42.85;;Repair of esophageal stricture;FALSE;FALSE;FALSE;FALSE;FALSE;;0;FALSE
1769;42.86;;Production of subcutaneous tunnel without esophageal anastomosis;FALSE;FALSE;FALSE;FALSE;FALSE;;0;FALSE
1770;42.87;;Other graft of esophagus;FALSE;FALSE;FALSE;FALSE;FALSE;;0;FALSE
1771;42.89;;Other repair of esophagus;FALSE;FALSE;FALSE;FALSE;FALSE;;0;FALSE
1772;42.91;;Ligation of esophageal varices;FALSE;FALSE;FALSE;FALSE;FALSE;;0;FALSE
1773;42.92;;Dilation of esophagus;FALSE;FALSE;FALSE;FALSE;FALSE;;0;FALSE
1774;42.99;;Other operations on esophagus;FALSE;FALSE;FALSE;FALSE;FALSE;;0;FALSE
1775;43.0;;Gastrotomy;FALSE;FALSE;FALSE;FALSE;FALSE;;0;FALSE
1776;43.11;;Percutaneous [endoscopic] gastrostomy [PEG];FALSE;FALSE;FALSE;FALSE;FALSE;;0;FALSE
1777;43.19;;Other gastrostomy;FALSE;FALSE;FALSE;FALSE;FALSE;;0;FALSE
1778;43.3;;Pyloromyotomy;FALSE;FALSE;FALSE;FALSE;FALSE;;0;FALSE
1779;43.41;;Endoscopic excision or destruction of lesion or tissue of stomach;FALSE;FALSE;FALSE;FALSE;FALSE;;0;FALSE
1780;43.42;;Local excision of other lesion or tissue of stomach;FALSE;FALSE;FALSE;FALSE;FALSE;;0;FALSE
1781;43.49;;Other destruction of lesion or tissue of stomach;FALSE;FALSE;FALSE;FALSE;FALSE;;0;FALSE
1782;43.5;;Partial gastrectomy with anastomosis to esophagus;FALSE;FALSE;FALSE;FALSE;FALSE;;0;FALSE
1783;43.6;;Partial gastrectomy with anastomosis to duodenum;FALSE;FALSE;FALSE;FALSE;FALSE;;0;FALSE
1784;43.7;;Partial gastrectomy with anastomosis to jejunum;FALSE;FALSE;FALSE;FALSE;FALSE;;0;FALSE
1785;43.81;;Partial gastrectomy with jejunal transposition;FALSE;FALSE;FALSE;FALSE;FALSE;;0;FALSE
1786;43.89;;Other partial gastrectomy;FALSE;FALSE;FALSE;FALSE;FALSE;;0;FALSE
1787;43.91;;Total gastrectomy with intestinal interposition;FALSE;FALSE;FALSE;FALSE;FALSE;;0;FALSE
1788;43.99;;Other total gastrectomy;FALSE;FALSE;FALSE;FALSE;FALSE;;0;FALSE
1789;44.00;;Vagotomy, not otherwise specified;FALSE;FALSE;FALSE;FALSE;FALSE;;0;FALSE
1790;44.01;;Truncal vagotomy;FALSE;FALSE;FALSE;FALSE;FALSE;;0;FALSE
1791;44.02;;Highly selective vagotomy;FALSE;FALSE;FALSE;FALSE;FALSE;;0;FALSE
1792;44.03;;Other selective vagotomy;FALSE;FALSE;FALSE;FALSE;FALSE;;0;FALSE
1793;44.11;;Transabdominal gastroscopy;FALSE;FALSE;FALSE;FALSE;FALSE;;0;FALSE
1794;44.12;;Gastroscopy through artificial stoma;FALSE;FALSE;FALSE;FALSE;FALSE;;0;FALSE
1795;44.13;;Other gastroscopy;FALSE;FALSE;FALSE;FALSE;FALSE;;0;FALSE
1796;44.14;;Closed [endoscopic] biopsy of stomach;FALSE;FALSE;FALSE;FALSE;FALSE;;0;FALSE
1797;44.15;;Open biopsy of stomach;FALSE;FALSE;FALSE;FALSE;FALSE;;0;FALSE
1798;44.19;;Other diagnostic procedures on stomach;FALSE;FALSE;FALSE;FALSE;FALSE;;0;FALSE
1799;44.21;;Dilation of pylorus by incision;FALSE;FALSE;FALSE;FALSE;FALSE;;0;FALSE
1800;44.22;;Endoscopic dilation of pylorus;FALSE;FALSE;FALSE;FALSE;FALSE;;0;FALSE
1801;44.29;;Other pyloroplasty;FALSE;FALSE;FALSE;FALSE;FALSE;;0;FALSE
1802;44.31;;High gastric bypass;FALSE;FALSE;FALSE;FALSE;FALSE;;0;FALSE
1803;44.32;;Percutaneous [endoscopic] gastrojejunostomy;FALSE;FALSE;FALSE;FALSE;FALSE;;0;FALSE
1804;44.38;;Laparoscopic gastroenterostomy;FALSE;FALSE;FALSE;FALSE;FALSE;;0;FALSE
1805;44.39;;Other gastroenterostomy without gastrectomy;FALSE;FALSE;FALSE;FALSE;FALSE;;0;FALSE
1806;44.40;;Suture of peptic ulcer, not otherwise specified;FALSE;FALSE;FALSE;FALSE;FALSE;;0;FALSE
1807;44.41;;Suture of gastric ulcer site;FALSE;FALSE;FALSE;FALSE;FALSE;;0;FALSE
1808;44.42;;Suture of duodenal ulcer site;FALSE;FALSE;FALSE;FALSE;FALSE;;0;FALSE
1809;44.43;;Endoscopic control of gastric or duodenal bleeding;FALSE;FALSE;FALSE;FALSE;FALSE;;0;FALSE
1810;44.44;;Transcatheter embolization for gastric or duodenal bleeding;FALSE;FALSE;FALSE;FALSE;FALSE;;0;FALSE
1811;44.49;;Other control of hemorrhage of stomach or duodenum;FALSE;FALSE;FALSE;FALSE;FALSE;;0;FALSE
1812;44.5;;Revision of gastric anastomosis;FALSE;FALSE;FALSE;FALSE;FALSE;;0;FALSE
1813;44.61;;Suture of laceration of stomach;FALSE;FALSE;FALSE;FALSE;FALSE;;0;FALSE
1814;44.62;;Closure of gastrostomy;FALSE;FALSE;FALSE;FALSE;FALSE;;0;FALSE
1815;44.63;;Closure of other gastric fistula;FALSE;FALSE;FALSE;FALSE;FALSE;;0;FALSE
1816;44.64;;Gastropexy;FALSE;FALSE;FALSE;FALSE;FALSE;;0;FALSE
1817;44.65;;Esophagogastroplasty;FALSE;FALSE;FALSE;FALSE;FALSE;;0;FALSE
1818;44.66;;Other procedures for creation of esophagogastric sphincteric competence;FALSE;FALSE;FALSE;FALSE;FALSE;;0;FALSE
1819;44.67;;Laparoscopic procedures for creation of esophagogastric sphincteric competence;FALSE;FALSE;FALSE;FALSE;FALSE;;0;FALSE
1820;44.68;;Laparoscopic gastroplasty;FALSE;FALSE;FALSE;FALSE;FALSE;;0;FALSE
1821;44.69;;Other repair of stomach;FALSE;FALSE;FALSE;FALSE;FALSE;;0;FALSE
1822;44.91;;Ligation of gastric varices;FALSE;FALSE;FALSE;FALSE;FALSE;;0;FALSE
1823;44.92;;Intraoperative manipulation of stomach;FALSE;FALSE;FALSE;FALSE;FALSE;;0;FALSE
1824;44.93;;Insertion of gastric bubble (balloon);FALSE;FALSE;FALSE;FALSE;FALSE;;0;FALSE
1825;44.94;;Removal of gastric bubble (balloon);FALSE;FALSE;FALSE;FALSE;FALSE;;0;FALSE
1826;44.95;;Laparoscopic gastric restrictive procedure;FALSE;FALSE;FALSE;FALSE;FALSE;;0;FALSE
1827;44.96;;Laparoscopic revision of gastric restrictive procedure;FALSE;FALSE;FALSE;FALSE;FALSE;;0;FALSE
1828;44.97;;Laparoscopic removal of gastric restrictive device(s);FALSE;FALSE;FALSE;FALSE;FALSE;;0;FALSE
1829;44.98;;(Laparoscopic) adjustment of size of adjustable gastric restrictive device;FALSE;FALSE;FALSE;FALSE;FALSE;;0;FALSE
1830;44.99;;Other operations on stomach;FALSE;FALSE;FALSE;FALSE;FALSE;;0;FALSE
1831;45.00;;Incision of intestine, not otherwise specified;FALSE;FALSE;FALSE;FALSE;FALSE;;0;FALSE
1832;45.01;;Incision of duodenum;FALSE;FALSE;FALSE;FALSE;FALSE;;0;FALSE
1833;45.02;;Other incision of small intestine;FALSE;FALSE;FALSE;FALSE;FALSE;;0;FALSE
1834;45.03;;Incision of large intestine;FALSE;FALSE;FALSE;FALSE;FALSE;;0;FALSE
1835;45.11;;Transabdominal endoscopy of small intestine;FALSE;FALSE;FALSE;FALSE;FALSE;;0;FALSE
1836;45.12;;Endoscopy of small intestine through artificial stoma;FALSE;FALSE;FALSE;FALSE;FALSE;;0;FALSE
1837;45.13;;Other endoscopy of small intestine;FALSE;FALSE;FALSE;FALSE;FALSE;;0;FALSE
1838;45.14;;Closed [endoscopic] biopsy of small intestine;FALSE;FALSE;FALSE;FALSE;FALSE;;0;FALSE
1839;45.15;;Open biopsy of small intestine;FALSE;FALSE;FALSE;FALSE;FALSE;;0;FALSE
1840;45.16;;Esophagogastroduodenoscopy [EGD] with closed biopsy;FALSE;FALSE;FALSE;FALSE;FALSE;;0;FALSE
1841;45.19;;Other diagnostic procedures on small intestine;FALSE;FALSE;FALSE;FALSE;FALSE;;0;FALSE
1842;45.21;;Transabdominal endoscopy of large intestine;FALSE;FALSE;FALSE;FALSE;FALSE;;0;FALSE
1843;45.22;;Endoscopy of large intestine through artificial stoma;FALSE;FALSE;FALSE;FALSE;FALSE;;0;FALSE
1844;45.23;;Colonoscopy;FALSE;FALSE;FALSE;FALSE;FALSE;;0;FALSE
1845;45.24;;Flexible sigmoidoscopy;FALSE;FALSE;FALSE;FALSE;FALSE;;0;FALSE
1846;45.25;;Closed [endoscopic] biopsy of large intestine;FALSE;FALSE;FALSE;FALSE;FALSE;;0;FALSE
1847;45.26;;Open biopsy of large intestine;FALSE;FALSE;FALSE;FALSE;FALSE;;0;FALSE
1848;45.27;;Intestinal biopsy, site unspecified;FALSE;FALSE;FALSE;FALSE;FALSE;;0;FALSE
1849;45.28;;Other diagnostic procedures on large intestine;FALSE;FALSE;FALSE;FALSE;FALSE;;0;FALSE
1850;45.29;;Other diagnostic procedures on intestine, site unspecified;FALSE;FALSE;FALSE;FALSE;FALSE;;0;FALSE
1851;45.30;;Endoscopic excision or destruction of lesion of duodenum;FALSE;FALSE;FALSE;FALSE;FALSE;;0;FALSE
1852;45.31;;Other local excision of lesion of duodenum;FALSE;FALSE;FALSE;FALSE;FALSE;;0;FALSE
1853;45.32;;Other destruction of lesion of duodenum;FALSE;FALSE;FALSE;FALSE;FALSE;;0;FALSE
1854;45.33;;Local excision of lesion or tissue of small intestine, except duodenum;FALSE;FALSE;FALSE;FALSE;FALSE;;0;FALSE
1855;45.34;;Other destruction of lesion of small intestine, except duodenum;FALSE;FALSE;FALSE;FALSE;FALSE;;0;FALSE
1856;45.41;;Excision of lesion or tissue of large intestine;FALSE;FALSE;FALSE;FALSE;FALSE;;0;FALSE
1857;45.42;;Endoscopic polypectomy of large intestine;FALSE;FALSE;FALSE;FALSE;FALSE;;0;FALSE
1858;45.43;;Endoscopic destruction of other lesion or tissue of large intestine;FALSE;FALSE;FALSE;FALSE;FALSE;;0;FALSE
1859;45.49;;Other destruction of lesion of large intestine;FALSE;FALSE;FALSE;FALSE;FALSE;;0;FALSE
1860;45.50;;Isolation of intestinal segment, not otherwise specified;FALSE;FALSE;FALSE;FALSE;FALSE;;0;FALSE
1861;45.51;;Isolation of segment of small intestine;FALSE;FALSE;FALSE;FALSE;FALSE;;0;FALSE
1862;45.52;;Isolation of segment of large intestine;FALSE;FALSE;FALSE;FALSE;FALSE;;0;FALSE
1863;45.61;;Multiple segmental resection of small intestine;FALSE;FALSE;FALSE;FALSE;FALSE;;0;FALSE
1864;45.62;;Other partial resection of small intestine;FALSE;FALSE;FALSE;FALSE;FALSE;;0;FALSE
1865;45.63;;Total removal of small intestine;FALSE;FALSE;FALSE;FALSE;FALSE;;0;FALSE
1866;45.71;;Multiple segmental resection of large intestine;FALSE;FALSE;FALSE;FALSE;FALSE;;0;FALSE
1867;45.72;;Cecectomy;FALSE;FALSE;FALSE;FALSE;FALSE;;0;FALSE
1868;45.73;;Right hemicolectomy;FALSE;FALSE;FALSE;FALSE;FALSE;;0;FALSE
1869;45.74;;Resection of transverse colon;FALSE;FALSE;FALSE;FALSE;FALSE;;0;FALSE
1870;45.75;;Left hemicolectomy;FALSE;FALSE;FALSE;FALSE;FALSE;;0;FALSE
1871;45.76;;Sigmoidectomy;FALSE;FALSE;FALSE;FALSE;FALSE;;0;FALSE
1872;45.79;;Other partial excision of large intestine;FALSE;FALSE;FALSE;FALSE;FALSE;;0;FALSE
1873;45.8;;Total intra-abdominal colectomy;FALSE;FALSE;FALSE;FALSE;FALSE;;0;FALSE
1874;45.90;;Intestinal anastomosis, not otherwise specified;FALSE;FALSE;FALSE;FALSE;FALSE;;0;FALSE
1875;45.91;;Small-to-small intestinal anastomosis;FALSE;FALSE;FALSE;FALSE;FALSE;;0;FALSE
1876;45.92;;Anastomosis of small intestine to rectal stump;FALSE;FALSE;FALSE;FALSE;FALSE;;0;FALSE
1877;45.93;;Other small-to-large intestinal anastomosis;FALSE;FALSE;FALSE;FALSE;FALSE;;0;FALSE
1878;45.94;;Large-to-large intestinal anastomosis;FALSE;FALSE;FALSE;FALSE;FALSE;;0;FALSE
1879;45.95;;Anastomosis to anus;FALSE;FALSE;FALSE;FALSE;FALSE;;0;FALSE
1880;46.01;;Exteriorization of small intestine;FALSE;FALSE;FALSE;FALSE;FALSE;;0;FALSE
1881;46.02;;Resection of exteriorized segment of small intestine;FALSE;FALSE;FALSE;FALSE;FALSE;;0;FALSE
1882;46.03;;Exteriorization of large intestine;FALSE;FALSE;FALSE;FALSE;FALSE;;0;FALSE
1883;46.04;;Resection of exteriorized segment of large intestine;FALSE;FALSE;FALSE;FALSE;FALSE;;0;FALSE
1884;46.10;;Colostomy, not otherwise specified;FALSE;FALSE;FALSE;FALSE;FALSE;;0;FALSE
1885;46.11;;Temporary colostomy;FALSE;FALSE;FALSE;FALSE;FALSE;;0;FALSE
1886;46.13;;Permanent colostomy;FALSE;FALSE;FALSE;FALSE;FALSE;;0;FALSE
1887;46.14;;Delayed opening of colostomy;FALSE;FALSE;FALSE;FALSE;FALSE;;0;FALSE
1888;46.20;;Ileostomy, not otherwise specified;FALSE;FALSE;FALSE;FALSE;FALSE;;0;FALSE
1889;46.21;;Temporary ileostomy;FALSE;FALSE;FALSE;FALSE;FALSE;;0;FALSE
1890;46.22;;Continent ileostomy;FALSE;FALSE;FALSE;FALSE;FALSE;;0;FALSE
1891;46.23;;Other permanent ileostomy;FALSE;FALSE;FALSE;FALSE;FALSE;;0;FALSE
1892;46.24;;Delayed opening of ileostomy;FALSE;FALSE;FALSE;FALSE;FALSE;;0;FALSE
1893;46.31;;Delayed opening of other enterostomy;FALSE;FALSE;FALSE;FALSE;FALSE;;0;FALSE
1894;46.32;;Percutaneous (endoscopic) jejunostomy [PEJ];FALSE;FALSE;FALSE;FALSE;FALSE;;0;FALSE
1895;46.39;;Other enterostomy;FALSE;FALSE;FALSE;FALSE;FALSE;;0;FALSE
1896;46.40;;Revision of intestinal stoma, not otherwise specified;FALSE;FALSE;FALSE;FALSE;FALSE;;0;FALSE
1897;46.41;;Revision of stoma of small intestine;FALSE;FALSE;FALSE;FALSE;FALSE;;0;FALSE
1898;46.42;;Repair of pericolostomy hernia;FALSE;FALSE;FALSE;FALSE;FALSE;;0;FALSE
1899;46.43;;Other revision of stoma of large intestine;FALSE;FALSE;FALSE;FALSE;FALSE;;0;FALSE
1900;46.50;;Closure of intestinal stoma, not otherwise specified;FALSE;FALSE;FALSE;FALSE;FALSE;;0;FALSE
1901;46.51;;Closure of stoma of small intestine;FALSE;FALSE;FALSE;FALSE;FALSE;;0;FALSE
1902;46.52;;Closure of stoma of large intestine;FALSE;FALSE;FALSE;FALSE;FALSE;;0;FALSE
1903;46.60;;Fixation of intestine, not otherwise specified;FALSE;FALSE;FALSE;FALSE;FALSE;;0;FALSE
1904;46.61;;Fixation of small intestine to abdominal wall;FALSE;FALSE;FALSE;FALSE;FALSE;;0;FALSE
1905;46.62;;Other fixation of small intestine;FALSE;FALSE;FALSE;FALSE;FALSE;;0;FALSE
1906;46.63;;Fixation of large intestine to abdominal wall;FALSE;FALSE;FALSE;FALSE;FALSE;;0;FALSE
1907;46.64;;Other fixation of large intestine;FALSE;FALSE;FALSE;FALSE;FALSE;;0;FALSE
1908;46.71;;Suture of laceration of duodenum;FALSE;FALSE;FALSE;FALSE;FALSE;;0;FALSE
1909;46.72;;Closure of fistula of duodenum;FALSE;FALSE;FALSE;FALSE;FALSE;;0;FALSE
1910;46.73;;Suture of laceration of small intestine, except duodenum;FALSE;FALSE;FALSE;FALSE;FALSE;;0;FALSE
1911;46.74;;Closure of fistula of small intestine, except duodenum;FALSE;FALSE;FALSE;FALSE;FALSE;;0;FALSE
1912;46.75;;Suture of laceration of large intestine;FALSE;FALSE;FALSE;FALSE;FALSE;;0;FALSE
1913;46.76;;Closure of fistula of large intestine;FALSE;FALSE;FALSE;FALSE;FALSE;;0;FALSE
1914;46.79;;Other repair of intestine;FALSE;FALSE;FALSE;FALSE;FALSE;;0;FALSE
1915;46.80;;Intra-abdominal manipulation of intestine, not otherwise specified;FALSE;FALSE;FALSE;FALSE;FALSE;;0;FALSE
1916;46.81;;Intra-abdominal manipulation of small intestine;FALSE;FALSE;FALSE;FALSE;FALSE;;0;FALSE
1917;46.82;;Intra-abdominal manipulation of large intestine;FALSE;FALSE;FALSE;FALSE;FALSE;;0;FALSE
1918;46.85;;Dilation of intestine;FALSE;FALSE;FALSE;FALSE;FALSE;;0;FALSE
1919;46.91;;Myotomy of sigmoid colon;FALSE;FALSE;FALSE;FALSE;FALSE;;0;FALSE
1920;46.92;;Myotomy of other parts of colon;FALSE;FALSE;FALSE;FALSE;FALSE;;0;FALSE
1921;46.93;;Revision of anastomosis of small intestine;FALSE;FALSE;FALSE;FALSE;FALSE;;0;FALSE
1922;46.94;;Revision of anastomosis of large intestine;FALSE;FALSE;FALSE;FALSE;FALSE;;0;FALSE
1923;46.95;;Local perfusion of small intestine;FALSE;FALSE;FALSE;FALSE;FALSE;;0;FALSE
1924;46.96;;Local perfusion of large intestine;FALSE;FALSE;FALSE;FALSE;FALSE;;0;FALSE
1925;46.97;;Transplant of intestine;FALSE;FALSE;FALSE;FALSE;FALSE;;0;FALSE
1926;46.99;;Other operations on intestines;FALSE;FALSE;FALSE;FALSE;FALSE;;0;FALSE
1927;47.01;;Laparoscopic appendectomy;FALSE;FALSE;FALSE;FALSE;FALSE;;0;FALSE
1928;47.09;;Other appendectomy;FALSE;FALSE;FALSE;FALSE;FALSE;;0;FALSE
1929;47.11;;Laparoscopic incidental appendectomy;FALSE;FALSE;FALSE;FALSE;FALSE;;0;FALSE
1930;47.19;;Other incidental appendectomy;FALSE;FALSE;FALSE;FALSE;FALSE;;0;FALSE
1931;47.2;;Drainage of appendiceal abscess;FALSE;FALSE;FALSE;FALSE;FALSE;;0;FALSE
1932;47.91;;Appendicostomy;FALSE;FALSE;FALSE;FALSE;FALSE;;0;FALSE
1933;47.92;;Closure of appendiceal fistula;FALSE;FALSE;FALSE;FALSE;FALSE;;0;FALSE
1934;47.99;;Other operations on appendix;FALSE;FALSE;FALSE;FALSE;FALSE;;0;FALSE
1935;48.0;;Proctotomy;FALSE;FALSE;FALSE;FALSE;FALSE;;0;FALSE
1936;48.1;;Proctostomy;FALSE;FALSE;FALSE;FALSE;FALSE;;0;FALSE
1937;48.21;;Transabdominal proctosigmoidoscopy;FALSE;FALSE;FALSE;FALSE;FALSE;;0;FALSE
1938;48.22;;Proctosigmoidoscopy through artificial stoma;FALSE;FALSE;FALSE;FALSE;FALSE;;0;FALSE
1939;48.23;;Rigid proctosigmoidoscopy;FALSE;FALSE;FALSE;FALSE;FALSE;;0;FALSE
1940;48.24;;Closed [endoscopic] biopsy of rectum;FALSE;FALSE;FALSE;FALSE;FALSE;;0;FALSE
1941;48.25;;Open biopsy of rectum;FALSE;FALSE;FALSE;FALSE;FALSE;;0;FALSE
1942;48.26;;Biopsy of perirectal tissue;FALSE;FALSE;FALSE;FALSE;FALSE;;0;FALSE
1943;48.29;;Other diagnostic procedures on rectum, rectosigmoid and perirectal tissue;FALSE;FALSE;FALSE;FALSE;FALSE;;0;FALSE
1944;48.31;;Radical electrocoagulation of rectal lesion or tissue;FALSE;FALSE;FALSE;FALSE;FALSE;;0;FALSE
1945;48.32;;Other electrocoagulation of rectal lesion or tissue;FALSE;FALSE;FALSE;FALSE;FALSE;;0;FALSE
1946;48.33;;Destruction of rectal lesion or tissue by laser;FALSE;FALSE;FALSE;FALSE;FALSE;;0;FALSE
1947;48.34;;Destruction of rectal lesion or tissue by cryosurgery;FALSE;FALSE;FALSE;FALSE;FALSE;;0;FALSE
1948;48.35;;Local excision of rectal lesion or tissue;FALSE;FALSE;FALSE;FALSE;FALSE;;0;FALSE
1949;48.36;;[Endoscopic] polypectomy of rectum;FALSE;FALSE;FALSE;FALSE;FALSE;;0;FALSE
1950;48.41;;Soave submucosal resection of rectum;FALSE;FALSE;FALSE;FALSE;FALSE;;0;FALSE
1951;48.49;;Other pull-through resection of rectum;FALSE;FALSE;FALSE;FALSE;FALSE;;0;FALSE
1952;48.5;;Abdominoperineal resection of rectum;FALSE;FALSE;FALSE;FALSE;FALSE;;0;FALSE
1953;48.61;;Transsacral rectosigmoidectomy;FALSE;FALSE;FALSE;FALSE;FALSE;;0;FALSE
1954;48.62;;Anterior resection of rectum with synchronous colostomy;FALSE;FALSE;FALSE;FALSE;FALSE;;0;FALSE
1955;48.63;;Other anterior resection of rectum;FALSE;FALSE;FALSE;FALSE;FALSE;;0;FALSE
1956;48.64;;Posterior resection of rectum;FALSE;FALSE;FALSE;FALSE;FALSE;;0;FALSE
1957;48.65;;Duhamel resection of rectum;FALSE;FALSE;FALSE;FALSE;FALSE;;0;FALSE
1958;48.69;;Other resection of rectum;FALSE;FALSE;FALSE;FALSE;FALSE;;0;FALSE
1959;48.71;;Suture of laceration of rectum;FALSE;FALSE;FALSE;FALSE;FALSE;;0;FALSE
1960;48.72;;Closure of proctostomy;FALSE;FALSE;FALSE;FALSE;FALSE;;0;FALSE
1961;48.73;;Closure of other rectal fistula;FALSE;FALSE;FALSE;FALSE;FALSE;;0;FALSE
1962;48.74;;Rectorectostomy;FALSE;FALSE;FALSE;FALSE;FALSE;;0;FALSE
1963;48.75;;Abdominal proctopexy;FALSE;FALSE;FALSE;FALSE;FALSE;;0;FALSE
1964;48.76;;Other proctopexy;FALSE;FALSE;FALSE;FALSE;FALSE;;0;FALSE
1965;48.79;;Other repair of rectum;FALSE;FALSE;FALSE;FALSE;FALSE;;0;FALSE
1966;48.81;;Incision of perirectal tissue;FALSE;FALSE;FALSE;FALSE;FALSE;;0;FALSE
1967;48.82;;Excision of perirectal tissue;FALSE;FALSE;FALSE;FALSE;FALSE;;0;FALSE
1968;48.91;;Incision of rectal stricture;FALSE;FALSE;FALSE;FALSE;FALSE;;0;FALSE
1969;48.92;;Anorectal myectomy;FALSE;FALSE;FALSE;FALSE;FALSE;;0;FALSE
1970;48.93;;Repair of perirectal fistula;FALSE;FALSE;FALSE;FALSE;FALSE;;0;FALSE
1971;48.99;;Other operations on rectum and perirectal tissue;FALSE;FALSE;FALSE;FALSE;FALSE;;0;FALSE
1972;49.01;;Incision of perianal abscess;FALSE;FALSE;FALSE;FALSE;FALSE;;0;FALSE
1973;49.02;;Other incision of perianal tissue;FALSE;FALSE;FALSE;FALSE;FALSE;;0;FALSE
1974;49.03;;Excision of perianal skin tags;FALSE;FALSE;FALSE;FALSE;FALSE;;0;FALSE
1975;49.04;;Other excision of perianal tissue;FALSE;FALSE;FALSE;FALSE;FALSE;;0;FALSE
1976;49.11;;Anal fistulotomy;FALSE;FALSE;FALSE;FALSE;FALSE;;0;FALSE
1977;49.12;;Anal fistulectomy;FALSE;FALSE;FALSE;FALSE;FALSE;;0;FALSE
1978;49.21;;Anoscopy;FALSE;FALSE;FALSE;FALSE;FALSE;;0;FALSE
1979;49.22;;Biopsy of perianal tissue;FALSE;FALSE;FALSE;FALSE;FALSE;;0;FALSE
1980;49.23;;Biopsy of anus;FALSE;FALSE;FALSE;FALSE;FALSE;;0;FALSE
1981;49.29;;Other diagnostic procedures on anus and perianal tissue;FALSE;FALSE;FALSE;FALSE;FALSE;;0;FALSE
1982;49.31;;Endoscopic excision or destruction of lesion or tissue of anus;FALSE;FALSE;FALSE;FALSE;FALSE;;0;FALSE
1983;49.39;;Other local excision or destruction of lesion or tissue of anus;FALSE;FALSE;FALSE;FALSE;FALSE;;0;FALSE
1984;49.41;;Reduction of hemorrhoids;FALSE;FALSE;FALSE;FALSE;FALSE;;0;FALSE
1985;49.42;;Injection of hemorrhoids;FALSE;FALSE;FALSE;FALSE;FALSE;;0;FALSE
1986;49.43;;Cauterization of hemorrhoids;FALSE;FALSE;FALSE;FALSE;FALSE;;0;FALSE
1987;49.44;;Destruction of hemorrhoids by cryotherapy;FALSE;FALSE;FALSE;FALSE;FALSE;;0;FALSE
1988;49.45;;Ligation of hemorrhoids;FALSE;FALSE;FALSE;FALSE;FALSE;;0;FALSE
1989;49.46;;Excision of hemorrhoids;FALSE;FALSE;FALSE;FALSE;FALSE;;0;FALSE
1990;49.47;;Evacuation of thrombosed hemorrhoids;FALSE;FALSE;FALSE;FALSE;FALSE;;0;FALSE
1991;49.49;;Other procedures on hemorrhoids;FALSE;FALSE;FALSE;FALSE;FALSE;;0;FALSE
1992;49.51;;Left lateral anal sphincterotomy;FALSE;FALSE;FALSE;FALSE;FALSE;;0;FALSE
1993;49.52;;Posterior anal sphincterotomy;FALSE;FALSE;FALSE;FALSE;FALSE;;0;FALSE
1994;49.59;;Other anal sphincterotomy;FALSE;FALSE;FALSE;FALSE;FALSE;;0;FALSE
1995;49.6;;Excision of anus;FALSE;FALSE;FALSE;FALSE;FALSE;;0;FALSE
1996;49.71;;Suture of laceration of anus;FALSE;FALSE;FALSE;FALSE;FALSE;;0;FALSE
1997;49.72;;Anal cerclage;FALSE;FALSE;FALSE;FALSE;FALSE;;0;FALSE
1998;49.73;;Closure of anal fistula;FALSE;FALSE;FALSE;FALSE;FALSE;;0;FALSE
1999;49.74;;Gracilis muscle transplant for anal incontinence;FALSE;FALSE;FALSE;FALSE;FALSE;;0;FALSE
2000;49.75;;Implantation or revision of artificial anal sphincter;FALSE;FALSE;FALSE;FALSE;FALSE;;0;FALSE
2001;49.76;;Removal of artificial anal sphincter;FALSE;FALSE;FALSE;FALSE;FALSE;;0;FALSE
2002;49.79;;Other repair of anal sphincter;FALSE;FALSE;FALSE;FALSE;FALSE;;0;FALSE
2003;49.91;;Incision of anal septum;FALSE;FALSE;FALSE;FALSE;FALSE;;0;FALSE
2004;49.92;;Insertion of subcutaneous electrical anal stimulator;FALSE;FALSE;FALSE;FALSE;FALSE;;0;FALSE
2005;49.93;;Other incision of anus;FALSE;FALSE;FALSE;FALSE;FALSE;;0;FALSE
2006;49.94;;Reduction of anal prolapse;FALSE;FALSE;FALSE;FALSE;FALSE;;0;FALSE
2007;49.95;;Control of (postoperative) hemorrhage of anus;FALSE;FALSE;FALSE;FALSE;FALSE;;0;FALSE
2008;49.99;;Other operations on anus;FALSE;FALSE;FALSE;FALSE;FALSE;;0;FALSE
2009;50.0;;Hepatotomy;FALSE;FALSE;FALSE;FALSE;FALSE;;0;FALSE
2010;50.11;;Closed (percutaneous) [needle] biopsy of liver;FALSE;FALSE;FALSE;FALSE;FALSE;;0;FALSE
2011;50.12;;Open biopsy of liver;FALSE;FALSE;FALSE;FALSE;FALSE;;0;FALSE
2012;50.19;;Other diagnostic procedures on liver;FALSE;FALSE;FALSE;FALSE;FALSE;;0;FALSE
2013;50.21;;Marsupialization of lesion of liver;FALSE;FALSE;FALSE;FALSE;FALSE;;0;FALSE
2014;50.22;;Partial hepatectomy;FALSE;FALSE;FALSE;FALSE;FALSE;;0;FALSE
2015;50.29;;Other destruction of lesion of liver;FALSE;FALSE;FALSE;FALSE;FALSE;;0;FALSE
2016;50.3;;Lobectomy of liver;FALSE;FALSE;FALSE;FALSE;FALSE;;0;FALSE
2017;50.4;;Total hepatectomy;FALSE;FALSE;FALSE;FALSE;FALSE;;0;FALSE
2018;50.51;;Auxiliary liver transplant;FALSE;FALSE;FALSE;FALSE;FALSE;;0;FALSE
2019;50.59;;Other transplant of liver;FALSE;FALSE;FALSE;FALSE;FALSE;;0;FALSE
2020;50.61;;Closure of laceration of liver;FALSE;FALSE;FALSE;FALSE;FALSE;;0;FALSE
2021;50.69;;Other repair of liver;FALSE;FALSE;FALSE;FALSE;FALSE;;0;FALSE
2022;50.91;;Percutaneous aspiration of liver;FALSE;FALSE;FALSE;FALSE;FALSE;;0;FALSE
2023;50.92;;Extracorporeal hepatic assistance;FALSE;FALSE;FALSE;FALSE;FALSE;;0;FALSE
2024;50.93;;Localized perfusion of liver;FALSE;FALSE;FALSE;FALSE;FALSE;;0;FALSE
2025;50.94;;Other injection of therapeutic substance into liver;FALSE;FALSE;FALSE;FALSE;FALSE;;0;FALSE
2026;50.99;;Other operations on liver;FALSE;FALSE;FALSE;FALSE;FALSE;;0;FALSE
2027;51.01;;Percutaneous aspiration of gallbladder;FALSE;FALSE;FALSE;FALSE;FALSE;;0;FALSE
2028;51.02;;Trocar cholecystostomy;FALSE;FALSE;FALSE;FALSE;FALSE;;0;FALSE
2029;51.03;;Other cholecystostomy;FALSE;FALSE;FALSE;FALSE;FALSE;;0;FALSE
2030;51.04;;Other cholecystotomy;FALSE;FALSE;FALSE;FALSE;FALSE;;0;FALSE
2031;51.10;;Endoscopic retrograde cholangiopancreatography [ERCP];FALSE;FALSE;FALSE;FALSE;FALSE;;0;FALSE
2032;51.11;;Endoscopic retrograde cholangiography [ERC];FALSE;FALSE;FALSE;FALSE;FALSE;;0;FALSE
2033;51.12;;Percutaneous biopsy of gallbladder or bile ducts;FALSE;FALSE;FALSE;FALSE;FALSE;;0;FALSE
2034;51.13;;Open biopsy of gallbladder or bile ducts;FALSE;FALSE;FALSE;FALSE;FALSE;;0;FALSE
2035;51.14;;Other closed [endoscopic] biopsy of biliary duct or sphincter of Oddi;FALSE;FALSE;FALSE;FALSE;FALSE;;0;FALSE
2036;51.15;;Pressure measurement of sphincter of Oddi;FALSE;FALSE;FALSE;FALSE;FALSE;;0;FALSE
2037;51.19;;Other diagnostic procedures on biliary tract;FALSE;FALSE;FALSE;FALSE;FALSE;;0;FALSE
2038;51.21;;Other partial cholecystectomy;FALSE;FALSE;FALSE;FALSE;FALSE;;0;FALSE
2039;51.22;;Cholecystectomy;FALSE;FALSE;FALSE;FALSE;FALSE;;0;FALSE
2040;51.23;;Laparoscopic cholecystectomy;FALSE;FALSE;FALSE;FALSE;FALSE;;0;FALSE
2041;51.24;;Laparoscopic partial cholecystectomy;FALSE;FALSE;FALSE;FALSE;FALSE;;0;FALSE
2042;51.31;;Anastomosis of gallbladder to hepatic ducts;FALSE;FALSE;FALSE;FALSE;FALSE;;0;FALSE
2043;51.32;;Anastomosis of gallbladder to intestine;FALSE;FALSE;FALSE;FALSE;FALSE;;0;FALSE
2044;51.33;;Anastomosis of gallbladder to pancreas;FALSE;FALSE;FALSE;FALSE;FALSE;;0;FALSE
2045;51.34;;Anastomosis of gallbladder to stomach;FALSE;FALSE;FALSE;FALSE;FALSE;;0;FALSE
2046;51.35;;Other gallbladder anastomosis;FALSE;FALSE;FALSE;FALSE;FALSE;;0;FALSE
2047;51.36;;Choledochoenterostomy;FALSE;FALSE;FALSE;FALSE;FALSE;;0;FALSE
2048;51.37;;Anastomosis of hepatic duct to gastrointestinal tract;FALSE;FALSE;FALSE;FALSE;FALSE;;0;FALSE
2049;51.39;;Other bile duct anastomosis;FALSE;FALSE;FALSE;FALSE;FALSE;;0;FALSE
2050;51.41;;Common duct exploration for removal of calculus;FALSE;FALSE;FALSE;FALSE;FALSE;;0;FALSE
2051;51.42;;Common duct exploration for relief of other obstruction;FALSE;FALSE;FALSE;FALSE;FALSE;;0;FALSE
2052;51.43;;Insertion of choledochohepatic tube for decompression;FALSE;FALSE;FALSE;FALSE;FALSE;;0;FALSE
2053;51.49;;Incision of other bile ducts for relief of obstruction;FALSE;FALSE;FALSE;FALSE;FALSE;;0;FALSE
2054;51.51;;Exploration of common duct;FALSE;FALSE;FALSE;FALSE;FALSE;;0;FALSE
2055;51.59;;Other incision of other bile duct;FALSE;FALSE;FALSE;FALSE;FALSE;;0;FALSE
2056;51.61;;Excision of cystic duct remnant;FALSE;FALSE;FALSE;FALSE;FALSE;;0;FALSE
2057;51.62;;Excision of ampulla of Vater (with reimplantation of common duct);FALSE;FALSE;FALSE;FALSE;FALSE;;0;FALSE
2058;51.63;;Other excision of common duct;FALSE;FALSE;FALSE;FALSE;FALSE;;0;FALSE
2059;51.64;;Endoscopic excision or destruction of lesion of biliary ducts or sphincter of Oddi;FALSE;FALSE;FALSE;FALSE;FALSE;;0;FALSE
2060;51.69;;Excision of other bile duct;FALSE;FALSE;FALSE;FALSE;FALSE;;0;FALSE
2061;51.71;;Simple suture of common bile duct;FALSE;FALSE;FALSE;FALSE;FALSE;;0;FALSE
2062;51.72;;Choledochoplasty;FALSE;FALSE;FALSE;FALSE;FALSE;;0;FALSE
2063;51.79;;Repair of bile duct, except common;FALSE;FALSE;FALSE;FALSE;FALSE;;0;FALSE
2064;51.81;;Dilation of sphincter of Oddi;FALSE;FALSE;FALSE;FALSE;FALSE;;0;FALSE
2065;51.82;;Pancreatic sphincterotomy;FALSE;FALSE;FALSE;FALSE;FALSE;;0;FALSE
2066;51.83;;Pancreatic sphincteroplasty;FALSE;FALSE;FALSE;FALSE;FALSE;;0;FALSE
2067;51.84;;Endoscopic dilation of ampulla and biliary duct;FALSE;FALSE;FALSE;FALSE;FALSE;;0;FALSE
2068;51.85;;Endoscopic sphincterotomy and papillotomy;FALSE;FALSE;FALSE;FALSE;FALSE;;0;FALSE
2069;51.86;;Endoscopic insertion of nasobiliary drainage tube;FALSE;FALSE;FALSE;FALSE;FALSE;;0;FALSE
2070;51.87;;Endoscopic insertion of stent (tube) into bile duct;FALSE;FALSE;FALSE;FALSE;FALSE;;0;FALSE
2071;51.88;;Endoscopic removal of stone(s) from biliary tract;FALSE;FALSE;FALSE;FALSE;FALSE;;0;FALSE
2072;51.89;;Other operations on sphincter of Oddi;FALSE;FALSE;FALSE;FALSE;FALSE;;0;FALSE
2073;51.91;;Repair of laceration of gallbladder;FALSE;FALSE;FALSE;FALSE;FALSE;;0;FALSE
2074;51.92;;Closure of cholecystostomy;FALSE;FALSE;FALSE;FALSE;FALSE;;0;FALSE
2075;51.93;;Closure of other biliary fistula;FALSE;FALSE;FALSE;FALSE;FALSE;;0;FALSE
2076;51.94;;Revision of anastomosis of biliary tract;FALSE;FALSE;FALSE;FALSE;FALSE;;0;FALSE
2077;51.95;;Removal of prosthetic device from bile duct;FALSE;FALSE;FALSE;FALSE;FALSE;;0;FALSE
2078;51.96;;Percutaneous extraction of common duct stones;FALSE;FALSE;FALSE;FALSE;FALSE;;0;FALSE
2079;51.98;;Other percutaneous procedures on biliary tract;FALSE;FALSE;FALSE;FALSE;FALSE;;0;FALSE
2080;51.99;;Other operations on biliary tract;FALSE;FALSE;FALSE;FALSE;FALSE;;0;FALSE
2081;52.01;;Drainage of pancreatic cyst by catheter;FALSE;FALSE;FALSE;FALSE;FALSE;;0;FALSE
2082;52.09;;Other pancreatotomy;FALSE;FALSE;FALSE;FALSE;FALSE;;0;FALSE
2083;52.11;;Closed [aspiration] [needle] [percutaneous] biopsy of pancreas;FALSE;FALSE;FALSE;FALSE;FALSE;;0;FALSE
2084;52.12;;Open biopsy of pancreas;FALSE;FALSE;FALSE;FALSE;FALSE;;0;FALSE
2085;52.13;;Endoscopic retrograde pancreatography [ERP];FALSE;FALSE;FALSE;FALSE;FALSE;;0;FALSE
2086;52.14;;Closed [endoscopic] biopsy of pancreatic duct;FALSE;FALSE;FALSE;FALSE;FALSE;;0;FALSE
2087;52.19;;Other diagnostic procedures on pancreas;FALSE;FALSE;FALSE;FALSE;FALSE;;0;FALSE
2088;52.21;;Endoscopic excision or destruction of lesion or tissue of pancreatic duct;FALSE;FALSE;FALSE;FALSE;FALSE;;0;FALSE
2089;52.22;;Other excision or destruction of lesion or tissue of pancreas or pancreatic duct;FALSE;FALSE;FALSE;FALSE;FALSE;;0;FALSE
2090;52.3;;Marsupialization of pancreatic cyst;FALSE;FALSE;FALSE;FALSE;FALSE;;0;FALSE
2091;52.4;;Internal drainage of pancreatic cyst;FALSE;FALSE;FALSE;FALSE;FALSE;;0;FALSE
2092;52.51;;Proximal pancreatectomy;FALSE;FALSE;FALSE;FALSE;FALSE;;0;FALSE
2093;52.52;;Distal pancreatectomy;FALSE;FALSE;FALSE;FALSE;FALSE;;0;FALSE
2094;52.53;;Radical subtotal pancreatectomy;FALSE;FALSE;FALSE;FALSE;FALSE;;0;FALSE
2095;52.59;;Other partial pancreatectomy;FALSE;FALSE;FALSE;FALSE;FALSE;;0;FALSE
2096;52.6;;Total pancreatectomy;FALSE;FALSE;FALSE;FALSE;FALSE;;0;FALSE
2097;52.7;;Radical pancreaticoduodenectomy;FALSE;FALSE;FALSE;FALSE;FALSE;;0;FALSE
2098;52.80;;Pancreatic transplant, not otherwise specified;FALSE;FALSE;FALSE;FALSE;FALSE;;0;FALSE
2099;52.81;;Reimplantation of pancreatic tissue;FALSE;FALSE;FALSE;FALSE;FALSE;;0;FALSE
2100;52.82;;Homotransplant of pancreas;FALSE;FALSE;FALSE;FALSE;FALSE;;0;FALSE
2101;52.83;;Heterotransplant of pancreas;FALSE;FALSE;FALSE;FALSE;FALSE;;0;FALSE
2102;52.84;;Autotransplantation of cells of Islets of Langerhans;FALSE;FALSE;FALSE;FALSE;FALSE;;0;FALSE
2103;52.85;;Allotransplantation of cells of Islets of Langerhans;FALSE;FALSE;FALSE;FALSE;FALSE;;0;FALSE
2104;52.86;;Transplantation of cells of Islets of Langerhans, not otherwise specified;FALSE;FALSE;FALSE;FALSE;FALSE;;0;FALSE
2105;52.92;;Cannulation of pancreatic duct;FALSE;FALSE;FALSE;FALSE;FALSE;;0;FALSE
2106;52.93;;Endoscopic insertion of stent (tube) into pancreatic duct;FALSE;FALSE;FALSE;FALSE;FALSE;;0;FALSE
2107;52.94;;Endoscopic removal of stone(s) from pancreatic duct;FALSE;FALSE;FALSE;FALSE;FALSE;;0;FALSE
2108;52.95;;Other repair of pancreas;FALSE;FALSE;FALSE;FALSE;FALSE;;0;FALSE
2109;52.96;;Anastomosis of pancreas;FALSE;FALSE;FALSE;FALSE;FALSE;;0;FALSE
2110;52.97;;Endoscopic insertion of nasopancreatic drainage tube;FALSE;FALSE;FALSE;FALSE;FALSE;;0;FALSE
2111;52.98;;Endoscopic dilation of pancreatic duct;FALSE;FALSE;FALSE;FALSE;FALSE;;0;FALSE
2112;52.99;;Other operations on pancreas;FALSE;FALSE;FALSE;FALSE;FALSE;;0;FALSE
2113;53.00;;Unilateral repair of inguinal hernia, not otherwise specified;FALSE;FALSE;FALSE;FALSE;FALSE;;0;FALSE
2114;53.01;;Unilateral repair of direct inguinal hernia;FALSE;FALSE;FALSE;FALSE;FALSE;;0;FALSE
2115;53.02;;Unilateral repair of indirect inguinal hernia;FALSE;FALSE;FALSE;FALSE;FALSE;;0;FALSE
2116;53.03;;Unilateral repair of direct inguinal hernia with graft or prosthesis;FALSE;FALSE;FALSE;FALSE;FALSE;;0;FALSE
2117;53.04;;Unilateral repair of indirect inguinal hernia with graft or prosthesis;FALSE;FALSE;FALSE;FALSE;FALSE;;0;FALSE
2118;53.05;;Unilateral repair of inguinal hernia with graft or prosthesis, not otherwise specified;FALSE;FALSE;FALSE;FALSE;FALSE;;0;FALSE
2119;53.10;;Bilateral repair of inguinal hernia, not otherwise specified;FALSE;FALSE;FALSE;FALSE;FALSE;;0;FALSE
2120;53.11;;Bilateral repair of direct inguinal hernia;FALSE;FALSE;FALSE;FALSE;FALSE;;0;FALSE
2121;53.12;;Bilateral repair of indirect inguinal hernia;FALSE;FALSE;FALSE;FALSE;FALSE;;0;FALSE
2122;53.13;;Bilateral repair of inguinal hernia, one direct and one indirect;FALSE;FALSE;FALSE;FALSE;FALSE;;0;FALSE
2123;53.14;;Bilateral repair of direct inguinal hernia with graft or prosthesis;FALSE;FALSE;FALSE;FALSE;FALSE;;0;FALSE
2124;53.15;;Bilateral repair of indirect inguinal hernia with graft or prosthesis;FALSE;FALSE;FALSE;FALSE;FALSE;;0;FALSE
2125;53.16;;Bilateral repair of inguinal hernia, one direct and one indirect, with graft or prosthesis;FALSE;FALSE;FALSE;FALSE;FALSE;;0;FALSE
2126;53.17;;Bilateral inguinal hernia repair with graft or prosthesis, not otherwise specified;FALSE;FALSE;FALSE;FALSE;FALSE;;0;FALSE
2127;53.21;;Unilateral repair of femoral hernia with graft or prosthesis;FALSE;FALSE;FALSE;FALSE;FALSE;;0;FALSE
2128;53.29;;Other unilateral femoral herniorrhaphy;FALSE;FALSE;FALSE;FALSE;FALSE;;0;FALSE
2129;53.31;;Bilateral repair of femoral hernia with graft or prosthesis;FALSE;FALSE;FALSE;FALSE;FALSE;;0;FALSE
2130;53.39;;Other bilateral femoral herniorrhaphy;FALSE;FALSE;FALSE;FALSE;FALSE;;0;FALSE
2131;53.41;;Repair of umbilical hernia with prosthesis;FALSE;FALSE;FALSE;FALSE;FALSE;;0;FALSE
2132;53.49;;Other umbilical herniorrhaphy;FALSE;FALSE;FALSE;FALSE;FALSE;;0;FALSE
2133;53.51;;Incisional hernia repair;FALSE;FALSE;FALSE;FALSE;FALSE;;0;FALSE
2134;53.59;;Repair of other hernia of anterior abdominal wall;FALSE;FALSE;FALSE;FALSE;FALSE;;0;FALSE
2135;53.61;;Incisional hernia repair with prosthesis;FALSE;FALSE;FALSE;FALSE;FALSE;;0;FALSE
2136;53.69;;Repair of other hernia of anterior abdominal wall with prosthesis;FALSE;FALSE;FALSE;FALSE;FALSE;;0;FALSE
2137;53.7;;Repair of diaphragmatic hernia, abdominal approach;FALSE;FALSE;FALSE;FALSE;FALSE;;0;FALSE
2138;53.80;;Repair of diaphragmatic hernia with thoracic approach, not otherwise specified;FALSE;FALSE;FALSE;FALSE;FALSE;;0;FALSE
2139;53.81;;Plication of the diaphragm;FALSE;FALSE;FALSE;FALSE;FALSE;;0;FALSE
2140;53.82;;Repair of parasternal hernia;FALSE;FALSE;FALSE;FALSE;FALSE;;0;FALSE
2141;53.9;;Other hernia repair;FALSE;FALSE;FALSE;FALSE;FALSE;;0;FALSE
2142;54.0;;Incision of abdominal wall;FALSE;FALSE;FALSE;FALSE;FALSE;;0;FALSE
2143;54.11;;Exploratory laparotomy;FALSE;FALSE;FALSE;FALSE;FALSE;;0;FALSE
2144;54.12;;Reopening of recent laparotomy site;FALSE;FALSE;FALSE;FALSE;FALSE;;0;FALSE
2145;54.19;;Other laparotomy;FALSE;FALSE;FALSE;FALSE;FALSE;;0;FALSE
2146;54.21;;Laparoscopy;FALSE;FALSE;FALSE;FALSE;FALSE;;0;FALSE
2147;54.22;;Biopsy of abdominal wall or umbilicus;FALSE;FALSE;FALSE;FALSE;FALSE;;0;FALSE
2148;54.23;;Biopsy of peritoneum;FALSE;FALSE;FALSE;FALSE;FALSE;;0;FALSE
2149;54.24;;Closed [percutaneous] [needle] biopsy of intra-abdominal mass;FALSE;FALSE;FALSE;FALSE;FALSE;;0;FALSE
2150;54.25;;Peritoneal lavage;FALSE;FALSE;FALSE;FALSE;FALSE;;0;FALSE
2151;54.29;;Other diagnostic procedures on abdominal region;FALSE;FALSE;FALSE;FALSE;FALSE;;0;FALSE
2152;54.3;;Excision or destruction of lesion or tissue of abdominal wall or umbilicus;FALSE;FALSE;FALSE;FALSE;FALSE;;0;FALSE
2153;54.4;;Excision or destruction of peritoneal tissue;FALSE;FALSE;FALSE;FALSE;FALSE;;0;FALSE
2154;54.51;;Laparoscopic lysis of peritoneal adhesions;FALSE;FALSE;FALSE;FALSE;FALSE;;0;FALSE
2155;54.59;;Other lysis of peritoneal adhesions;FALSE;FALSE;FALSE;FALSE;FALSE;;0;FALSE
2156;54.61;;Reclosure of postoperative disruption of abdominal wall;FALSE;FALSE;FALSE;FALSE;FALSE;;0;FALSE
2157;54.62;;Delayed closure of granulating abdominal wound;FALSE;FALSE;FALSE;FALSE;FALSE;;0;FALSE
2158;54.63;;Other suture of abdominal wall;FALSE;FALSE;FALSE;FALSE;FALSE;;0;FALSE
2159;54.64;;Suture of peritoneum;FALSE;FALSE;FALSE;FALSE;FALSE;;0;FALSE
2160;54.71;;Repair of gastroschisis;FALSE;FALSE;FALSE;FALSE;FALSE;;0;FALSE
2161;54.72;;Other repair of abdominal wall;FALSE;FALSE;FALSE;FALSE;FALSE;;0;FALSE
2162;54.73;;Other repair of peritoneum;FALSE;FALSE;FALSE;FALSE;FALSE;;0;FALSE
2163;54.74;;Other repair of omentum;FALSE;FALSE;FALSE;FALSE;FALSE;;0;FALSE
2164;54.75;;Other repair of mesentery;FALSE;FALSE;FALSE;FALSE;FALSE;;0;FALSE
2165;54.91;;Percutaneous abdominal drainage;FALSE;FALSE;FALSE;FALSE;FALSE;;0;FALSE
2166;54.92;;Removal of foreign body from peritoneal cavity;FALSE;FALSE;FALSE;FALSE;FALSE;;0;FALSE
2167;54.93;;Creation of cutaneoperitoneal fistula;FALSE;FALSE;FALSE;FALSE;FALSE;;0;FALSE
2168;54.94;;Creation of peritoneovascular shunt;FALSE;FALSE;FALSE;FALSE;FALSE;;0;FALSE
2169;54.95;;Incision of peritoneum;FALSE;FALSE;FALSE;FALSE;FALSE;;0;FALSE
2170;54.96;;Injection of air into peritoneal cavity;FALSE;FALSE;FALSE;FALSE;FALSE;;0;FALSE
2171;54.97;;Injection of locally-acting therapeutic substance into peritoneal cavity;FALSE;FALSE;FALSE;FALSE;FALSE;;0;FALSE
2172;54.98;;Peritoneal dialysis;FALSE;FALSE;FALSE;FALSE;FALSE;;0;FALSE
2173;54.99;;Other operations of abdominal region;FALSE;FALSE;FALSE;FALSE;FALSE;;0;FALSE
2174;55.01;;Nephrotomy;FALSE;FALSE;FALSE;FALSE;FALSE;;0;FALSE
2175;55.02;;Nephrostomy;FALSE;FALSE;FALSE;FALSE;FALSE;;0;FALSE
2176;55.03;;Percutaneous nephrostomy without fragmentation;FALSE;FALSE;FALSE;FALSE;FALSE;;0;FALSE
2177;55.04;;Percutaneous nephrostomy with fragmentation;FALSE;FALSE;FALSE;FALSE;FALSE;;0;FALSE
2178;55.11;;Pyelotomy;FALSE;FALSE;FALSE;FALSE;FALSE;;0;FALSE
2179;55.12;;Pyelostomy;FALSE;FALSE;FALSE;FALSE;FALSE;;0;FALSE
2180;55.21;;Nephroscopy;FALSE;FALSE;FALSE;FALSE;FALSE;;0;FALSE
2181;55.22;;Pyeloscopy;FALSE;FALSE;FALSE;FALSE;FALSE;;0;FALSE
2182;55.23;;Closed [percutaneous] [needle] biopsy of kidney;FALSE;FALSE;FALSE;FALSE;FALSE;;0;FALSE
2183;55.24;;Open biopsy of kidney;FALSE;FALSE;FALSE;FALSE;FALSE;;0;FALSE
2184;55.29;;Other diagnostic procedures on kidney;FALSE;FALSE;FALSE;FALSE;FALSE;;0;FALSE
2185;55.31;;Marsupialization of kidney lesion;FALSE;FALSE;FALSE;FALSE;FALSE;;0;FALSE
2186;55.39;;Other local destruction or excision of renal lesion or tissue;FALSE;FALSE;FALSE;FALSE;FALSE;;0;FALSE
2187;55.4;;Partial nephrectomy;FALSE;FALSE;FALSE;FALSE;FALSE;;0;FALSE
2188;55.51;;Nephroureterectomy;FALSE;FALSE;FALSE;FALSE;FALSE;;0;FALSE
2189;55.52;;Nephrectomy of remaining kidney;FALSE;FALSE;FALSE;FALSE;FALSE;;0;FALSE
2190;55.53;;Removal of transplanted or rejected kidney;FALSE;FALSE;FALSE;FALSE;FALSE;;0;FALSE
2191;55.54;;Bilateral nephrectomy;FALSE;FALSE;FALSE;FALSE;FALSE;;0;FALSE
2192;55.61;;Renal autotransplantation;FALSE;FALSE;FALSE;FALSE;FALSE;;0;FALSE
2193;55.69;;Other kidney transplantation;FALSE;FALSE;FALSE;FALSE;FALSE;;0;FALSE
2194;55.7;;Nephropexy;FALSE;FALSE;FALSE;FALSE;FALSE;;0;FALSE
2195;55.81;;Suture of laceration of kidney;FALSE;FALSE;FALSE;FALSE;FALSE;;0;FALSE
2196;55.82;;Closure of nephrostomy and pyelostomy;FALSE;FALSE;FALSE;FALSE;FALSE;;0;FALSE
2197;55.83;;Closure of other fistula of kidney;FALSE;FALSE;FALSE;FALSE;FALSE;;0;FALSE
2198;55.84;;Reduction of torsion of renal pedicle;FALSE;FALSE;FALSE;FALSE;FALSE;;0;FALSE
2199;55.85;;Symphysiotomy for horseshoe kidney;FALSE;FALSE;FALSE;FALSE;FALSE;;0;FALSE
2200;55.86;;Anastomosis of kidney;FALSE;FALSE;FALSE;FALSE;FALSE;;0;FALSE
2201;55.87;;Correction of ureteropelvic junction;FALSE;FALSE;FALSE;FALSE;FALSE;;0;FALSE
2202;55.89;;Other repair of kidney;FALSE;FALSE;FALSE;FALSE;FALSE;;0;FALSE
2203;55.91;;Decapsulation of kidney;FALSE;FALSE;FALSE;FALSE;FALSE;;0;FALSE
2204;55.92;;Percutaneous aspiration of kidney (pelvis);FALSE;FALSE;FALSE;FALSE;FALSE;;0;FALSE
2205;55.93;;Replacement of nephrostomy tube;FALSE;FALSE;FALSE;FALSE;FALSE;;0;FALSE
2206;55.94;;Replacement of pyelostomy tube;FALSE;FALSE;FALSE;FALSE;FALSE;;0;FALSE
2207;55.95;;Local perfusion of kidney;FALSE;FALSE;FALSE;FALSE;FALSE;;0;FALSE
2208;55.96;;Other injection of therapeutic substance into kidney;FALSE;FALSE;FALSE;FALSE;FALSE;;0;FALSE
2209;55.97;;Implantation or replacement of mechanical kidney;FALSE;FALSE;FALSE;FALSE;FALSE;;0;FALSE
2210;55.98;;Removal of mechanical kidney;FALSE;FALSE;FALSE;FALSE;FALSE;;0;FALSE
2211;55.99;;Other operations on kidney;FALSE;FALSE;FALSE;FALSE;FALSE;;0;FALSE
2212;56.0;;Transurethral removal of obstruction from ureter and renal pelvis;FALSE;FALSE;FALSE;FALSE;FALSE;;0;FALSE
2213;56.1;;Ureteral meatotomy;FALSE;FALSE;FALSE;FALSE;FALSE;;0;FALSE
2214;56.2;;Ureterotomy;FALSE;FALSE;FALSE;FALSE;FALSE;;0;FALSE
2215;56.31;;Ureteroscopy;FALSE;FALSE;FALSE;FALSE;FALSE;;0;FALSE
2216;56.32;;Closed percutaneous biopsy of ureter;FALSE;FALSE;FALSE;FALSE;FALSE;;0;FALSE
2217;56.33;;Closed endoscopic biopsy of ureter;FALSE;FALSE;FALSE;FALSE;FALSE;;0;FALSE
2218;56.34;;Open biopsy of ureter;FALSE;FALSE;FALSE;FALSE;FALSE;;0;FALSE
2219;56.35;;Endoscopy (cystoscopy) (looposcopy) of ileal conduit;FALSE;FALSE;FALSE;FALSE;FALSE;;0;FALSE
2220;56.39;;Other diagnostic procedures on ureter;FALSE;FALSE;FALSE;FALSE;FALSE;;0;FALSE
2221;56.40;;Ureterectomy, not otherwise specified;FALSE;FALSE;FALSE;FALSE;FALSE;;0;FALSE
2222;56.41;;Partial ureterectomy;FALSE;FALSE;FALSE;FALSE;FALSE;;0;FALSE
2223;56.42;;Total ureterectomy;FALSE;FALSE;FALSE;FALSE;FALSE;;0;FALSE
2224;56.51;;Formation of cutaneous uretero-ileostomy;FALSE;FALSE;FALSE;FALSE;FALSE;;0;FALSE
2225;56.52;;Revision of cutaneous uretero-ileostomy;FALSE;FALSE;FALSE;FALSE;FALSE;;0;FALSE
2226;56.61;;Formation of other cutaneous ureterostomy;FALSE;FALSE;FALSE;FALSE;FALSE;;0;FALSE
2227;56.62;;Revision of other cutaneous ureterostomy;FALSE;FALSE;FALSE;FALSE;FALSE;;0;FALSE
2228;56.71;;Urinary diversion to intestine;FALSE;FALSE;FALSE;FALSE;FALSE;;0;FALSE
2229;56.72;;Revision of ureterointestinal anastomosis;FALSE;FALSE;FALSE;FALSE;FALSE;;0;FALSE
2230;56.73;;Nephrocystanastomosis, not otherwise specified;FALSE;FALSE;FALSE;FALSE;FALSE;;0;FALSE
2231;56.74;;Ureteroneocystostomy;FALSE;FALSE;FALSE;FALSE;FALSE;;0;FALSE
2232;56.75;;Transureteroureterostomy;FALSE;FALSE;FALSE;FALSE;FALSE;;0;FALSE
2233;56.79;;Other anastomosis or bypass of ureter;FALSE;FALSE;FALSE;FALSE;FALSE;;0;FALSE
2234;56.81;;Lysis of intraluminal adhesions of ureter;FALSE;FALSE;FALSE;FALSE;FALSE;;0;FALSE
2235;56.82;;Suture of laceration of ureter;FALSE;FALSE;FALSE;FALSE;FALSE;;0;FALSE
2236;56.83;;Closure of ureterostomy;FALSE;FALSE;FALSE;FALSE;FALSE;;0;FALSE
2237;56.84;;Closure of other fistula of ureter;FALSE;FALSE;FALSE;FALSE;FALSE;;0;FALSE
2238;56.85;;Ureteropexy;FALSE;FALSE;FALSE;FALSE;FALSE;;0;FALSE
2239;56.86;;Removal of ligature from ureter;FALSE;FALSE;FALSE;FALSE;FALSE;;0;FALSE
2240;56.89;;Other repair of ureter;FALSE;FALSE;FALSE;FALSE;FALSE;;0;FALSE
2241;56.91;;Dilation of ureteral meatus;FALSE;FALSE;FALSE;FALSE;FALSE;;0;FALSE
2242;56.92;;Implantation of electronic ureteral stimulator;FALSE;FALSE;FALSE;FALSE;FALSE;;0;FALSE
2243;56.93;;Replacement of electronic ureteral stimulator;FALSE;FALSE;FALSE;FALSE;FALSE;;0;FALSE
2244;56.94;;Removal of electronic ureteral stimulator;FALSE;FALSE;FALSE;FALSE;FALSE;;0;FALSE
2245;56.95;;Ligation of ureter;FALSE;FALSE;FALSE;FALSE;FALSE;;0;FALSE
2246;56.99;;Other operations on ureter;FALSE;FALSE;FALSE;FALSE;FALSE;;0;FALSE
2247;57.0;;Transurethral clearance of bladder;FALSE;FALSE;FALSE;FALSE;FALSE;;0;FALSE
2248;57.11;;Percutaneous aspiration of bladder;FALSE;FALSE;FALSE;FALSE;FALSE;;0;FALSE
2249;57.12;;Lysis of intraluminal adhesions with incision into bladder;FALSE;FALSE;FALSE;FALSE;FALSE;;0;FALSE
2250;57.17;;Percutaneous cystostomy;FALSE;FALSE;FALSE;FALSE;FALSE;;0;FALSE
2251;57.18;;Other suprapubic cystostomy;FALSE;FALSE;FALSE;FALSE;FALSE;;0;FALSE
2252;57.19;;Other cystotomy;FALSE;FALSE;FALSE;FALSE;FALSE;;0;FALSE
2253;57.21;;Vesicostomy;FALSE;FALSE;FALSE;FALSE;FALSE;;0;FALSE
2254;57.22;;Revision or closure of vesicostomy;FALSE;FALSE;FALSE;FALSE;FALSE;;0;FALSE
2255;57.31;;Cystoscopy through artificial stoma;FALSE;FALSE;FALSE;FALSE;FALSE;;0;FALSE
2256;57.32;;Other cystoscopy;FALSE;FALSE;FALSE;FALSE;FALSE;;0;FALSE
2257;57.33;;Closed [transurethral] biopsy of bladder;FALSE;FALSE;FALSE;FALSE;FALSE;;0;FALSE
2258;57.34;;Open biopsy of bladder;FALSE;FALSE;FALSE;FALSE;FALSE;;0;FALSE
2259;57.39;;Other diagnostic procedures on bladder;FALSE;FALSE;FALSE;FALSE;FALSE;;0;FALSE
2260;57.41;;Transurethral lysis of intraluminal adhesions;FALSE;FALSE;FALSE;FALSE;FALSE;;0;FALSE
2261;57.49;;Other transurethral excision or destruction of lesion or tissue of bladder;FALSE;FALSE;FALSE;FALSE;FALSE;;0;FALSE
2262;57.51;;Excision of urachus;FALSE;FALSE;FALSE;FALSE;FALSE;;0;FALSE
2263;57.59;;Open excision or destruction of other lesion or tissue of bladder;FALSE;FALSE;FALSE;FALSE;FALSE;;0;FALSE
2264;57.6;;Partial cystectomy;FALSE;FALSE;FALSE;FALSE;FALSE;;0;FALSE
2265;57.71;;Radical cystectomy;FALSE;FALSE;FALSE;FALSE;FALSE;;0;FALSE
2266;57.79;;Other total cystectomy;FALSE;FALSE;FALSE;FALSE;FALSE;;0;FALSE
2267;57.81;;Suture of laceration of bladder;FALSE;FALSE;FALSE;FALSE;FALSE;;0;FALSE
2268;57.82;;Closure of cystostomy;FALSE;FALSE;FALSE;FALSE;FALSE;;0;FALSE
2269;57.83;;Repair of fistula involving bladder and intestine;FALSE;FALSE;FALSE;FALSE;FALSE;;0;FALSE
2270;57.84;;Repair of other fistula of bladder;FALSE;FALSE;FALSE;FALSE;FALSE;;0;FALSE
2271;57.85;;Cystourethroplasty and plastic repair of bladder neck;FALSE;FALSE;FALSE;FALSE;FALSE;;0;FALSE
2272;57.86;;Repair of bladder exstrophy;FALSE;FALSE;FALSE;FALSE;FALSE;;0;FALSE
2273;57.87;;Reconstruction of urinary bladder;FALSE;FALSE;FALSE;FALSE;FALSE;;0;FALSE
2274;57.88;;Other anastomosis of bladder;FALSE;FALSE;FALSE;FALSE;FALSE;;0;FALSE
2275;57.89;;Other repair of bladder;FALSE;FALSE;FALSE;FALSE;FALSE;;0;FALSE
2276;57.91;;Sphincterotomy of bladder;FALSE;FALSE;FALSE;FALSE;FALSE;;0;FALSE
2277;57.92;;Dilation of bladder neck;FALSE;FALSE;FALSE;FALSE;FALSE;;0;FALSE
2278;57.93;;Control of (postoperative) hemorrhage of bladder;FALSE;FALSE;FALSE;FALSE;FALSE;;0;FALSE
2279;57.94;;Insertion of indwelling urinary catheter;FALSE;FALSE;FALSE;FALSE;FALSE;;0;FALSE
2280;57.95;;Replacement of indwelling urinary catheter;FALSE;FALSE;FALSE;FALSE;FALSE;;0;FALSE
2281;57.96;;Implantation of electronic bladder stimulator;FALSE;FALSE;FALSE;FALSE;FALSE;;0;FALSE
2282;57.97;;Replacement of electronic bladder stimulator;FALSE;FALSE;FALSE;FALSE;FALSE;;0;FALSE
2283;57.98;;Removal of electronic bladder stimulator;FALSE;FALSE;FALSE;FALSE;FALSE;;0;FALSE
2284;57.99;;Other operations on bladder;FALSE;FALSE;FALSE;FALSE;FALSE;;0;FALSE
2285;58.0;;Urethrotomy;FALSE;FALSE;FALSE;FALSE;FALSE;;0;FALSE
2286;58.1;;Urethral meatotomy;FALSE;FALSE;FALSE;FALSE;FALSE;;0;FALSE
2287;58.21;;Perineal urethroscopy;FALSE;FALSE;FALSE;FALSE;FALSE;;0;FALSE
2288;58.22;;Other urethroscopy;FALSE;FALSE;FALSE;FALSE;FALSE;;0;FALSE
2289;58.23;;Biopsy of urethra;FALSE;FALSE;FALSE;FALSE;FALSE;;0;FALSE
2290;58.24;;Biopsy of periurethral tissue;FALSE;FALSE;FALSE;FALSE;FALSE;;0;FALSE
2291;58.29;;Other diagnostic procedures on urethra and periurethral tissue;FALSE;FALSE;FALSE;FALSE;FALSE;;0;FALSE
2292;58.31;;Endoscopic excision or destruction of lesion or tissue of urethra;FALSE;FALSE;FALSE;FALSE;FALSE;;0;FALSE
2293;58.39;;Other local excision or destruction of lesion or tissue of urethra;FALSE;FALSE;FALSE;FALSE;FALSE;;0;FALSE
2294;58.41;;Suture of laceration of urethra;FALSE;FALSE;FALSE;FALSE;FALSE;;0;FALSE
2295;58.42;;Closure of urethrostomy;FALSE;FALSE;FALSE;FALSE;FALSE;;0;FALSE
2296;58.43;;Closure of other fistula of urethra;FALSE;FALSE;FALSE;FALSE;FALSE;;0;FALSE
2297;58.44;;Reanastomosis of urethra;FALSE;FALSE;FALSE;FALSE;FALSE;;0;FALSE
2298;58.45;;Repair of hypospadias or epispadias;FALSE;FALSE;FALSE;FALSE;FALSE;;0;FALSE
2299;58.46;;Other reconstruction of urethra;FALSE;FALSE;FALSE;FALSE;FALSE;;0;FALSE
2300;58.47;;Urethral meatoplasty;FALSE;FALSE;FALSE;FALSE;FALSE;;0;FALSE
2301;58.49;;Other repair of urethra;FALSE;FALSE;FALSE;FALSE;FALSE;;0;FALSE
2302;58.5;;Release of urethral stricture;FALSE;FALSE;FALSE;FALSE;FALSE;;0;FALSE
2303;58.6;;Dilation of urethra;FALSE;FALSE;FALSE;FALSE;FALSE;;0;FALSE
2304;58.91;;Incision of periurethral tissue;FALSE;FALSE;FALSE;FALSE;FALSE;;0;FALSE
2305;58.92;;Excision of periurethral tissue;FALSE;FALSE;FALSE;FALSE;FALSE;;0;FALSE
2466;65.79;;Other repair of ovary;FALSE;FALSE;FALSE;FALSE;FALSE;;0;FALSE
2306;58.93;;Implantation of artificial urinary sphincter [AUS];FALSE;FALSE;FALSE;FALSE;FALSE;;0;FALSE
2307;58.99;;Other operations on urethra and periurethral tissue;FALSE;FALSE;FALSE;FALSE;FALSE;;0;FALSE
2308;59.00;;Retroperitoneal dissection, not otherwise specified;FALSE;FALSE;FALSE;FALSE;FALSE;;0;FALSE
2309;59.02;;Other lysis of perirenal or periureteral adhesions;FALSE;FALSE;FALSE;FALSE;FALSE;;0;FALSE
2310;59.03;;Laparoscopic lysis of perirenal or periureteral adhesions;FALSE;FALSE;FALSE;FALSE;FALSE;;0;FALSE
2311;59.09;;Other incision of perirenal or periureteral tissue;FALSE;FALSE;FALSE;FALSE;FALSE;;0;FALSE
2312;59.11;;Other lysis of perivesical adhesions;FALSE;FALSE;FALSE;FALSE;FALSE;;0;FALSE
2313;59.12;;Laparoscopic lysis of perivesical adhesions;FALSE;FALSE;FALSE;FALSE;FALSE;;0;FALSE
2314;59.19;;Other incision of perivesical tissue;FALSE;FALSE;FALSE;FALSE;FALSE;;0;FALSE
2315;59.21;;Biopsy of perirenal or perivesical tissue;FALSE;FALSE;FALSE;FALSE;FALSE;;0;FALSE
2316;59.29;;Other diagnostic procedures on perirenal tissue, perivesical tissue, and retroperitoneum;FALSE;FALSE;FALSE;FALSE;FALSE;;0;FALSE
2317;59.3;;Plication of urethrovesical junction;FALSE;FALSE;FALSE;FALSE;FALSE;;0;FALSE
2318;59.4;;Suprapubic sling operation;FALSE;FALSE;FALSE;FALSE;FALSE;;0;FALSE
2319;59.5;;Retropubic urethral suspension;FALSE;FALSE;FALSE;FALSE;FALSE;;0;FALSE
2320;59.6;;Paraurethral suspension;FALSE;FALSE;FALSE;FALSE;FALSE;;0;FALSE
2321;59.71;;Levator muscle operation for urethrovesical suspension;FALSE;FALSE;FALSE;FALSE;FALSE;;0;FALSE
2322;59.72;;Injection of implant into urethra and/or bladder neck;FALSE;FALSE;FALSE;FALSE;FALSE;;0;FALSE
2323;59.79;;Other repair of urinary stress incontinence;FALSE;FALSE;FALSE;FALSE;FALSE;;0;FALSE
2324;59.8;;Ureteral catheterization;FALSE;FALSE;FALSE;FALSE;FALSE;;0;FALSE
2325;59.91;;Excision of perirenal or perivesical tissue;FALSE;FALSE;FALSE;FALSE;FALSE;;0;FALSE
2326;59.92;;Other operations on perirenal or perivesical tissue;FALSE;FALSE;FALSE;FALSE;FALSE;;0;FALSE
2327;59.93;;Replacement of ureterostomy tube;FALSE;FALSE;FALSE;FALSE;FALSE;;0;FALSE
2328;59.94;;Replacement of cystostomy tube;FALSE;FALSE;FALSE;FALSE;FALSE;;0;FALSE
2329;59.95;;Ultrasonic fragmentation of urinary stones;FALSE;FALSE;FALSE;FALSE;FALSE;;0;FALSE
2330;59.99;;Other operations on urinary system;FALSE;FALSE;FALSE;FALSE;FALSE;;0;FALSE
2331;60.0;;Incision of prostate;FALSE;FALSE;FALSE;FALSE;FALSE;;0;FALSE
2332;60.11;;Closed [percutaneous] [needle] biopsy of prostate;FALSE;FALSE;FALSE;FALSE;FALSE;;0;FALSE
2333;60.12;;Open biopsy of prostate;FALSE;FALSE;FALSE;FALSE;FALSE;;0;FALSE
2334;60.13;;Closed [percutaneous] biopsy of seminal vesicles;FALSE;FALSE;FALSE;FALSE;FALSE;;0;FALSE
2335;60.14;;Open biopsy of seminal vesicles;FALSE;FALSE;FALSE;FALSE;FALSE;;0;FALSE
2336;60.15;;Biopsy of periprostatic tissue;FALSE;FALSE;FALSE;FALSE;FALSE;;0;FALSE
2337;60.18;;Other diagnostic procedures on prostate and periprostatic tissue;FALSE;FALSE;FALSE;FALSE;FALSE;;0;FALSE
2338;60.19;;Other diagnostic procedures on seminal vesicles;FALSE;FALSE;FALSE;FALSE;FALSE;;0;FALSE
2339;60.21;;Transurethral (ultrasound) guided laser induced prostatectomy (TULIP);FALSE;FALSE;FALSE;FALSE;FALSE;;0;FALSE
2340;60.29;;Other transurethral prostatectomy;FALSE;FALSE;FALSE;FALSE;FALSE;;0;FALSE
2341;60.3;;Suprapubic prostatectomy;FALSE;FALSE;FALSE;FALSE;FALSE;;0;FALSE
2342;60.4;;Retropubic prostatectomy;FALSE;FALSE;FALSE;FALSE;FALSE;;0;FALSE
2343;60.5;;Radical prostatectomy;FALSE;FALSE;FALSE;FALSE;FALSE;;0;FALSE
2344;60.61;;Local excision of lesion of prostate;FALSE;FALSE;FALSE;FALSE;FALSE;;0;FALSE
2345;60.62;;Perineal prostatectomy;FALSE;FALSE;FALSE;FALSE;FALSE;;0;FALSE
2346;60.69;;Other prostatectomy;FALSE;FALSE;FALSE;FALSE;FALSE;;0;FALSE
2347;60.71;;Percutaneous aspiration of seminal vesicle;FALSE;FALSE;FALSE;FALSE;FALSE;;0;FALSE
2348;60.72;;Incision of seminal vesicle;FALSE;FALSE;FALSE;FALSE;FALSE;;0;FALSE
2349;60.73;;Excision of seminal vesicle;FALSE;FALSE;FALSE;FALSE;FALSE;;0;FALSE
2350;60.79;;Other operations on seminal vesicles;FALSE;FALSE;FALSE;FALSE;FALSE;;0;FALSE
2351;60.81;;Incision of periprostatic tissue;FALSE;FALSE;FALSE;FALSE;FALSE;;0;FALSE
2352;60.82;;Excision of periprostatic tissue;FALSE;FALSE;FALSE;FALSE;FALSE;;0;FALSE
2353;60.91;;Percutaneous aspiration of prostate;FALSE;FALSE;FALSE;FALSE;FALSE;;0;FALSE
2354;60.92;;Injection into prostate;FALSE;FALSE;FALSE;FALSE;FALSE;;0;FALSE
2355;60.93;;Repair of prostate;FALSE;FALSE;FALSE;FALSE;FALSE;;0;FALSE
2356;60.94;;Control of (postoperative) hemorrhage of prostate;FALSE;FALSE;FALSE;FALSE;FALSE;;0;FALSE
2357;60.95;;Transurethral balloon dilation of the prostatic urethra;FALSE;FALSE;FALSE;FALSE;FALSE;;0;FALSE
2358;60.96;;Transurethral destruction of prostate tissue by microwave thermotherapy;FALSE;FALSE;FALSE;FALSE;FALSE;;0;FALSE
2359;60.97;;Other transurethral destruction of prostate tissue by other thermotherapy;FALSE;FALSE;FALSE;FALSE;FALSE;;0;FALSE
2360;60.99;;Other operations on prostate;FALSE;FALSE;FALSE;FALSE;FALSE;;0;FALSE
2361;61.0;;Incision and drainage of scrotum and tunica vaginalis;FALSE;FALSE;FALSE;FALSE;FALSE;;0;FALSE
2362;61.11;;Biopsy of scrotum or tunica vaginalis;FALSE;FALSE;FALSE;FALSE;FALSE;;0;FALSE
2363;61.19;;Other diagnostic procedures on scrotum and tunica vaginalis;FALSE;FALSE;FALSE;FALSE;FALSE;;0;FALSE
2364;61.2;;Excision of hydrocele (of tunica vaginalis);FALSE;FALSE;FALSE;FALSE;FALSE;;0;FALSE
2365;61.3;;Excision or destruction of lesion or tissue of scrotum;FALSE;FALSE;FALSE;FALSE;FALSE;;0;FALSE
2366;61.41;;Suture of laceration of scrotum and tunica vaginalis;FALSE;FALSE;FALSE;FALSE;FALSE;;0;FALSE
2367;61.42;;Repair of scrotal fistula;FALSE;FALSE;FALSE;FALSE;FALSE;;0;FALSE
2368;61.49;;Other repair of scrotum and tunica vaginalis;FALSE;FALSE;FALSE;FALSE;FALSE;;0;FALSE
2369;61.91;;Percutaneous aspiration of tunica vaginalis;FALSE;FALSE;FALSE;FALSE;FALSE;;0;FALSE
2370;61.92;;Excision of lesion of tunica vaginalis other than hydrocele;FALSE;FALSE;FALSE;FALSE;FALSE;;0;FALSE
2371;61.99;;Other operations on scrotum and tunica vaginalis;FALSE;FALSE;FALSE;FALSE;FALSE;;0;FALSE
2372;62.0;;Incision of testis;FALSE;FALSE;FALSE;FALSE;FALSE;;0;FALSE
2373;62.11;;Closed [percutaneous] [needle] biopsy of testis;FALSE;FALSE;FALSE;FALSE;FALSE;;0;FALSE
2374;62.12;;Open biopsy of testis;FALSE;FALSE;FALSE;FALSE;FALSE;;0;FALSE
2375;62.19;;Other diagnostic procedures on testes;FALSE;FALSE;FALSE;FALSE;FALSE;;0;FALSE
2376;62.2;;Excision or destruction of testicular lesion;FALSE;FALSE;FALSE;FALSE;FALSE;;0;FALSE
2377;62.3;;Unilateral orchiectomy;FALSE;FALSE;FALSE;FALSE;FALSE;;0;FALSE
2378;62.41;;Removal of both testes at same operative episode;FALSE;FALSE;FALSE;FALSE;FALSE;;0;FALSE
2379;62.42;;Removal of remaining testis;FALSE;FALSE;FALSE;FALSE;FALSE;;0;FALSE
2380;62.5;;Orchiopexy;FALSE;FALSE;FALSE;FALSE;FALSE;;0;FALSE
2381;62.61;;Suture of laceration of testis;FALSE;FALSE;FALSE;FALSE;FALSE;;0;FALSE
2382;62.69;;Other repair of testis;FALSE;FALSE;FALSE;FALSE;FALSE;;0;FALSE
2383;62.7;;Insertion of testicular prosthesis;FALSE;FALSE;FALSE;FALSE;FALSE;;0;FALSE
2384;62.91;;Aspiration of testis;FALSE;FALSE;FALSE;FALSE;FALSE;;0;FALSE
2385;62.92;;Injection of therapeutic substance into testis;FALSE;FALSE;FALSE;FALSE;FALSE;;0;FALSE
2386;62.99;;Other operations on testes;FALSE;FALSE;FALSE;FALSE;FALSE;;0;FALSE
2387;63.01;;Biopsy of spermatic cord, epididymis, or vas deferens;FALSE;FALSE;FALSE;FALSE;FALSE;;0;FALSE
2388;63.09;;Other diagnostic procedures on spermatic cord, epididymis, and vas deferens;FALSE;FALSE;FALSE;FALSE;FALSE;;0;FALSE
2389;63.1;;Excision of varicocele and hydrocele of spermatic cord;FALSE;FALSE;FALSE;FALSE;FALSE;;0;FALSE
2390;63.2;;Excision of cyst of epididymis;FALSE;FALSE;FALSE;FALSE;FALSE;;0;FALSE
2391;63.3;;Excision of other lesion or tissue of spermatic cord and epididymis;FALSE;FALSE;FALSE;FALSE;FALSE;;0;FALSE
2392;63.4;;Epididymectomy;FALSE;FALSE;FALSE;FALSE;FALSE;;0;FALSE
2393;63.51;;Suture of laceration of spermatic cord and epididymis;FALSE;FALSE;FALSE;FALSE;FALSE;;0;FALSE
2394;63.52;;Reduction of torsion of testis or spermatic cord;FALSE;FALSE;FALSE;FALSE;FALSE;;0;FALSE
2395;63.53;;Transplantation of spermatic cord;FALSE;FALSE;FALSE;FALSE;FALSE;;0;FALSE
2396;63.59;;Other repair of spermatic cord and epididymis;FALSE;FALSE;FALSE;FALSE;FALSE;;0;FALSE
2397;63.6;;Vasotomy;FALSE;FALSE;FALSE;FALSE;FALSE;;0;FALSE
2398;63.70;;Male sterilization procedure, not otherwise specified;FALSE;FALSE;FALSE;FALSE;FALSE;;0;FALSE
2399;63.71;;Ligation of vas deferens;FALSE;FALSE;FALSE;FALSE;FALSE;;0;FALSE
2400;63.72;;Ligation of spermatic cord;FALSE;FALSE;FALSE;FALSE;FALSE;;0;FALSE
2401;63.73;;Vasectomy;FALSE;FALSE;FALSE;FALSE;FALSE;;0;FALSE
2402;63.81;;Suture of laceration of vas deferens and epididymis;FALSE;FALSE;FALSE;FALSE;FALSE;;0;FALSE
2403;63.82;;Reconstruction of surgically divided vas deferens;FALSE;FALSE;FALSE;FALSE;FALSE;;0;FALSE
2404;63.83;;Epididymovasostomy;FALSE;FALSE;FALSE;FALSE;FALSE;;0;FALSE
2405;63.84;;Removal of ligature from vas deferens;FALSE;FALSE;FALSE;FALSE;FALSE;;0;FALSE
2406;63.85;;Removal of valve from vas deferens;FALSE;FALSE;FALSE;FALSE;FALSE;;0;FALSE
2407;63.89;;Other repair of vas deferens and epididymis;FALSE;FALSE;FALSE;FALSE;FALSE;;0;FALSE
2408;63.91;;Aspiration of spermatocele;FALSE;FALSE;FALSE;FALSE;FALSE;;0;FALSE
2409;63.92;;Epididymotomy;FALSE;FALSE;FALSE;FALSE;FALSE;;0;FALSE
2410;63.93;;Incision of spermatic cord;FALSE;FALSE;FALSE;FALSE;FALSE;;0;FALSE
2411;63.94;;Lysis of adhesions of spermatic cord;FALSE;FALSE;FALSE;FALSE;FALSE;;0;FALSE
2412;63.95;;Insertion of valve in vas deferens;FALSE;FALSE;FALSE;FALSE;FALSE;;0;FALSE
2413;63.99;;Other operations on spermatic card, epididymis, and vas deferens;FALSE;FALSE;FALSE;FALSE;FALSE;;0;FALSE
2414;64.0;;Circumcision;FALSE;FALSE;FALSE;FALSE;FALSE;;0;FALSE
2415;64.11;;Biopsy of penis;FALSE;FALSE;FALSE;FALSE;FALSE;;0;FALSE
2416;64.19;;Other diagnostic procedures on penis;FALSE;FALSE;FALSE;FALSE;FALSE;;0;FALSE
2417;64.2;;Local excision or destruction of lesion of penis;FALSE;FALSE;FALSE;FALSE;FALSE;;0;FALSE
2418;64.3;;Amputation of penis;FALSE;FALSE;FALSE;FALSE;FALSE;;0;FALSE
2419;64.41;;Suture of laceration of penis;FALSE;FALSE;FALSE;FALSE;FALSE;;0;FALSE
2420;64.42;;Release of chordee;FALSE;FALSE;FALSE;FALSE;FALSE;;0;FALSE
2421;64.43;;Construction of penis;FALSE;FALSE;FALSE;FALSE;FALSE;;0;FALSE
2422;64.44;;Reconstruction of penis;FALSE;FALSE;FALSE;FALSE;FALSE;;0;FALSE
2423;64.45;;Replantation of penis;FALSE;FALSE;FALSE;FALSE;FALSE;;0;FALSE
2424;64.49;;Other repair of penis;FALSE;FALSE;FALSE;FALSE;FALSE;;0;FALSE
2425;64.5;;Operations for sex transformation, not elsewhere classified;FALSE;FALSE;FALSE;FALSE;FALSE;;0;FALSE
2426;64.91;;Dorsal or lateral slit of prepuce;FALSE;FALSE;FALSE;FALSE;FALSE;;0;FALSE
2427;64.92;;Incision of penis;FALSE;FALSE;FALSE;FALSE;FALSE;;0;FALSE
2428;64.93;;Division of penile adhesions;FALSE;FALSE;FALSE;FALSE;FALSE;;0;FALSE
2429;64.94;;Fitting of external prosthesis of penis;FALSE;FALSE;FALSE;FALSE;FALSE;;0;FALSE
2430;64.95;;Insertion or replacement of non-inflatable penile prosthesis;FALSE;FALSE;FALSE;FALSE;FALSE;;0;FALSE
2431;64.96;;Removal of internal prosthesis of penis;FALSE;FALSE;FALSE;FALSE;FALSE;;0;FALSE
2432;64.97;;Insertion or replacement of inflatable penile prosthesis;FALSE;FALSE;FALSE;FALSE;FALSE;;0;FALSE
2433;64.98;;Other operations on penis;FALSE;FALSE;FALSE;FALSE;FALSE;;0;FALSE
2434;64.99;;Other operations on male genital organs;FALSE;FALSE;FALSE;FALSE;FALSE;;0;FALSE
2435;65.01;;Laparoscopic oophorotomy;FALSE;FALSE;FALSE;FALSE;FALSE;;0;FALSE
2436;65.09;;Other oophorotomy;FALSE;FALSE;FALSE;FALSE;FALSE;;0;FALSE
2437;65.11;;Aspiration biopsy of ovary;FALSE;FALSE;FALSE;FALSE;FALSE;;0;FALSE
2438;65.12;;Other biopsy of ovary;FALSE;FALSE;FALSE;FALSE;FALSE;;0;FALSE
2439;65.13;;Laparoscopic biopsy of ovary;FALSE;FALSE;FALSE;FALSE;FALSE;;0;FALSE
2440;65.14;;Other laparoscopic diagnostic procedures on ovaries;FALSE;FALSE;FALSE;FALSE;FALSE;;0;FALSE
2441;65.19;;Other diagnostic procedures on ovaries;FALSE;FALSE;FALSE;FALSE;FALSE;;0;FALSE
2442;65.21;;Marsupialization of ovarian cyst;FALSE;FALSE;FALSE;FALSE;FALSE;;0;FALSE
2443;65.22;;Wedge resection of ovary;FALSE;FALSE;FALSE;FALSE;FALSE;;0;FALSE
2444;65.23;;Laparoscopic marsupialization of ovarian cyst;FALSE;FALSE;FALSE;FALSE;FALSE;;0;FALSE
2445;65.24;;Laparoscopic wedge resection of ovary;FALSE;FALSE;FALSE;FALSE;FALSE;;0;FALSE
2446;65.25;;Other laparoscopic local excision or destruction of ovary;FALSE;FALSE;FALSE;FALSE;FALSE;;0;FALSE
2447;65.29;;Other local excision or destruction of ovary;FALSE;FALSE;FALSE;FALSE;FALSE;;0;FALSE
2448;65.31;;Laparoscopic unilateral oophorectomy;FALSE;FALSE;FALSE;FALSE;FALSE;;0;FALSE
2449;65.39;;Other unilateral oophorectomy;FALSE;FALSE;FALSE;FALSE;FALSE;;0;FALSE
2450;65.41;;Laparoscopic unilateral salpingo-oophorectomy;FALSE;FALSE;FALSE;FALSE;FALSE;;0;FALSE
2451;65.49;;Other unilateral salpingo-oophorectomy;FALSE;FALSE;FALSE;FALSE;FALSE;;0;FALSE
2452;65.51;;Other removal of both ovaries at same operative episode;FALSE;FALSE;FALSE;FALSE;FALSE;;0;FALSE
2453;65.52;;Other removal of remaining ovary;FALSE;FALSE;FALSE;FALSE;FALSE;;0;FALSE
2454;65.53;;Laparoscopic removal of both ovaries at same operative episode;FALSE;FALSE;FALSE;FALSE;FALSE;;0;FALSE
2455;65.54;;Laparoscopic removal of remaining ovary;FALSE;FALSE;FALSE;FALSE;FALSE;;0;FALSE
2456;65.61;;Other removal of both ovaries and tubes at same operative episode;FALSE;FALSE;FALSE;FALSE;FALSE;;0;FALSE
2457;65.62;;Other removal of remaining ovary and tube;FALSE;FALSE;FALSE;FALSE;FALSE;;0;FALSE
2458;65.63;;Laparoscopic removal of both ovaries and tubes at same operative episode;FALSE;FALSE;FALSE;FALSE;FALSE;;0;FALSE
2459;65.64;;Laparoscopic removal of remaining ovary and tube;FALSE;FALSE;FALSE;FALSE;FALSE;;0;FALSE
2460;65.71;;Other simple suture of ovary;FALSE;FALSE;FALSE;FALSE;FALSE;;0;FALSE
2461;65.72;;Other reimplantation of ovary;FALSE;FALSE;FALSE;FALSE;FALSE;;0;FALSE
2462;65.73;;Other salpingo-oophoroplasty;FALSE;FALSE;FALSE;FALSE;FALSE;;0;FALSE
2463;65.74;;Laparoscopic simple suture of ovary;FALSE;FALSE;FALSE;FALSE;FALSE;;0;FALSE
2464;65.75;;Laparoscopic reimplantation of ovary;FALSE;FALSE;FALSE;FALSE;FALSE;;0;FALSE
2465;65.76;;Laparoscopic salpingo-oophoroplasty;FALSE;FALSE;FALSE;FALSE;FALSE;;0;FALSE
2467;65.81;;Laparoscopic lysis of adhesions of ovary and fallopian tube;FALSE;FALSE;FALSE;FALSE;FALSE;;0;FALSE
2468;65.89;;Other lysis of adhesions of ovary and fallopian tube;FALSE;FALSE;FALSE;FALSE;FALSE;;0;FALSE
2469;65.91;;Aspiration of ovary;FALSE;FALSE;FALSE;FALSE;FALSE;;0;FALSE
2470;65.92;;Transplantation of ovary;FALSE;FALSE;FALSE;FALSE;FALSE;;0;FALSE
2471;65.93;;Manual rupture of ovarian cyst;FALSE;FALSE;FALSE;FALSE;FALSE;;0;FALSE
2472;65.94;;Ovarian denervation;FALSE;FALSE;FALSE;FALSE;FALSE;;0;FALSE
2473;65.95;;Release of torsion of ovary;FALSE;FALSE;FALSE;FALSE;FALSE;;0;FALSE
2474;65.99;;Other operations on ovary;FALSE;FALSE;FALSE;FALSE;FALSE;;0;FALSE
2475;66.01;;Salpingotomy;FALSE;FALSE;FALSE;FALSE;FALSE;;0;FALSE
2476;66.02;;Salpingostomy;FALSE;FALSE;FALSE;FALSE;FALSE;;0;FALSE
2477;66.11;;Biopsy of fallopian tube;FALSE;FALSE;FALSE;FALSE;FALSE;;0;FALSE
2478;66.19;;Other diagnostic procedures on fallopian tubes;FALSE;FALSE;FALSE;FALSE;FALSE;;0;FALSE
2479;66.21;;Bilateral endoscopic ligation and crushing of fallopian tubes;FALSE;FALSE;FALSE;FALSE;FALSE;;0;FALSE
2480;66.22;;Bilateral endoscopic ligation and division of fallopian tubes;FALSE;FALSE;FALSE;FALSE;FALSE;;0;FALSE
2481;66.29;;Other bilateral endoscopic destruction or occlusion of fallopian tubes;FALSE;FALSE;FALSE;FALSE;FALSE;;0;FALSE
2482;66.31;;Other bilateral ligation and crushing of fallopian tubes;FALSE;FALSE;FALSE;FALSE;FALSE;;0;FALSE
2483;66.32;;Other bilateral ligation and division of fallopian tubes;FALSE;FALSE;FALSE;FALSE;FALSE;;0;FALSE
2484;66.39;;Other bilateral destruction or occlusion of fallopian tubes;FALSE;FALSE;FALSE;FALSE;FALSE;;0;FALSE
2485;66.4;;Total unilateral salpingectomy;FALSE;FALSE;FALSE;FALSE;FALSE;;0;FALSE
2486;66.51;;Removal of both fallopian tubes at same operative episode;FALSE;FALSE;FALSE;FALSE;FALSE;;0;FALSE
2487;66.52;;Removal of remaining fallopian tube;FALSE;FALSE;FALSE;FALSE;FALSE;;0;FALSE
2488;66.61;;Excision or destruction of lesion of fallopian tube;FALSE;FALSE;FALSE;FALSE;FALSE;;0;FALSE
2489;66.62;;Salpingectomy with removal of tubal pregnancy;FALSE;FALSE;FALSE;FALSE;FALSE;;0;FALSE
2490;66.63;;Bilateral partial salpingectomy, not otherwise specified;FALSE;FALSE;FALSE;FALSE;FALSE;;0;FALSE
2491;66.69;;Other partial salpingectomy;FALSE;FALSE;FALSE;FALSE;FALSE;;0;FALSE
2492;66.71;;Simple suture of fallopian tube;FALSE;FALSE;FALSE;FALSE;FALSE;;0;FALSE
2493;66.72;;Salpingo-oophorostomy;FALSE;FALSE;FALSE;FALSE;FALSE;;0;FALSE
2494;66.73;;Salpingo-salpingostomy;FALSE;FALSE;FALSE;FALSE;FALSE;;0;FALSE
2495;66.74;;Salpingo-uterostomy;FALSE;FALSE;FALSE;FALSE;FALSE;;0;FALSE
2496;66.79;;Other repair of fallopian tube;FALSE;FALSE;FALSE;FALSE;FALSE;;0;FALSE
2497;66.8;;Insufflation of fallopian tube;FALSE;FALSE;FALSE;FALSE;FALSE;;0;FALSE
2498;66.91;;Aspiration of fallopian tube;FALSE;FALSE;FALSE;FALSE;FALSE;;0;FALSE
2499;66.92;;Unilateral destruction or occlusion of fallopian tube;FALSE;FALSE;FALSE;FALSE;FALSE;;0;FALSE
2500;66.93;;Implantation or replacement of prosthesis of fallopian tube;FALSE;FALSE;FALSE;FALSE;FALSE;;0;FALSE
2501;66.94;;Removal of prosthesis of fallopian tube;FALSE;FALSE;FALSE;FALSE;FALSE;;0;FALSE
2502;66.95;;Insufflation of therapeutic agent into fallopian tubes;FALSE;FALSE;FALSE;FALSE;FALSE;;0;FALSE
2503;66.96;;Dilation of fallopian tube;FALSE;FALSE;FALSE;FALSE;FALSE;;0;FALSE
2504;66.97;;Burying of fimbriae in uterine wall;FALSE;FALSE;FALSE;FALSE;FALSE;;0;FALSE
2505;66.99;;Other operations on fallopian tubes;FALSE;FALSE;FALSE;FALSE;FALSE;;0;FALSE
2506;67.0;;Dilation of cervical canal;FALSE;FALSE;FALSE;FALSE;FALSE;;0;FALSE
2507;67.11;;Endocervical biopsy;FALSE;FALSE;FALSE;FALSE;FALSE;;0;FALSE
2508;67.12;;Other cervical biopsy;FALSE;FALSE;FALSE;FALSE;FALSE;;0;FALSE
2509;67.19;;Other diagnostic procedures on cervix;FALSE;FALSE;FALSE;FALSE;FALSE;;0;FALSE
2510;67.2;;Conization of cervix;FALSE;FALSE;FALSE;FALSE;FALSE;;0;FALSE
2511;67.31;;Marsupialization of cervical cyst;FALSE;FALSE;FALSE;FALSE;FALSE;;0;FALSE
2512;67.32;;Destruction of lesion of cervix by cauterization;FALSE;FALSE;FALSE;FALSE;FALSE;;0;FALSE
2513;67.33;;Destruction of lesion of cervix by cryosurgery;FALSE;FALSE;FALSE;FALSE;FALSE;;0;FALSE
2514;67.39;;Other excision or destruction of lesion or tissue of cervix;FALSE;FALSE;FALSE;FALSE;FALSE;;0;FALSE
2515;67.4;;Amputation of cervix;FALSE;FALSE;FALSE;FALSE;FALSE;;0;FALSE
2516;67.51;;Transabdominal cerclage of cervix;FALSE;FALSE;FALSE;FALSE;FALSE;;0;FALSE
2517;67.59;;Other repair of internal cervical os;FALSE;FALSE;FALSE;FALSE;FALSE;;0;FALSE
2518;67.61;;Suture of laceration of cervix;FALSE;FALSE;FALSE;FALSE;FALSE;;0;FALSE
2519;67.62;;Repair of fistula of cervix;FALSE;FALSE;FALSE;FALSE;FALSE;;0;FALSE
2520;67.69;;Other repair of cervix;FALSE;FALSE;FALSE;FALSE;FALSE;;0;FALSE
2521;68.0;;Hysterotomy;FALSE;FALSE;FALSE;FALSE;FALSE;;0;FALSE
2522;68.11;;Digital examination of uterus;FALSE;FALSE;FALSE;FALSE;FALSE;;0;FALSE
2523;68.12;;Hysteroscopy;FALSE;FALSE;FALSE;FALSE;FALSE;;0;FALSE
2524;68.13;;Open biopsy of uterus;FALSE;FALSE;FALSE;FALSE;FALSE;;0;FALSE
2525;68.14;;Open biopsy of uterine ligaments;FALSE;FALSE;FALSE;FALSE;FALSE;;0;FALSE
2526;68.15;;Closed biopsy of uterine ligaments;FALSE;FALSE;FALSE;FALSE;FALSE;;0;FALSE
2527;68.16;;Closed biopsy of uterus;FALSE;FALSE;FALSE;FALSE;FALSE;;0;FALSE
2528;68.19;;Other diagnostic procedures on uterus and supporting structures;FALSE;FALSE;FALSE;FALSE;FALSE;;0;FALSE
2529;68.21;;Division of endometrial synechiae;FALSE;FALSE;FALSE;FALSE;FALSE;;0;FALSE
2530;68.22;;Incision or excision of congenital septum of uterus;FALSE;FALSE;FALSE;FALSE;FALSE;;0;FALSE
2531;68.23;;Endometrial ablation;FALSE;FALSE;FALSE;FALSE;FALSE;;0;FALSE
2532;68.29;;Other excision or destruction of lesion of uterus;FALSE;FALSE;FALSE;FALSE;FALSE;;0;FALSE
2533;68.31;;Laparoscopic supracervical hysterectomy [LSH];FALSE;FALSE;FALSE;FALSE;FALSE;;0;FALSE
2534;68.39;;Other subtotal abdominal hysterectomy, NOS;FALSE;FALSE;FALSE;FALSE;FALSE;;0;FALSE
2535;68.4;;Total abdominal hysterectomy;FALSE;FALSE;FALSE;FALSE;FALSE;;0;FALSE
2536;68.51;;Laparoscopically assisted vaginal hysterectomy (LAVH);FALSE;FALSE;FALSE;FALSE;FALSE;;0;FALSE
2537;68.59;;Other vaginal hysterectomy;FALSE;FALSE;FALSE;FALSE;FALSE;;0;FALSE
2538;68.6;;Radical abdominal hysterectomy;FALSE;FALSE;FALSE;FALSE;FALSE;;0;FALSE
2539;68.7;;Radical vaginal hysterectomy;FALSE;FALSE;FALSE;FALSE;FALSE;;0;FALSE
2540;68.8;;Pelvic evisceration;FALSE;FALSE;FALSE;FALSE;FALSE;;0;FALSE
2541;68.9;;Other and unspecified hysterectomy;FALSE;FALSE;FALSE;FALSE;FALSE;;0;FALSE
2542;69.01;;Dilation and curettage for termination of pregnancy;FALSE;FALSE;FALSE;FALSE;FALSE;;0;FALSE
2543;69.02;;Dilation and curettage following delivery or abortion;FALSE;FALSE;FALSE;FALSE;FALSE;;0;FALSE
2544;69.09;;Other dilation and curettage;FALSE;FALSE;FALSE;FALSE;FALSE;;0;FALSE
2545;69.19;;Other excision or destruction of uterus and supporting structures;FALSE;FALSE;FALSE;FALSE;FALSE;;0;FALSE
2546;69.21;;Interposition operation;FALSE;FALSE;FALSE;FALSE;FALSE;;0;FALSE
2547;69.22;;Other uterine suspension;FALSE;FALSE;FALSE;FALSE;FALSE;;0;FALSE
2548;69.23;;Vaginal repair of chronic inversion of uterus;FALSE;FALSE;FALSE;FALSE;FALSE;;0;FALSE
2549;69.29;;Other repair of uterus and supporting structures;FALSE;FALSE;FALSE;FALSE;FALSE;;0;FALSE
2550;69.3;;Paracervical uterine denervation;FALSE;FALSE;FALSE;FALSE;FALSE;;0;FALSE
2551;69.41;;Suture of laceration of uterus;FALSE;FALSE;FALSE;FALSE;FALSE;;0;FALSE
2552;69.42;;Closure of fistula of uterus;FALSE;FALSE;FALSE;FALSE;FALSE;;0;FALSE
2553;69.49;;Other repair of uterus;FALSE;FALSE;FALSE;FALSE;FALSE;;0;FALSE
2554;69.51;;Aspiration curettage of uterus for termination of pregnancy;FALSE;FALSE;FALSE;FALSE;FALSE;;0;FALSE
2555;69.52;;Aspiration curettage following delivery or abortion;FALSE;FALSE;FALSE;FALSE;FALSE;;0;FALSE
2556;69.59;;Other aspiration curettage of uterus;FALSE;FALSE;FALSE;FALSE;FALSE;;0;FALSE
2557;69.6;;Menstrual extraction or regulation;FALSE;FALSE;FALSE;FALSE;FALSE;;0;FALSE
2558;69.7;;Insertion of intrauterine contraceptive device;FALSE;FALSE;FALSE;FALSE;FALSE;;0;FALSE
2559;69.91;;Insertion of therapeutic device into uterus;FALSE;FALSE;FALSE;FALSE;FALSE;;0;FALSE
2560;69.92;;Artificial insemination;FALSE;FALSE;FALSE;FALSE;FALSE;;0;FALSE
2561;69.93;;Insertion of laminaria;FALSE;FALSE;FALSE;FALSE;FALSE;;0;FALSE
2562;69.94;;Manual replacement of inverted uterus;FALSE;FALSE;FALSE;FALSE;FALSE;;0;FALSE
2563;69.95;;Incision of cervix;FALSE;FALSE;FALSE;FALSE;FALSE;;0;FALSE
2564;69.96;;Removal of cerclage material from cervix;FALSE;FALSE;FALSE;FALSE;FALSE;;0;FALSE
2565;69.97;;Removal of other penetrating foreign body from cervix;FALSE;FALSE;FALSE;FALSE;FALSE;;0;FALSE
2566;69.98;;Other operations on supporting structures of uterus;FALSE;FALSE;FALSE;FALSE;FALSE;;0;FALSE
2567;69.99;;Other operations on cervix and uterus;FALSE;FALSE;FALSE;FALSE;FALSE;;0;FALSE
2568;70.0;;Culdocentesis;FALSE;FALSE;FALSE;FALSE;FALSE;;0;FALSE
2569;70.11;;Hymenotomy;FALSE;FALSE;FALSE;FALSE;FALSE;;0;FALSE
2570;70.12;;Culdotomy;FALSE;FALSE;FALSE;FALSE;FALSE;;0;FALSE
2571;70.13;;Lysis of intraluminal adhesions of vagina;FALSE;FALSE;FALSE;FALSE;FALSE;;0;FALSE
2572;70.14;;Other vaginotomy;FALSE;FALSE;FALSE;FALSE;FALSE;;0;FALSE
2573;70.21;;Vaginoscopy;FALSE;FALSE;FALSE;FALSE;FALSE;;0;FALSE
2574;70.22;;Culdoscopy;FALSE;FALSE;FALSE;FALSE;FALSE;;0;FALSE
2575;70.23;;Biopsy of cul-de-sac;FALSE;FALSE;FALSE;FALSE;FALSE;;0;FALSE
2576;70.24;;Vaginal biopsy;FALSE;FALSE;FALSE;FALSE;FALSE;;0;FALSE
2577;70.29;;Other diagnostic procedures on vagina and cul-de-sac;FALSE;FALSE;FALSE;FALSE;FALSE;;0;FALSE
2578;70.31;;Hymenectomy;FALSE;FALSE;FALSE;FALSE;FALSE;;0;FALSE
2579;70.32;;Excision or destruction of lesion of cul-de-sac;FALSE;FALSE;FALSE;FALSE;FALSE;;0;FALSE
2580;70.33;;Excision or destruction of lesion of vagina;FALSE;FALSE;FALSE;FALSE;FALSE;;0;FALSE
2581;70.4;;Obliteration and total excision of vagina;FALSE;FALSE;FALSE;FALSE;FALSE;;0;FALSE
2582;70.50;;Repair of cystocele and rectocele;FALSE;FALSE;FALSE;FALSE;FALSE;;0;FALSE
2583;70.51;;Repair of cystocele;FALSE;FALSE;FALSE;FALSE;FALSE;;0;FALSE
2584;70.52;;Repair of rectocele;FALSE;FALSE;FALSE;FALSE;FALSE;;0;FALSE
2585;70.61;;Vaginal construction;FALSE;FALSE;FALSE;FALSE;FALSE;;0;FALSE
2586;70.62;;Vaginal reconstruction;FALSE;FALSE;FALSE;FALSE;FALSE;;0;FALSE
2587;70.71;;Suture of laceration of vagina;FALSE;FALSE;FALSE;FALSE;FALSE;;0;FALSE
2588;70.72;;Repair of colovaginal fistula;FALSE;FALSE;FALSE;FALSE;FALSE;;0;FALSE
2589;70.73;;Repair of rectovaginal fistula;FALSE;FALSE;FALSE;FALSE;FALSE;;0;FALSE
2590;70.74;;Repair of other vaginoenteric fistula;FALSE;FALSE;FALSE;FALSE;FALSE;;0;FALSE
2591;70.75;;Repair of other fistula of vagina;FALSE;FALSE;FALSE;FALSE;FALSE;;0;FALSE
2592;70.76;;Hymenorrhaphy;FALSE;FALSE;FALSE;FALSE;FALSE;;0;FALSE
2593;70.77;;Vaginal suspension and fixation;FALSE;FALSE;FALSE;FALSE;FALSE;;0;FALSE
2594;70.79;;Other repair of vagina;FALSE;FALSE;FALSE;FALSE;FALSE;;0;FALSE
2595;70.8;;Obliteration of vaginal vault;FALSE;FALSE;FALSE;FALSE;FALSE;;0;FALSE
2596;70.91;;Other operations on vagina;FALSE;FALSE;FALSE;FALSE;FALSE;;0;FALSE
2597;70.92;;Other operations on cul-de-sac;FALSE;FALSE;FALSE;FALSE;FALSE;;0;FALSE
2598;71.01;;Lysis of vulvar adhesions;FALSE;FALSE;FALSE;FALSE;FALSE;;0;FALSE
2599;71.09;;Other incision of vulva and perineum;FALSE;FALSE;FALSE;FALSE;FALSE;;0;FALSE
2600;71.11;;Biopsy of vulva;FALSE;FALSE;FALSE;FALSE;FALSE;;0;FALSE
2601;71.19;;Other diagnostic procedures on vulva;FALSE;FALSE;FALSE;FALSE;FALSE;;0;FALSE
2602;71.21;;Percutaneous aspiration of Bartholins gland (cyst);FALSE;FALSE;FALSE;FALSE;FALSE;;0;FALSE
2603;71.22;;Incision of Bartholins gland (cyst);FALSE;FALSE;FALSE;FALSE;FALSE;;0;FALSE
2604;71.23;;Marsupialization of Bartholins gland (cyst);FALSE;FALSE;FALSE;FALSE;FALSE;;0;FALSE
2605;71.24;;Excision or other destruction of Bartholins gland (cyst);FALSE;FALSE;FALSE;FALSE;FALSE;;0;FALSE
2606;71.29;;Other operations on Bartholins gland;FALSE;FALSE;FALSE;FALSE;FALSE;;0;FALSE
2607;71.3;;Other local excision or destruction of vulva and perineum;FALSE;FALSE;FALSE;FALSE;FALSE;;0;FALSE
2608;71.4;;Operations on clitoris;FALSE;FALSE;FALSE;FALSE;FALSE;;0;FALSE
2609;71.5;;Radical vulvectomy;FALSE;FALSE;FALSE;FALSE;FALSE;;0;FALSE
2610;71.61;;Unilateral vulvectomy;FALSE;FALSE;FALSE;FALSE;FALSE;;0;FALSE
2611;71.62;;Bilateral vulvectomy;FALSE;FALSE;FALSE;FALSE;FALSE;;0;FALSE
2612;71.71;;Suture of laceration of vulva or perineum;FALSE;FALSE;FALSE;FALSE;FALSE;;0;FALSE
2613;71.72;;Repair of fistula of vulva or perineum;FALSE;FALSE;FALSE;FALSE;FALSE;;0;FALSE
2614;71.79;;Other repair of vulva and perineum;FALSE;FALSE;FALSE;FALSE;FALSE;;0;FALSE
2615;71.8;;Other operations on vulva;FALSE;FALSE;FALSE;FALSE;FALSE;;0;FALSE
2616;71.9;;Other operations on female genital organs;FALSE;FALSE;FALSE;FALSE;FALSE;;0;FALSE
2617;72.0;;Low forceps operation;FALSE;FALSE;FALSE;FALSE;FALSE;;0;FALSE
2618;72.1;;Low forceps operation with episiotomy;FALSE;FALSE;FALSE;FALSE;FALSE;;0;FALSE
2619;72.21;;Mid forceps operation with episiotomy;FALSE;FALSE;FALSE;FALSE;FALSE;;0;FALSE
2620;72.29;;Other mid forceps operation;FALSE;FALSE;FALSE;FALSE;FALSE;;0;FALSE
2621;72.31;;High forceps operation with episiotomy;FALSE;FALSE;FALSE;FALSE;FALSE;;0;FALSE
2622;72.39;;Other high forceps operation;FALSE;FALSE;FALSE;FALSE;FALSE;;0;FALSE
2623;72.4;;Forceps rotation of fetal head;FALSE;FALSE;FALSE;FALSE;FALSE;;0;FALSE
2624;72.51;;Partial breech extraction with forceps to aftercoming head;FALSE;FALSE;FALSE;FALSE;FALSE;;0;FALSE
2625;72.52;;Other partial breech extraction;FALSE;FALSE;FALSE;FALSE;FALSE;;0;FALSE
2626;72.53;;Total breech extraction with forceps to aftercoming head;FALSE;FALSE;FALSE;FALSE;FALSE;;0;FALSE
2627;72.54;;Other total breech extraction;FALSE;FALSE;FALSE;FALSE;FALSE;;0;FALSE
2628;72.6;;Forceps application to aftercoming head;FALSE;FALSE;FALSE;FALSE;FALSE;;0;FALSE
2629;72.71;;Vacuum extraction with episiotomy;FALSE;FALSE;FALSE;FALSE;FALSE;;0;FALSE
2630;72.79;;Other vacuum extraction;FALSE;FALSE;FALSE;FALSE;FALSE;;0;FALSE
2631;72.8;;Other specified instrumental delivery;FALSE;FALSE;FALSE;FALSE;FALSE;;0;FALSE
2632;72.9;;Unspecified instrumental delivery;FALSE;FALSE;FALSE;FALSE;FALSE;;0;FALSE
2633;73.01;;Induction of labor by artificial rupture of membranes;FALSE;FALSE;FALSE;FALSE;FALSE;;0;FALSE
2634;73.09;;Other artificial rupture of membranes;FALSE;FALSE;FALSE;FALSE;FALSE;;0;FALSE
2635;73.1;;Other surgical induction of labor;FALSE;FALSE;FALSE;FALSE;FALSE;;0;FALSE
2636;73.21;;Internal and combined version without extraction;FALSE;FALSE;FALSE;FALSE;FALSE;;0;FALSE
2637;73.22;;Internal and combined version with extraction;FALSE;FALSE;FALSE;FALSE;FALSE;;0;FALSE
2638;73.3;;Failed forceps;FALSE;FALSE;FALSE;FALSE;FALSE;;0;FALSE
2639;73.4;;Medical induction of labor;FALSE;FALSE;FALSE;FALSE;FALSE;;0;FALSE
2640;73.51;;Manual rotation of fetal head;FALSE;FALSE;FALSE;FALSE;FALSE;;0;FALSE
2641;73.59;;Other manually assisted delivery;FALSE;FALSE;FALSE;FALSE;FALSE;;0;FALSE
2642;73.6;;Episiotomy;FALSE;FALSE;FALSE;FALSE;FALSE;;0;FALSE
2643;73.8;;Operations on fetus to facilitate delivery;FALSE;FALSE;FALSE;FALSE;FALSE;;0;FALSE
2644;73.91;;External version to assist delivery;FALSE;FALSE;FALSE;FALSE;FALSE;;0;FALSE
2645;73.92;;Replacement of prolapsed umbilical cord;FALSE;FALSE;FALSE;FALSE;FALSE;;0;FALSE
2646;73.93;;Incision of cervix to assist delivery;FALSE;FALSE;FALSE;FALSE;FALSE;;0;FALSE
2647;73.94;;Pubiotomy to assist delivery;FALSE;FALSE;FALSE;FALSE;FALSE;;0;FALSE
2648;73.99;;Other operations to assist delivery;FALSE;FALSE;FALSE;FALSE;FALSE;;0;FALSE
2649;74.0;;Classical cesarean section;FALSE;FALSE;FALSE;FALSE;FALSE;;0;FALSE
2650;74.1;;Low cervical cesarean section;FALSE;FALSE;FALSE;FALSE;FALSE;;0;FALSE
2651;74.2;;Extraperitoneal cesarean section;FALSE;FALSE;FALSE;FALSE;FALSE;;0;FALSE
2652;74.3;;Removal of extratubal ectopic pregnancy;FALSE;FALSE;FALSE;FALSE;FALSE;;0;FALSE
2653;74.4;;Cesarean section of other specified type;FALSE;FALSE;FALSE;FALSE;FALSE;;0;FALSE
2654;74.91;;Hysterotomy to terminate pregnancy;FALSE;FALSE;FALSE;FALSE;FALSE;;0;FALSE
2655;74.99;;Other cesarean section of unspecified type;FALSE;FALSE;FALSE;FALSE;FALSE;;0;FALSE
2656;75.0;;Intra-amniotic injection for abortion;FALSE;FALSE;FALSE;FALSE;FALSE;;0;FALSE
2657;75.1;;Diagnostic amniocentesis;FALSE;FALSE;FALSE;FALSE;FALSE;;0;FALSE
2658;75.2;;Intrauterine transfusion;FALSE;FALSE;FALSE;FALSE;FALSE;;0;FALSE
2659;75.31;;Amnioscopy;FALSE;FALSE;FALSE;FALSE;FALSE;;0;FALSE
2660;75.32;;Fetal EKG (scalp);FALSE;FALSE;FALSE;FALSE;FALSE;;0;FALSE
2661;75.33;;Fetal blood sampling and biopsy;FALSE;FALSE;FALSE;FALSE;FALSE;;0;FALSE
2662;75.34;;Other fetal monitoring;FALSE;FALSE;FALSE;FALSE;FALSE;;0;FALSE
2663;75.35;;Other diagnostic procedures on fetus and amnion;FALSE;FALSE;FALSE;FALSE;FALSE;;0;FALSE
2664;75.36;;Correction of fetal defect;FALSE;FALSE;FALSE;FALSE;FALSE;;0;FALSE
2665;75.37;;Amnioinfusion;FALSE;FALSE;FALSE;FALSE;FALSE;;0;FALSE
2666;75.38;;Fetal pulse oximetry;FALSE;FALSE;FALSE;FALSE;FALSE;;0;FALSE
2667;75.4;;Manual removal of retained placenta;FALSE;FALSE;FALSE;FALSE;FALSE;;0;FALSE
2668;75.50;;Repair of current obstetric laceration of uterus, not otherwise specified;FALSE;FALSE;FALSE;FALSE;FALSE;;0;FALSE
2669;75.51;;Repair of current obstetric laceration of cervix;FALSE;FALSE;FALSE;FALSE;FALSE;;0;FALSE
2670;75.52;;Repair of current obstetric laceration of corpus uteri;FALSE;FALSE;FALSE;FALSE;FALSE;;0;FALSE
2671;75.61;;Repair of current obstetric laceration of bladder and urethra;FALSE;FALSE;FALSE;FALSE;FALSE;;0;FALSE
2672;75.62;;Repair of current obstetric laceration of rectum and sphincter ani;FALSE;FALSE;FALSE;FALSE;FALSE;;0;FALSE
2673;75.69;;Repair of other current obstetric laceration;FALSE;FALSE;FALSE;FALSE;FALSE;;0;FALSE
2674;75.7;;Manual exploration of uterine cavity, postpartum;FALSE;FALSE;FALSE;FALSE;FALSE;;0;FALSE
2675;75.8;;Obstetric tamponade of uterus or vagina;FALSE;FALSE;FALSE;FALSE;FALSE;;0;FALSE
2676;75.91;;Evacuation of obstetrical incisional hematoma of perineum;FALSE;FALSE;FALSE;FALSE;FALSE;;0;FALSE
2677;75.92;;Evacuation of other hematoma of vulva or vagina;FALSE;FALSE;FALSE;FALSE;FALSE;;0;FALSE
2678;75.93;;Surgical correction of inverted uterus;FALSE;FALSE;FALSE;FALSE;FALSE;;0;FALSE
2679;75.94;;Immediate postpartum manual replacement of inverted uterus;FALSE;FALSE;FALSE;FALSE;FALSE;;0;FALSE
2680;75.99;;Other obstetric operations;FALSE;FALSE;FALSE;FALSE;FALSE;;0;FALSE
2681;76.01;;Sequestrectomy of facial bone;FALSE;FALSE;FALSE;FALSE;FALSE;;0;FALSE
2682;76.09;;Other incision of facial bone;FALSE;FALSE;FALSE;FALSE;FALSE;;0;FALSE
2683;76.11;;Biopsy of facial bone;FALSE;FALSE;FALSE;FALSE;FALSE;;0;FALSE
2684;76.19;;Other diagnostic procedures on facial bones and joints;FALSE;FALSE;FALSE;FALSE;FALSE;;0;FALSE
2685;76.2;;Local excision or destruction of lesion of facial bone;FALSE;FALSE;FALSE;FALSE;FALSE;;0;FALSE
2686;76.31;;Partial mandibulectomy;FALSE;FALSE;FALSE;FALSE;FALSE;;0;FALSE
2687;76.39;;Partial ostectomy of other facial bone;FALSE;FALSE;FALSE;FALSE;FALSE;;0;FALSE
2688;76.41;;Total mandibulectomy with synchronous reconstruction;FALSE;FALSE;FALSE;FALSE;FALSE;;0;FALSE
2689;76.42;;Other total mandibulectomy;FALSE;FALSE;FALSE;FALSE;FALSE;;0;FALSE
2690;76.43;;Other reconstruction of mandible;FALSE;FALSE;FALSE;FALSE;FALSE;;0;FALSE
2691;76.44;;Total ostectomy of other facial bone with synchronous reconstruction;FALSE;FALSE;FALSE;FALSE;FALSE;;0;FALSE
2692;76.45;;Other total ostectomy of other facial bone;FALSE;FALSE;FALSE;FALSE;FALSE;;0;FALSE
2693;76.46;;Other reconstruction of other facial bone;FALSE;FALSE;FALSE;FALSE;FALSE;;0;FALSE
2694;76.5;;Temporomandibular arthroplasty;FALSE;FALSE;FALSE;FALSE;FALSE;;0;FALSE
2695;76.61;;Closed osteoplasty [osteotomy] of mandibular ramus;FALSE;FALSE;FALSE;FALSE;FALSE;;0;FALSE
2696;76.62;;Open osteoplasty [osteotomy] of mandibular ramus;FALSE;FALSE;FALSE;FALSE;FALSE;;0;FALSE
2697;76.63;;Osteoplasty [osteotomy] of body of mandible;FALSE;FALSE;FALSE;FALSE;FALSE;;0;FALSE
2698;76.64;;Other orthognathic surgery on mandible;FALSE;FALSE;FALSE;FALSE;FALSE;;0;FALSE
2699;76.65;;Segmental osteoplasty [osteotomy] of maxilla;FALSE;FALSE;FALSE;FALSE;FALSE;;0;FALSE
2700;76.66;;Total osteoplasty [osteotomy] of maxilla;FALSE;FALSE;FALSE;FALSE;FALSE;;0;FALSE
2701;76.67;;Reduction genioplasty;FALSE;FALSE;FALSE;FALSE;FALSE;;0;FALSE
2702;76.68;;Augmentation genioplasty;FALSE;FALSE;FALSE;FALSE;FALSE;;0;FALSE
2703;76.69;;Other facial bone repair;FALSE;FALSE;FALSE;FALSE;FALSE;;0;FALSE
2704;76.70;;Reduction of facial fracture, not otherwise specified;FALSE;FALSE;FALSE;FALSE;FALSE;;0;FALSE
2705;76.71;;Closed reduction of malar and zygomatic fracture;FALSE;FALSE;FALSE;FALSE;FALSE;;0;FALSE
2706;76.72;;Open reduction of malar and zygomatic fracture;FALSE;FALSE;FALSE;FALSE;FALSE;;0;FALSE
2707;76.73;;Closed reduction of maxillary fracture;FALSE;FALSE;FALSE;FALSE;FALSE;;0;FALSE
2708;76.74;;Open reduction of maxillary fracture;FALSE;FALSE;FALSE;FALSE;FALSE;;0;FALSE
2709;76.75;;Closed reduction of mandibular fracture;FALSE;FALSE;FALSE;FALSE;FALSE;;0;FALSE
2710;76.76;;Open reduction of mandibular fracture;FALSE;FALSE;FALSE;FALSE;FALSE;;0;FALSE
2711;76.77;;Open reduction of alveolar fracture;FALSE;FALSE;FALSE;FALSE;FALSE;;0;FALSE
2712;76.78;;Other closed reduction of facial fracture;FALSE;FALSE;FALSE;FALSE;FALSE;;0;FALSE
2713;76.79;;Other open reduction of facial fracture;FALSE;FALSE;FALSE;FALSE;FALSE;;0;FALSE
2714;76.91;;Bone graft to facial bone;FALSE;FALSE;FALSE;FALSE;FALSE;;0;FALSE
2715;76.92;;Insertion of synthetic implant in facial bone;FALSE;FALSE;FALSE;FALSE;FALSE;;0;FALSE
2716;76.93;;Closed reduction of temporomandibular dislocation;FALSE;FALSE;FALSE;FALSE;FALSE;;0;FALSE
2717;76.94;;Open reduction of temporomandibular dislocation;FALSE;FALSE;FALSE;FALSE;FALSE;;0;FALSE
2718;76.95;;Other manipulation of temporomandibular joint;FALSE;FALSE;FALSE;FALSE;FALSE;;0;FALSE
2719;76.96;;Injection of therapeutic substance into temporomandibular joint;FALSE;FALSE;FALSE;FALSE;FALSE;;0;FALSE
2720;76.97;;Removal of internal fixation device from facial bone;FALSE;FALSE;FALSE;FALSE;FALSE;;0;FALSE
2721;76.99;;Other operations on facial bones and joints;FALSE;FALSE;FALSE;FALSE;FALSE;;0;FALSE
2722;77.00;;Sequestrectomy, unspecified site;FALSE;FALSE;FALSE;FALSE;FALSE;;0;FALSE
2723;77.01;;Sequestrectomy of scapula, clavicle, and thorax [ribs and sternum];FALSE;FALSE;FALSE;FALSE;FALSE;;0;FALSE
2724;77.02;;Sequestrectomy of humerus;FALSE;FALSE;FALSE;FALSE;FALSE;;0;FALSE
2725;77.03;;Sequestrectomy of radius and ulna;FALSE;FALSE;FALSE;FALSE;FALSE;;0;FALSE
2726;77.04;;Sequestrectomy of carpals and metacarpals;FALSE;FALSE;FALSE;FALSE;FALSE;;0;FALSE
2727;77.05;;Sequestrectomy of femur;FALSE;FALSE;FALSE;FALSE;FALSE;;0;FALSE
2728;77.06;;Sequestrectomy of patella;FALSE;FALSE;FALSE;FALSE;FALSE;;0;FALSE
2729;77.07;;Sequestrectomy of tibia and fibula;FALSE;FALSE;FALSE;FALSE;FALSE;;0;FALSE
2730;77.08;;Sequestrectomy of tarsals and metatarsals;FALSE;FALSE;FALSE;FALSE;FALSE;;0;FALSE
2731;77.09;;Sequestrectomy of other bone, except facial bones;FALSE;FALSE;FALSE;FALSE;FALSE;;0;FALSE
2732;77.10;;Other incision of bone without division, unspecified site;FALSE;FALSE;FALSE;FALSE;FALSE;;0;FALSE
2733;77.11;;Other incision of scapula, clavicle, and thorax [ribs and sternum] without division;FALSE;FALSE;FALSE;FALSE;FALSE;;0;FALSE
2734;77.12;;Other incision of humerus without division;FALSE;FALSE;FALSE;FALSE;FALSE;;0;FALSE
2735;77.13;;Other incision of radius and ulna without division;FALSE;FALSE;FALSE;FALSE;FALSE;;0;FALSE
2736;77.14;;Other incision of carpals and metacarpals without division;FALSE;FALSE;FALSE;FALSE;FALSE;;0;FALSE
2737;77.15;;Other incision of femur without division;FALSE;FALSE;FALSE;FALSE;FALSE;;0;FALSE
2738;77.16;;Other incision of patella without division;FALSE;FALSE;FALSE;FALSE;FALSE;;0;FALSE
2739;77.17;;Other incision of tibia and fibula without division;FALSE;FALSE;FALSE;FALSE;FALSE;;0;FALSE
2740;77.18;;Other incision of tarsals and metatarsals without division;FALSE;FALSE;FALSE;FALSE;FALSE;;0;FALSE
2741;77.19;;Other incision of other bone, except facial bones, without division;FALSE;FALSE;FALSE;FALSE;FALSE;;0;FALSE
2742;77.20;;Wedge osteotomy, unspecified site;FALSE;FALSE;FALSE;FALSE;FALSE;;0;FALSE
2743;77.21;;Wedge osteotomy of scapula, clavicle, and thorax [ribs and sternum];FALSE;FALSE;FALSE;FALSE;FALSE;;0;FALSE
2744;77.22;;Wedge osteotomy of humerus;FALSE;FALSE;FALSE;FALSE;FALSE;;0;FALSE
2745;77.23;;Wedge osteotomy of radius and ulna;FALSE;FALSE;FALSE;FALSE;FALSE;;0;FALSE
2746;77.24;;Wedge osteotomy of carpals and metacarpals;FALSE;FALSE;FALSE;FALSE;FALSE;;0;FALSE
2747;77.25;;Wedge osteotomy of femur;FALSE;FALSE;FALSE;FALSE;FALSE;;0;FALSE
2748;77.26;;Wedge osteotomy of patella;FALSE;FALSE;FALSE;FALSE;FALSE;;0;FALSE
2749;77.27;;Wedge osteotomy of tibia and fibula;FALSE;FALSE;FALSE;FALSE;FALSE;;0;FALSE
2750;77.28;;Wedge osteotomy of tarsals and metatarsals;FALSE;FALSE;FALSE;FALSE;FALSE;;0;FALSE
2751;77.29;;Wedge osteotomy of other bone, except facial bones;FALSE;FALSE;FALSE;FALSE;FALSE;;0;FALSE
2752;77.30;;Other division of bone, unspecified site;FALSE;FALSE;FALSE;FALSE;FALSE;;0;FALSE
2753;77.31;;Other division of scapula, clavicle, and thorax [ribs and sternum];FALSE;FALSE;FALSE;FALSE;FALSE;;0;FALSE
2754;77.32;;Other division of humerus;FALSE;FALSE;FALSE;FALSE;FALSE;;0;FALSE
2755;77.33;;Other division of radius and ulna;FALSE;FALSE;FALSE;FALSE;FALSE;;0;FALSE
2756;77.34;;Other division of carpals and metacarpals;FALSE;FALSE;FALSE;FALSE;FALSE;;0;FALSE
2757;77.35;;Other division of femur;FALSE;FALSE;FALSE;FALSE;FALSE;;0;FALSE
2758;77.36;;Other division of patella;FALSE;FALSE;FALSE;FALSE;FALSE;;0;FALSE
2759;77.37;;Other division of tibia and fibula;FALSE;FALSE;FALSE;FALSE;FALSE;;0;FALSE
2760;77.38;;Other division of tarsals and metatarsals;FALSE;FALSE;FALSE;FALSE;FALSE;;0;FALSE
2761;77.39;;Other division of other bone, except facial bones;FALSE;FALSE;FALSE;FALSE;FALSE;;0;FALSE
2762;77.40;;Biopsy of bone, unspecified site;FALSE;FALSE;FALSE;FALSE;FALSE;;0;FALSE
2763;77.41;;Biopsy of scapula, clavicle, and thorax [ribs and sternum];FALSE;FALSE;FALSE;FALSE;FALSE;;0;FALSE
2764;77.42;;Biopsy of humerus;FALSE;FALSE;FALSE;FALSE;FALSE;;0;FALSE
2765;77.43;;Biopsy of radius and ulna;FALSE;FALSE;FALSE;FALSE;FALSE;;0;FALSE
2766;77.44;;Biopsy of carpals and metacarpals;FALSE;FALSE;FALSE;FALSE;FALSE;;0;FALSE
2767;77.45;;Biopsy of femur;FALSE;FALSE;FALSE;FALSE;FALSE;;0;FALSE
2768;77.46;;Biopsy of patella;FALSE;FALSE;FALSE;FALSE;FALSE;;0;FALSE
2769;77.47;;Biopsy of tibia and fibula;FALSE;FALSE;FALSE;FALSE;FALSE;;0;FALSE
2770;77.48;;Biopsy of tarsals and metatarsals;FALSE;FALSE;FALSE;FALSE;FALSE;;0;FALSE
2771;77.49;;Biopsy of other bone, except facial bones;FALSE;FALSE;FALSE;FALSE;FALSE;;0;FALSE
2772;77.51;;Bunionectomy with soft tissue correction and osteotomy of the first metatarsal;FALSE;FALSE;FALSE;FALSE;FALSE;;0;FALSE
2773;77.52;;Bunionectomy with soft tissue correction and arthrodesis;FALSE;FALSE;FALSE;FALSE;FALSE;;0;FALSE
2774;77.53;;Other bunionectomy with soft tissue correction;FALSE;FALSE;FALSE;FALSE;FALSE;;0;FALSE
2775;77.54;;Excision or correction of bunionette;FALSE;FALSE;FALSE;FALSE;FALSE;;0;FALSE
2776;77.56;;Repair of hammer toe;FALSE;FALSE;FALSE;FALSE;FALSE;;0;FALSE
2777;77.57;;Repair of claw toe;FALSE;FALSE;FALSE;FALSE;FALSE;;0;FALSE
2778;77.58;;Other excision, fusion and repair of toes;FALSE;FALSE;FALSE;FALSE;FALSE;;0;FALSE
2779;77.59;;Other bunionectomy;FALSE;FALSE;FALSE;FALSE;FALSE;;0;FALSE
2780;77.60;;Local excision of lesion or tissue of bone, unspecified site;FALSE;FALSE;FALSE;FALSE;FALSE;;0;FALSE
2781;77.61;;Local excision of lesion or tissue of scapula, clavicle, and thorax [ribs and sternum];FALSE;FALSE;FALSE;FALSE;FALSE;;0;FALSE
2782;77.62;;Local excision of lesion or tissue of humerus;FALSE;FALSE;FALSE;FALSE;FALSE;;0;FALSE
2783;77.63;;Local excision of lesion or tissue of radius and ulna;FALSE;FALSE;FALSE;FALSE;FALSE;;0;FALSE
2784;77.64;;Local excision of lesion or tissue of carpals and metacarpals;FALSE;FALSE;FALSE;FALSE;FALSE;;0;FALSE
2785;77.65;;Local excision of lesion or tissue of femur;FALSE;FALSE;FALSE;FALSE;FALSE;;0;FALSE
2786;77.66;;Local excision of lesion or tissue of patella;FALSE;FALSE;FALSE;FALSE;FALSE;;0;FALSE
2787;77.67;;Local excision of lesion or tissue of tibia and fibula;FALSE;FALSE;FALSE;FALSE;FALSE;;0;FALSE
2788;77.68;;Local excision of lesion or tissue of tarsals and metatarsals;FALSE;FALSE;FALSE;FALSE;FALSE;;0;FALSE
2789;77.69;;Local excision of lesion or tissue of other bone, except facial bones;FALSE;FALSE;FALSE;FALSE;FALSE;;0;FALSE
2790;77.70;;Excision of bone for graft, unspecified site;FALSE;FALSE;FALSE;FALSE;FALSE;;0;FALSE
2791;77.71;;Excision of scapula, clavicle, and thorax [ribs and sternum] for graft;FALSE;FALSE;FALSE;FALSE;FALSE;;0;FALSE
2792;77.72;;Excision of humerus for graft;FALSE;FALSE;FALSE;FALSE;FALSE;;0;FALSE
2793;77.73;;Excision of radius and ulna for graft;FALSE;FALSE;FALSE;FALSE;FALSE;;0;FALSE
2794;77.74;;Excision of carpals and metacarpals for graft;FALSE;FALSE;FALSE;FALSE;FALSE;;0;FALSE
2795;77.75;;Excision of femur for graft;FALSE;FALSE;FALSE;FALSE;FALSE;;0;FALSE
2796;77.76;;Excision of patella for graft;FALSE;FALSE;FALSE;FALSE;FALSE;;0;FALSE
2797;77.77;;Excision of tibia and fibula for graft;FALSE;FALSE;FALSE;FALSE;FALSE;;0;FALSE
2798;77.78;;Excision of tarsals and metatarsals for graft;FALSE;FALSE;FALSE;FALSE;FALSE;;0;FALSE
2799;77.79;;Excision of other bone for graft, except facial bones;FALSE;FALSE;FALSE;FALSE;FALSE;;0;FALSE
2800;77.80;;Other partial ostectomy, unspecified site;FALSE;FALSE;FALSE;FALSE;FALSE;;0;FALSE
2801;77.81;;Other partial ostectomy of scapula, clavicle, and thorax [ribs and sternum];FALSE;FALSE;FALSE;FALSE;FALSE;;0;FALSE
2802;77.82;;Other partial ostectomy of humerus;FALSE;FALSE;FALSE;FALSE;FALSE;;0;FALSE
2803;77.83;;Other partial ostectomy of radius and ulna;FALSE;FALSE;FALSE;FALSE;FALSE;;0;FALSE
2804;77.84;;Other partial ostectomy of carpals and metacarpals;FALSE;FALSE;FALSE;FALSE;FALSE;;0;FALSE
2805;77.85;;Other partial ostectomy of femur;FALSE;FALSE;FALSE;FALSE;FALSE;;0;FALSE
2806;77.86;;Other partial ostectomy of patella;FALSE;FALSE;FALSE;FALSE;FALSE;;0;FALSE
2807;77.87;;Other partial ostectomy of tibia and fibula;FALSE;FALSE;FALSE;FALSE;FALSE;;0;FALSE
2808;77.88;;Other partial ostectomy of tarsals and metatarsals;FALSE;FALSE;FALSE;FALSE;FALSE;;0;FALSE
2809;77.89;;Other partial ostectomy of other bone, except facial bones;FALSE;FALSE;FALSE;FALSE;FALSE;;0;FALSE
2810;77.90;;Total ostectomy, unspecified site;FALSE;FALSE;FALSE;FALSE;FALSE;;0;FALSE
2811;77.91;;Total ostectomy of scapula, clavicle, and thorax [ribs and sternum];FALSE;FALSE;FALSE;FALSE;FALSE;;0;FALSE
2812;77.92;;Total ostectomy of humerus;FALSE;FALSE;FALSE;FALSE;FALSE;;0;FALSE
2813;77.93;;Total ostectomy of radius and ulna;FALSE;FALSE;FALSE;FALSE;FALSE;;0;FALSE
2814;77.94;;Total ostectomy of carpals and metacarpals;FALSE;FALSE;FALSE;FALSE;FALSE;;0;FALSE
2815;77.95;;Total ostectomy of femur;FALSE;FALSE;FALSE;FALSE;FALSE;;0;FALSE
2816;77.96;;Total ostectomy of patella;FALSE;FALSE;FALSE;FALSE;FALSE;;0;FALSE
2817;77.97;;Total ostectomy of tibia and fibula;FALSE;FALSE;FALSE;FALSE;FALSE;;0;FALSE
2818;77.98;;Total ostectomy of tarsals and metatarsals;FALSE;FALSE;FALSE;FALSE;FALSE;;0;FALSE
2819;77.99;;Total ostectomy of other bone, except facial bones;FALSE;FALSE;FALSE;FALSE;FALSE;;0;FALSE
2820;78.00;;Bone graft, unspecified site;FALSE;FALSE;FALSE;FALSE;FALSE;;0;FALSE
2821;78.01;;Bone graft of scapula, clavicle, and thorax [ribs and sternum];FALSE;FALSE;FALSE;FALSE;FALSE;;0;FALSE
2822;78.02;;Bone graft of humerus;FALSE;FALSE;FALSE;FALSE;FALSE;;0;FALSE
2823;78.03;;Bone graft of radius and ulna;FALSE;FALSE;FALSE;FALSE;FALSE;;0;FALSE
2824;78.04;;Bone graft of carpals and metacarpals;FALSE;FALSE;FALSE;FALSE;FALSE;;0;FALSE
2825;78.05;;Bone graft of femur;FALSE;FALSE;FALSE;FALSE;FALSE;;0;FALSE
2826;78.06;;Bone graft of patella;FALSE;FALSE;FALSE;FALSE;FALSE;;0;FALSE
2827;78.07;;Bone graft of tibia and fibula;FALSE;FALSE;FALSE;FALSE;FALSE;;0;FALSE
2828;78.08;;Bone graft of tarsals and metatarsals;FALSE;FALSE;FALSE;FALSE;FALSE;;0;FALSE
2829;78.09;;Bone graft of other bone, except facial bones;FALSE;FALSE;FALSE;FALSE;FALSE;;0;FALSE
2830;78.10;;Application of external fixation device, unspecified site;FALSE;FALSE;FALSE;FALSE;FALSE;;0;FALSE
2831;78.11;;Application of external fixation device, scapula, clavicle, and thorax [ribs and sternum];FALSE;FALSE;FALSE;FALSE;FALSE;;0;FALSE
2832;78.12;;Application of external fixation device, humerus;FALSE;FALSE;FALSE;FALSE;FALSE;;0;FALSE
2833;78.13;;Application of external fixation device, radius and ulna;FALSE;FALSE;FALSE;FALSE;FALSE;;0;FALSE
2834;78.14;;Application of external fixation device, carpals and metacarpals;FALSE;FALSE;FALSE;FALSE;FALSE;;0;FALSE
2835;78.15;;Application of external fixation device, femur;FALSE;FALSE;FALSE;FALSE;FALSE;;0;FALSE
2836;78.16;;Application of external fixation device, patella;FALSE;FALSE;FALSE;FALSE;FALSE;;0;FALSE
2837;78.17;;Application of external fixation device, tibia and fibula;FALSE;FALSE;FALSE;FALSE;FALSE;;0;FALSE
2838;78.18;;Application of external fixation device, tarsals and metatarsals;FALSE;FALSE;FALSE;FALSE;FALSE;;0;FALSE
2839;78.19;;Application of external fixation device, other;FALSE;FALSE;FALSE;FALSE;FALSE;;0;FALSE
2840;78.20;;Limb shortening procedures, unspecified site;FALSE;FALSE;FALSE;FALSE;FALSE;;0;FALSE
2841;78.22;;Limb shortening procedures, humerus;FALSE;FALSE;FALSE;FALSE;FALSE;;0;FALSE
2842;78.23;;Limb shortening procedures, radius and ulna;FALSE;FALSE;FALSE;FALSE;FALSE;;0;FALSE
2843;78.24;;Limb shortening procedures, carpals and metacarpals;FALSE;FALSE;FALSE;FALSE;FALSE;;0;FALSE
2844;78.25;;Limb shortening procedures, femur;FALSE;FALSE;FALSE;FALSE;FALSE;;0;FALSE
2845;78.27;;Limb shortening procedures, tibia and fibula;FALSE;FALSE;FALSE;FALSE;FALSE;;0;FALSE
2846;78.28;;Limb shortening procedures, tarsals and metatarsals;FALSE;FALSE;FALSE;FALSE;FALSE;;0;FALSE
2847;78.29;;Limb shortening procedures, other;FALSE;FALSE;FALSE;FALSE;FALSE;;0;FALSE
2848;78.30;;Limb lengthening procedures, unspecified site;FALSE;FALSE;FALSE;FALSE;FALSE;;0;FALSE
2849;78.32;;Limb lengthening procedures, humerus;FALSE;FALSE;FALSE;FALSE;FALSE;;0;FALSE
2850;78.33;;Limb lengthening procedures, radius and ulna;FALSE;FALSE;FALSE;FALSE;FALSE;;0;FALSE
2851;78.34;;Limb lengthening procedures, carpals and metacarpals;FALSE;FALSE;FALSE;FALSE;FALSE;;0;FALSE
2852;78.35;;Limb lengthening procedures, femur;FALSE;FALSE;FALSE;FALSE;FALSE;;0;FALSE
2853;78.37;;Limb lengthening procedures, tibia and fibula;FALSE;FALSE;FALSE;FALSE;FALSE;;0;FALSE
2854;78.38;;Limb lengthening procedures, tarsals and metatarsals;FALSE;FALSE;FALSE;FALSE;FALSE;;0;FALSE
2855;78.39;;Limb lengthening procedures, other;FALSE;FALSE;FALSE;FALSE;FALSE;;0;FALSE
2856;78.40;;Other repair or plastic operations on bone, unspecified site;FALSE;FALSE;FALSE;FALSE;FALSE;;0;FALSE
2857;78.41;;Other repair or plastic operations on scapula, clavicle, and thorax [ribs and sternum];FALSE;FALSE;FALSE;FALSE;FALSE;;0;FALSE
2858;78.42;;Other repair or plastic operation on humerus;FALSE;FALSE;FALSE;FALSE;FALSE;;0;FALSE
2859;78.43;;Other repair or plastic operations on radius and ulna;FALSE;FALSE;FALSE;FALSE;FALSE;;0;FALSE
2860;78.44;;Other repair or plastic operations on carpals and metacarpals;FALSE;FALSE;FALSE;FALSE;FALSE;;0;FALSE
2861;78.45;;Other repair or plastic operations on femur;FALSE;FALSE;FALSE;FALSE;FALSE;;0;FALSE
2862;78.46;;Other repair or plastic operations on patella;FALSE;FALSE;FALSE;FALSE;FALSE;;0;FALSE
2863;78.47;;Other repair or plastic operations on tibia and fibula;FALSE;FALSE;FALSE;FALSE;FALSE;;0;FALSE
2864;78.48;;Other repair or plastic operations on tarsals and metatarsals;FALSE;FALSE;FALSE;FALSE;FALSE;;0;FALSE
2865;78.49;;Other repair or plastic operations on other bone, except facial bones;FALSE;FALSE;FALSE;FALSE;FALSE;;0;FALSE
2866;78.50;;Internal fixation of bone without fracture reduction, unspecified site;FALSE;FALSE;FALSE;FALSE;FALSE;;0;FALSE
2867;78.51;;Internal fixation of scapula, clavicle, and thorax [ribs and sternum] without fracture reduction;FALSE;FALSE;FALSE;FALSE;FALSE;;0;FALSE
2868;78.52;;Internal fixation of humerus without fracture reduction;FALSE;FALSE;FALSE;FALSE;FALSE;;0;FALSE
2869;78.53;;Internal fixation of radius and ulna without fracture reduction;FALSE;FALSE;FALSE;FALSE;FALSE;;0;FALSE
2870;78.54;;Internal fixation of carpals and metacarpals without fracture reduction;FALSE;FALSE;FALSE;FALSE;FALSE;;0;FALSE
2871;78.55;;Internal fixation of femur without fracture reduction;FALSE;FALSE;FALSE;FALSE;FALSE;;0;FALSE
2872;78.56;;Internal fixation of patella without fracture reduction;FALSE;FALSE;FALSE;FALSE;FALSE;;0;FALSE
2873;78.57;;Internal fixation of tibia and fibula without fracture reduction;FALSE;FALSE;FALSE;FALSE;FALSE;;0;FALSE
2874;78.58;;Internal fixation of tarsals and metatarsals without fracture reduction;FALSE;FALSE;FALSE;FALSE;FALSE;;0;FALSE
2875;78.59;;Internal fixation of other bone, except facial bones, without fracture reduction;FALSE;FALSE;FALSE;FALSE;FALSE;;0;FALSE
2876;78.60;;Removal of implanted device, unspecified site;FALSE;FALSE;FALSE;FALSE;FALSE;;0;FALSE
2877;78.61;;Removal of implanted device from scapula, clavicle, and thorax [ribs and sternum];FALSE;FALSE;FALSE;FALSE;FALSE;;0;FALSE
2878;78.62;;Removal of implanted device from humerus;FALSE;FALSE;FALSE;FALSE;FALSE;;0;FALSE
2879;78.63;;Removal of implanted device from radius and ulna;FALSE;FALSE;FALSE;FALSE;FALSE;;0;FALSE
2880;78.64;;Removal of implanted device from carpals and metacarpals;FALSE;FALSE;FALSE;FALSE;FALSE;;0;FALSE
2881;78.65;;Removal of implanted device from femur;FALSE;FALSE;FALSE;FALSE;FALSE;;0;FALSE
2882;78.66;;Removal of implanted device from patella;FALSE;FALSE;FALSE;FALSE;FALSE;;0;FALSE
2883;78.67;;Removal of implanted device from tibia and fibula;FALSE;FALSE;FALSE;FALSE;FALSE;;0;FALSE
2884;78.68;;Removal of implanted device from tarsal and metatarsals;FALSE;FALSE;FALSE;FALSE;FALSE;;0;FALSE
2885;78.69;;Removal of implanted device from other;FALSE;FALSE;FALSE;FALSE;FALSE;;0;FALSE
2886;78.70;;Osteoclasis, unspecified site;FALSE;FALSE;FALSE;FALSE;FALSE;;0;FALSE
2887;78.71;;Osteoclasis of scapula, clavicle, and thorax [ribs and sternum];FALSE;FALSE;FALSE;FALSE;FALSE;;0;FALSE
2888;78.72;;Osteoclasis of humerus;FALSE;FALSE;FALSE;FALSE;FALSE;;0;FALSE
2889;78.73;;Osteoclasis of radius and ulna;FALSE;FALSE;FALSE;FALSE;FALSE;;0;FALSE
2890;78.74;;Osteoclasis of carpals and metacarpals;FALSE;FALSE;FALSE;FALSE;FALSE;;0;FALSE
2891;78.75;;Osteoclasis of femur;FALSE;FALSE;FALSE;FALSE;FALSE;;0;FALSE
2892;78.76;;Osteoclasis of patella;FALSE;FALSE;FALSE;FALSE;FALSE;;0;FALSE
2893;78.77;;Osteoclasis of tibia and fibula;FALSE;FALSE;FALSE;FALSE;FALSE;;0;FALSE
2894;78.78;;Osteoclasis of tarsals and metatarsals;FALSE;FALSE;FALSE;FALSE;FALSE;;0;FALSE
2895;78.79;;Osteoclasis of other bone, except facial bones;FALSE;FALSE;FALSE;FALSE;FALSE;;0;FALSE
2896;78.80;;Diagnostic procedures on bone, not elsewhere classified, unspecified site;FALSE;FALSE;FALSE;FALSE;FALSE;;0;FALSE
2897;78.81;;Diagnostic procedures on scapula, clavicle, and thorax [ribs and sternum] not elsewhere classified;FALSE;FALSE;FALSE;FALSE;FALSE;;0;FALSE
2898;78.82;;Diagnostic procedures on humerus, not elsewhere classified;FALSE;FALSE;FALSE;FALSE;FALSE;;0;FALSE
2899;78.83;;Diagnostic procedures on radius and ulna, not elsewhere classified;FALSE;FALSE;FALSE;FALSE;FALSE;;0;FALSE
2900;78.84;;Diagnostic procedures on carpals and metacarpals, not elsewhere classified;FALSE;FALSE;FALSE;FALSE;FALSE;;0;FALSE
2901;78.85;;Diagnostic procedures on femur, not elsewhere classified;FALSE;FALSE;FALSE;FALSE;FALSE;;0;FALSE
2902;78.86;;Diagnostic procedures on patella, not elsewhere classified;FALSE;FALSE;FALSE;FALSE;FALSE;;0;FALSE
2903;78.87;;Diagnostic procedures on tibia and fibula, not elsewhere classified;FALSE;FALSE;FALSE;FALSE;FALSE;;0;FALSE
2904;78.88;;Diagnostic procedures on tarsals and metatarsals, not elsewhere classified;FALSE;FALSE;FALSE;FALSE;FALSE;;0;FALSE
2905;78.89;;Diagnostic procedures on other bone, except facial bones, not elsewhere classified;FALSE;FALSE;FALSE;FALSE;FALSE;;0;FALSE
2906;78.90;;Insertion of bone growth stimulator, unspecified site;FALSE;FALSE;FALSE;FALSE;FALSE;;0;FALSE
2907;78.91;;Insertion of bone growth stimulator into scapula, clavicle and thorax [ribs and sternum];FALSE;FALSE;FALSE;FALSE;FALSE;;0;FALSE
2908;78.92;;Insertion of bone growth stimulator into humerus;FALSE;FALSE;FALSE;FALSE;FALSE;;0;FALSE
2909;78.93;;Insertion of bone growth stimulator into radius and ulna;FALSE;FALSE;FALSE;FALSE;FALSE;;0;FALSE
2910;78.94;;Insertion of bone growth stimulator into carpals and metacarpals;FALSE;FALSE;FALSE;FALSE;FALSE;;0;FALSE
2911;78.95;;Insertion of bone growth stimulator into femur;FALSE;FALSE;FALSE;FALSE;FALSE;;0;FALSE
2912;78.96;;Insertion of bone growth stimulator into patella;FALSE;FALSE;FALSE;FALSE;FALSE;;0;FALSE
2913;78.97;;Insertion of bone growth stimulator into tibia and fibula;FALSE;FALSE;FALSE;FALSE;FALSE;;0;FALSE
2914;78.98;;Insertion of bone growth stimulator into tarsals and metatarsals;FALSE;FALSE;FALSE;FALSE;FALSE;;0;FALSE
2915;78.99;;Insertion of bone growth stimulator into other bone;FALSE;FALSE;FALSE;FALSE;FALSE;;0;FALSE
2916;79.00;;Closed reduction of fracture without internal fixation, unspecified site;FALSE;FALSE;FALSE;FALSE;FALSE;;0;FALSE
2917;79.01;;Closed reduction of fracture of humerus without internal fixation;FALSE;FALSE;FALSE;FALSE;FALSE;;0;FALSE
2918;79.02;;Closed reduction of fracture of radius and ulna without internal fixation;FALSE;FALSE;FALSE;FALSE;FALSE;;0;FALSE
2919;79.03;;Closed reduction of fracture of carpals and metacarpals without internal fixation;FALSE;FALSE;FALSE;FALSE;FALSE;;0;FALSE
2920;79.04;;Closed reduction of fracture of phalanges of hand without internal fixation;FALSE;FALSE;FALSE;FALSE;FALSE;;0;FALSE
2921;79.05;;Closed reduction of fracture of femur without internal fixation;FALSE;FALSE;FALSE;FALSE;FALSE;;0;FALSE
2922;79.06;;Closed reduction of fracture of tibia and fibula without internal fixation;FALSE;FALSE;FALSE;FALSE;FALSE;;0;FALSE
2923;79.07;;Closed reduction of fracture of tarsals and metatarsals without internal fixation;FALSE;FALSE;FALSE;FALSE;FALSE;;0;FALSE
2924;79.08;;Closed reduction of fracture of phalanges of foot without internal fixation;FALSE;FALSE;FALSE;FALSE;FALSE;;0;FALSE
2925;79.09;;Closed reduction of fracture of other specified bone without internal fixation;FALSE;FALSE;FALSE;FALSE;FALSE;;0;FALSE
2926;79.10;;Closed reduction of fracture with internal fixation, unspecified site;FALSE;FALSE;FALSE;FALSE;FALSE;;0;FALSE
2927;79.11;;Closed reduction of fracture of humerus with internal fixation;FALSE;FALSE;FALSE;FALSE;FALSE;;0;FALSE
2928;79.12;;Closed reduction of fracture of radius and ulna with internal fixation;FALSE;FALSE;FALSE;FALSE;FALSE;;0;FALSE
2929;79.13;;Closed reduction of fracture of carpals and metacarpals with internal fixation;FALSE;FALSE;FALSE;FALSE;FALSE;;0;FALSE
2930;79.14;;Closed reduction of fracture of phalanges of hand with internal fixation;FALSE;FALSE;FALSE;FALSE;FALSE;;0;FALSE
2931;79.15;;Closed reduction of fracture of femur with internal fixation;FALSE;FALSE;FALSE;FALSE;FALSE;;0;FALSE
2932;79.16;;Closed reduction of fracture of tibia and fibula with internal fixation;FALSE;FALSE;FALSE;FALSE;FALSE;;0;FALSE
2933;79.17;;Closed reduction of fracture of tarsals and metatarsals with internal fixation;FALSE;FALSE;FALSE;FALSE;FALSE;;0;FALSE
2934;79.18;;Closed reduction of fracture of phalanges of foot with internal fixation;FALSE;FALSE;FALSE;FALSE;FALSE;;0;FALSE
2935;79.19;;Closed reduction of fracture of other specified bone with internal fixation;FALSE;FALSE;FALSE;FALSE;FALSE;;0;FALSE
2936;79.20;;Open reduction of fracture without internal fixation, unspecified site;FALSE;FALSE;FALSE;FALSE;FALSE;;0;FALSE
2937;79.21;;Open reduction of fracture of humerus without internal fixation;FALSE;FALSE;FALSE;FALSE;FALSE;;0;FALSE
2938;79.22;;Open reduction of fracture of radius and ulna without internal fixation;FALSE;FALSE;FALSE;FALSE;FALSE;;0;FALSE
2939;79.23;;Open reduction of fracture of carpals and metacarpals without internal fixation;FALSE;FALSE;FALSE;FALSE;FALSE;;0;FALSE
2940;79.24;;Open reduction of fracture of phalanges of hand without internal fixation;FALSE;FALSE;FALSE;FALSE;FALSE;;0;FALSE
2941;79.25;;Open reduction of fracture of femur without internal fixation;FALSE;FALSE;FALSE;FALSE;FALSE;;0;FALSE
2942;79.26;;Open reduction of fracture of tibia and fibula without internal fixation;FALSE;FALSE;FALSE;FALSE;FALSE;;0;FALSE
2943;79.27;;Open reduction of fracture of tarsals and metatarsals without internal fixation;FALSE;FALSE;FALSE;FALSE;FALSE;;0;FALSE
2944;79.28;;Open reduction of fracture of phalanges of foot without internal fixation;FALSE;FALSE;FALSE;FALSE;FALSE;;0;FALSE
2945;79.29;;Open reduction of fracture of other specified bone, except facial bones, without internal fixation;FALSE;FALSE;FALSE;FALSE;FALSE;;0;FALSE
2946;79.30;;Open reduction of fracture with internal fixation, unspecified site;FALSE;FALSE;FALSE;FALSE;FALSE;;0;FALSE
2947;79.31;;Open reduction of fracture of humerus with internal fixation;FALSE;FALSE;FALSE;FALSE;FALSE;;0;FALSE
2948;79.32;;Open reduction of fracture of radius and ulna with internal fixation;FALSE;FALSE;FALSE;FALSE;FALSE;;0;FALSE
2949;79.33;;Open reduction of fracture of carpals and metacarpals with internal fixation;FALSE;FALSE;FALSE;FALSE;FALSE;;0;FALSE
2950;79.34;;Open reduction of fracture of phalanges of hand with internal fixation;FALSE;FALSE;FALSE;FALSE;FALSE;;0;FALSE
2951;79.35;;Open reduction of fracture of femur with internal fixation;FALSE;FALSE;FALSE;FALSE;FALSE;;0;FALSE
2952;79.36;;Open reduction of fracture of tibia and fibula with internal fixation;FALSE;FALSE;FALSE;FALSE;FALSE;;0;FALSE
2953;79.37;;Open reduction of fracture of tarsals and metatarsals with internal fixation;FALSE;FALSE;FALSE;FALSE;FALSE;;0;FALSE
2954;79.38;;Open reduction of fracture of phalanges of foot with internal fixation;FALSE;FALSE;FALSE;FALSE;FALSE;;0;FALSE
2955;79.39;;Open reduction of fracture of other specified bone, except facial bones, with internal fixation;FALSE;FALSE;FALSE;FALSE;FALSE;;0;FALSE
2956;79.40;;Closed reduction of separated epiphysis, unspecified site;FALSE;FALSE;FALSE;FALSE;FALSE;;0;FALSE
2957;79.41;;Closed reduction of separated epiphysis of humerus;FALSE;FALSE;FALSE;FALSE;FALSE;;0;FALSE
2958;79.42;;Closed reduction of separated epiphysis of radius and ulna;FALSE;FALSE;FALSE;FALSE;FALSE;;0;FALSE
2959;79.45;;Closed reduction of separated epiphysis of femur;FALSE;FALSE;FALSE;FALSE;FALSE;;0;FALSE
2960;79.46;;Closed reduction of separated epiphysis of tibia and fibula;FALSE;FALSE;FALSE;FALSE;FALSE;;0;FALSE
2961;79.49;;Closed reduction of separated epiphysis of other specified bone;FALSE;FALSE;FALSE;FALSE;FALSE;;0;FALSE
2962;79.50;;Open reduction of separated epiphysis, unspecified site;FALSE;FALSE;FALSE;FALSE;FALSE;;0;FALSE
2963;79.51;;Open reduction of separated epiphysis of humerus;FALSE;FALSE;FALSE;FALSE;FALSE;;0;FALSE
2964;79.52;;Open reduction of separated epiphysis of radius and ulna;FALSE;FALSE;FALSE;FALSE;FALSE;;0;FALSE
2965;79.55;;Open reduction of separated epiphysis of femur;FALSE;FALSE;FALSE;FALSE;FALSE;;0;FALSE
2966;79.56;;Open reduction of separated epiphysis of tibia and fibula;FALSE;FALSE;FALSE;FALSE;FALSE;;0;FALSE
2967;79.59;;Open reduction of separated epiphysis of other specified bone;FALSE;FALSE;FALSE;FALSE;FALSE;;0;FALSE
2968;79.60;;Debridement of open fracture, unspecified site;FALSE;FALSE;FALSE;FALSE;FALSE;;0;FALSE
2969;79.61;;Debridement of open fracture of humerus;FALSE;FALSE;FALSE;FALSE;FALSE;;0;FALSE
2970;79.62;;Debridement of open fracture of radius and ulna;FALSE;FALSE;FALSE;FALSE;FALSE;;0;FALSE
2971;79.63;;Debridement of open fracture of carpals and metacarpals;FALSE;FALSE;FALSE;FALSE;FALSE;;0;FALSE
2972;79.64;;Debridement of open fracture of phalanges of hand;FALSE;FALSE;FALSE;FALSE;FALSE;;0;FALSE
2973;79.65;;Debridement of open fracture of femur;FALSE;FALSE;FALSE;FALSE;FALSE;;0;FALSE
2974;79.66;;Debridement of open fracture of tibia and fibula;FALSE;FALSE;FALSE;FALSE;FALSE;;0;FALSE
2975;79.67;;Debridement of open fracture of tarsals and metatarsals;FALSE;FALSE;FALSE;FALSE;FALSE;;0;FALSE
2976;79.68;;Debridement of open fracture of phalanges of foot;FALSE;FALSE;FALSE;FALSE;FALSE;;0;FALSE
2977;79.69;;Debridement of open fracture of other specified bone, except facial bones;FALSE;FALSE;FALSE;FALSE;FALSE;;0;FALSE
2978;79.70;;Closed reduction of dislocation of unspecified site;FALSE;FALSE;FALSE;FALSE;FALSE;;0;FALSE
2979;79.71;;Closed reduction of dislocation of shoulder;FALSE;FALSE;FALSE;FALSE;FALSE;;0;FALSE
2980;79.72;;Closed reduction of dislocation of elbow;FALSE;FALSE;FALSE;FALSE;FALSE;;0;FALSE
2981;79.73;;Closed reduction of dislocation of wrist;FALSE;FALSE;FALSE;FALSE;FALSE;;0;FALSE
2982;79.74;;Closed reduction of dislocation of hand and finger;FALSE;FALSE;FALSE;FALSE;FALSE;;0;FALSE
2983;79.75;;Closed reduction of dislocation of hip;FALSE;FALSE;FALSE;FALSE;FALSE;;0;FALSE
2984;79.76;;Closed reduction of dislocation of knee;FALSE;FALSE;FALSE;FALSE;FALSE;;0;FALSE
2985;79.77;;Closed reduction of dislocation of ankle;FALSE;FALSE;FALSE;FALSE;FALSE;;0;FALSE
2986;79.78;;Closed reduction of dislocation of foot and toe;FALSE;FALSE;FALSE;FALSE;FALSE;;0;FALSE
2987;79.79;;Closed reduction of dislocation of other specified site, except temporomandibular;FALSE;FALSE;FALSE;FALSE;FALSE;;0;FALSE
2988;79.80;;Open reduction of dislocation of unspecified site;FALSE;FALSE;FALSE;FALSE;FALSE;;0;FALSE
2989;79.81;;Open reduction of dislocation of shoulder;FALSE;FALSE;FALSE;FALSE;FALSE;;0;FALSE
2990;79.82;;Open reduction of dislocation of elbow;FALSE;FALSE;FALSE;FALSE;FALSE;;0;FALSE
2991;79.83;;Open reduction of dislocation of wrist;FALSE;FALSE;FALSE;FALSE;FALSE;;0;FALSE
2992;79.84;;Open reduction of dislocation of hand and finger;FALSE;FALSE;FALSE;FALSE;FALSE;;0;FALSE
2993;79.85;;Open reduction of dislocation of hip;FALSE;FALSE;FALSE;FALSE;FALSE;;0;FALSE
2994;79.86;;Open reduction of dislocation of knee;FALSE;FALSE;FALSE;FALSE;FALSE;;0;FALSE
2995;79.87;;Open reduction of dislocation of ankle;FALSE;FALSE;FALSE;FALSE;FALSE;;0;FALSE
2996;79.88;;Open reduction of dislocation of foot and toe;FALSE;FALSE;FALSE;FALSE;FALSE;;0;FALSE
2997;79.89;;Open reduction of dislocation of other specified site, except temporomandibular;FALSE;FALSE;FALSE;FALSE;FALSE;;0;FALSE
2998;79.90;;Unspecified operation on bone injury, unspecified site;FALSE;FALSE;FALSE;FALSE;FALSE;;0;FALSE
2999;79.91;;Unspecified operation on bone injury of humerus;FALSE;FALSE;FALSE;FALSE;FALSE;;0;FALSE
3000;79.92;;Unspecified operation on bone injury of radius and ulna;FALSE;FALSE;FALSE;FALSE;FALSE;;0;FALSE
3001;79.93;;Unspecified operation on bone injury of carpals and metacarpals;FALSE;FALSE;FALSE;FALSE;FALSE;;0;FALSE
3002;79.94;;Unspecified operation on bone injury of phalanges of hand;FALSE;FALSE;FALSE;FALSE;FALSE;;0;FALSE
3003;79.95;;Unspecified operation on bone injury of femur;FALSE;FALSE;FALSE;FALSE;FALSE;;0;FALSE
3004;79.96;;Unspecified operation on bone injury of tibia and fibula;FALSE;FALSE;FALSE;FALSE;FALSE;;0;FALSE
3005;79.97;;Unspecified operation on bone injury of tarsals and metatarsals;FALSE;FALSE;FALSE;FALSE;FALSE;;0;FALSE
3006;79.98;;Unspecified operation on bone injury of phalanges of foot;FALSE;FALSE;FALSE;FALSE;FALSE;;0;FALSE
3007;79.99;;Unspecified operation on bone injury of other specified bone;FALSE;FALSE;FALSE;FALSE;FALSE;;0;FALSE
3008;80.00;;Arthrotomy for removal of prosthesis, unspecified site;FALSE;FALSE;FALSE;FALSE;FALSE;;0;FALSE
3009;80.01;;Arthrotomy for removal of prosthesis of shoulder;FALSE;FALSE;FALSE;FALSE;FALSE;;0;FALSE
3010;80.02;;Arthrotomy for removal of prosthesis of elbow;FALSE;FALSE;FALSE;FALSE;FALSE;;0;FALSE
3011;80.03;;Arthrotomy for removal of prosthesis of wrist;FALSE;FALSE;FALSE;FALSE;FALSE;;0;FALSE
3012;80.04;;Arthrotomy for removal of prosthesis of hand and finger;FALSE;FALSE;FALSE;FALSE;FALSE;;0;FALSE
3013;80.05;;Arthrotomy for removal of prosthesis of hip;FALSE;FALSE;FALSE;FALSE;FALSE;;0;FALSE
3014;80.06;;Arthrotomy for removal of prosthesis of knee;FALSE;FALSE;FALSE;FALSE;FALSE;;0;FALSE
3015;80.07;;Arthrotomy for removal of prosthesis of ankle;FALSE;FALSE;FALSE;FALSE;FALSE;;0;FALSE
3016;80.08;;Arthrotomy for removal of prosthesis of foot and toe;FALSE;FALSE;FALSE;FALSE;FALSE;;0;FALSE
3017;80.09;;Arthrotomy for removal of prosthesis of other specified site;FALSE;FALSE;FALSE;FALSE;FALSE;;0;FALSE
3018;80.10;;Other arthrotomy, unspecified site;FALSE;FALSE;FALSE;FALSE;FALSE;;0;FALSE
3019;80.11;;Other arthrotomy of shoulder;FALSE;FALSE;FALSE;FALSE;FALSE;;0;FALSE
3020;80.12;;Other arthrotomy of elbow;FALSE;FALSE;FALSE;FALSE;FALSE;;0;FALSE
3021;80.13;;Other arthrotomy of wrist;FALSE;FALSE;FALSE;FALSE;FALSE;;0;FALSE
3022;80.14;;Other arthrotomy of hand and finger;FALSE;FALSE;FALSE;FALSE;FALSE;;0;FALSE
3023;80.15;;Other arthrotomy of hip;FALSE;FALSE;FALSE;FALSE;FALSE;;0;FALSE
3024;80.16;;Other arthrotomy of knee;FALSE;FALSE;FALSE;FALSE;FALSE;;0;FALSE
3025;80.17;;Other arthrotomy of ankle;FALSE;FALSE;FALSE;FALSE;FALSE;;0;FALSE
3026;80.18;;Other arthrotomy of foot and toe;FALSE;FALSE;FALSE;FALSE;FALSE;;0;FALSE
3027;80.19;;Other arthrotomy of other specified site;FALSE;FALSE;FALSE;FALSE;FALSE;;0;FALSE
3028;80.20;;Arthroscopy, unspecified site;FALSE;FALSE;FALSE;FALSE;FALSE;;0;FALSE
3029;80.21;;Arthroscopy of shoulder;FALSE;FALSE;FALSE;FALSE;FALSE;;0;FALSE
3030;80.22;;Arthroscopy of elbow;FALSE;FALSE;FALSE;FALSE;FALSE;;0;FALSE
3031;80.23;;Arthroscopy of wrist;FALSE;FALSE;FALSE;FALSE;FALSE;;0;FALSE
3032;80.24;;Arthroscopy of hand and finger;FALSE;FALSE;FALSE;FALSE;FALSE;;0;FALSE
3033;80.25;;Arthroscopy of hip;FALSE;FALSE;FALSE;FALSE;FALSE;;0;FALSE
3034;80.26;;Arthroscopy of knee;FALSE;FALSE;FALSE;FALSE;FALSE;;0;FALSE
3035;80.27;;Arthroscopy of ankle;FALSE;FALSE;FALSE;FALSE;FALSE;;0;FALSE
3036;80.28;;Arthroscopy of foot and toe;FALSE;FALSE;FALSE;FALSE;FALSE;;0;FALSE
3037;80.29;;Arthroscopy of other specified site;FALSE;FALSE;FALSE;FALSE;FALSE;;0;FALSE
3038;80.30;;Biopsy of joint structure, unspecified site;FALSE;FALSE;FALSE;FALSE;FALSE;;0;FALSE
3039;80.31;;Biopsy of joint structure of shoulder;FALSE;FALSE;FALSE;FALSE;FALSE;;0;FALSE
3040;80.32;;Biopsy of joint structure of elbow;FALSE;FALSE;FALSE;FALSE;FALSE;;0;FALSE
3041;80.33;;Biopsy of joint structure of wrist;FALSE;FALSE;FALSE;FALSE;FALSE;;0;FALSE
3042;80.34;;Biopsy of joint structure of hand and finger;FALSE;FALSE;FALSE;FALSE;FALSE;;0;FALSE
3043;80.35;;Biopsy of joint structure of hip;FALSE;FALSE;FALSE;FALSE;FALSE;;0;FALSE
3044;80.36;;Biopsy of joint structure of knee;FALSE;FALSE;FALSE;FALSE;FALSE;;0;FALSE
3045;80.37;;Biopsy of joint structure of ankle;FALSE;FALSE;FALSE;FALSE;FALSE;;0;FALSE
3046;80.38;;Biopsy of joint structure of foot and toe;FALSE;FALSE;FALSE;FALSE;FALSE;;0;FALSE
3047;80.39;;Biopsy of joint structure of other specified site;FALSE;FALSE;FALSE;FALSE;FALSE;;0;FALSE
3048;80.40;;Division of joint capsule, ligament, or cartilage, unspecified site;FALSE;FALSE;FALSE;FALSE;FALSE;;0;FALSE
3049;80.41;;Division of joint capsule, ligament, or cartilage of shoulder;FALSE;FALSE;FALSE;FALSE;FALSE;;0;FALSE
3050;80.42;;Division of joint capsule, ligament, or cartilage of elbow;FALSE;FALSE;FALSE;FALSE;FALSE;;0;FALSE
3051;80.43;;Division of joint capsule, ligament, or cartilage of wrist;FALSE;FALSE;FALSE;FALSE;FALSE;;0;FALSE
3052;80.44;;Division of joint capsule, ligament, or cartilage of hand and finger;FALSE;FALSE;FALSE;FALSE;FALSE;;0;FALSE
3053;80.45;;Division of joint capsule, ligament, or cartilage of hip;FALSE;FALSE;FALSE;FALSE;FALSE;;0;FALSE
3054;80.46;;Division of joint capsule, ligament, or cartilage of knee;FALSE;FALSE;FALSE;FALSE;FALSE;;0;FALSE
3055;80.47;;Division of joint capsule, ligament, or cartilage of ankle;FALSE;FALSE;FALSE;FALSE;FALSE;;0;FALSE
3056;80.48;;Division of joint capsule, ligament, or cartilage of foot and toe;FALSE;FALSE;FALSE;FALSE;FALSE;;0;FALSE
3057;80.49;;Division of joint capsule, ligament, or cartilage of other specified site;FALSE;FALSE;FALSE;FALSE;FALSE;;0;FALSE
3058;80.50;;Excision or destruction of intervertebral disc, unspecified;FALSE;FALSE;FALSE;FALSE;FALSE;;0;FALSE
3059;80.51;;Excision of intervertebral disc;FALSE;FALSE;FALSE;FALSE;FALSE;;0;FALSE
3060;80.52;;Intervertebral chemonucleolysis;FALSE;FALSE;FALSE;FALSE;FALSE;;0;FALSE
3061;80.59;;Other destruction of intervertebral disc;FALSE;FALSE;FALSE;FALSE;FALSE;;0;FALSE
3062;80.6;;Excision of semilunar cartilage of knee;FALSE;FALSE;FALSE;FALSE;FALSE;;0;FALSE
3063;80.70;;Synovectomy, unspecified site;FALSE;FALSE;FALSE;FALSE;FALSE;;0;FALSE
3064;80.71;;Synovectomy of shoulder;FALSE;FALSE;FALSE;FALSE;FALSE;;0;FALSE
3065;80.72;;Synovectomy of elbow;FALSE;FALSE;FALSE;FALSE;FALSE;;0;FALSE
3066;80.73;;Synovectomy of wrist;FALSE;FALSE;FALSE;FALSE;FALSE;;0;FALSE
3067;80.74;;Synovectomy of hand and finger;FALSE;FALSE;FALSE;FALSE;FALSE;;0;FALSE
3068;80.75;;Synovectomy of hip;FALSE;FALSE;FALSE;FALSE;FALSE;;0;FALSE
3069;80.76;;Synovectomy of knee;FALSE;FALSE;FALSE;FALSE;FALSE;;0;FALSE
3070;80.77;;Synovectomy of ankle;FALSE;FALSE;FALSE;FALSE;FALSE;;0;FALSE
3071;80.78;;Synovectomy of foot and toe;FALSE;FALSE;FALSE;FALSE;FALSE;;0;FALSE
3072;80.79;;Synovectomy of other specified site;FALSE;FALSE;FALSE;FALSE;FALSE;;0;FALSE
3073;80.80;;Other local excision or destruction of lesion of joint, unspecified site;FALSE;FALSE;FALSE;FALSE;FALSE;;0;FALSE
3074;80.81;;Other local excision or destruction of lesion of shoulder joint;FALSE;FALSE;FALSE;FALSE;FALSE;;0;FALSE
3075;80.82;;Other local excision or destruction of lesion of elbow joint;FALSE;FALSE;FALSE;FALSE;FALSE;;0;FALSE
3239;83.42;;Other tenonectomy;FALSE;FALSE;FALSE;FALSE;FALSE;;0;FALSE
3076;80.83;;Other local excision or destruction of lesion of wrist joint;FALSE;FALSE;FALSE;FALSE;FALSE;;0;FALSE
3077;80.84;;Other local excision or destruction of lesion of joint of hand and finger;FALSE;FALSE;FALSE;FALSE;FALSE;;0;FALSE
3078;80.85;;Other local excision or destruction of lesion of hip joint;FALSE;FALSE;FALSE;FALSE;FALSE;;0;FALSE
3079;80.86;;Other local excision or destruction of lesion of knee joint;FALSE;FALSE;FALSE;FALSE;FALSE;;0;FALSE
3080;80.87;;Other local excision or destruction of lesion of ankle joint;FALSE;FALSE;FALSE;FALSE;FALSE;;0;FALSE
3081;80.88;;Other local excision or destruction of lesion of joint of foot and toe;FALSE;FALSE;FALSE;FALSE;FALSE;;0;FALSE
3082;80.89;;Other local excision or destruction of lesion of joint of other specified site;FALSE;FALSE;FALSE;FALSE;FALSE;;0;FALSE
3083;80.90;;Other excision of joint, unspecified site;FALSE;FALSE;FALSE;FALSE;FALSE;;0;FALSE
3084;80.91;;Other excision of shoulder joint;FALSE;FALSE;FALSE;FALSE;FALSE;;0;FALSE
3085;80.92;;Other excision of elbow joint;FALSE;FALSE;FALSE;FALSE;FALSE;;0;FALSE
3086;80.93;;Other excision of wrist joint;FALSE;FALSE;FALSE;FALSE;FALSE;;0;FALSE
3087;80.94;;Other excision of joint of hand and finger;FALSE;FALSE;FALSE;FALSE;FALSE;;0;FALSE
3088;80.95;;Other excision of hip joint;FALSE;FALSE;FALSE;FALSE;FALSE;;0;FALSE
3089;80.96;;Other excision of knee joint;FALSE;FALSE;FALSE;FALSE;FALSE;;0;FALSE
3090;80.97;;Other excision of ankle joint;FALSE;FALSE;FALSE;FALSE;FALSE;;0;FALSE
3091;80.98;;Other excision of joint of foot and toe;FALSE;FALSE;FALSE;FALSE;FALSE;;0;FALSE
3092;80.99;;Other excision of joint of other specified site;FALSE;FALSE;FALSE;FALSE;FALSE;;0;FALSE
3093;81.00;;Spinal fusion, not otherwise specified;FALSE;FALSE;FALSE;FALSE;FALSE;;0;FALSE
3094;81.01;;Atlas-axis spinal fusion;FALSE;FALSE;FALSE;FALSE;FALSE;;0;FALSE
3095;81.02;;Other cervical fusion, anterior technique;FALSE;FALSE;FALSE;FALSE;FALSE;;0;FALSE
3096;81.03;;Other cervical fusion, posterior technique;FALSE;FALSE;FALSE;FALSE;FALSE;;0;FALSE
3097;81.04;;Dorsal and dorsolumbar fusion, anterior technique;FALSE;FALSE;FALSE;FALSE;FALSE;;0;FALSE
3098;81.05;;Dorsal and dorsolumbar fusion, posterior technique;FALSE;FALSE;FALSE;FALSE;FALSE;;0;FALSE
3099;81.06;;Lumbar and lumbosacral fusion, anterior technique;FALSE;FALSE;FALSE;FALSE;FALSE;;0;FALSE
3100;81.07;;Lumbar and lumbosacral fusion, lateral transverse process technique;FALSE;FALSE;FALSE;FALSE;FALSE;;0;FALSE
3101;81.08;;Lumbar and lumbosacral fusion, posterior technique;FALSE;FALSE;FALSE;FALSE;FALSE;;0;FALSE
3102;81.11;;Ankle fusion;FALSE;FALSE;FALSE;FALSE;FALSE;;0;FALSE
3103;81.12;;Triple arthrodesis;FALSE;FALSE;FALSE;FALSE;FALSE;;0;FALSE
3104;81.13;;Subtalar fusion;FALSE;FALSE;FALSE;FALSE;FALSE;;0;FALSE
3105;81.14;;Midtarsal fusion;FALSE;FALSE;FALSE;FALSE;FALSE;;0;FALSE
3106;81.15;;Tarsometatarsal fusion;FALSE;FALSE;FALSE;FALSE;FALSE;;0;FALSE
3107;81.16;;Metatarsophalangeal fusion;FALSE;FALSE;FALSE;FALSE;FALSE;;0;FALSE
3108;81.17;;Other fusion of foot;FALSE;FALSE;FALSE;FALSE;FALSE;;0;FALSE
3109;81.20;;Arthrodesis of unspecified joint;FALSE;FALSE;FALSE;FALSE;FALSE;;0;FALSE
3110;81.21;;Arthrodesis of hip;FALSE;FALSE;FALSE;FALSE;FALSE;;0;FALSE
3111;81.22;;Arthrodesis of knee;FALSE;FALSE;FALSE;FALSE;FALSE;;0;FALSE
3112;81.23;;Arthrodesis of shoulder;FALSE;FALSE;FALSE;FALSE;FALSE;;0;FALSE
3113;81.24;;Arthrodesis of elbow;FALSE;FALSE;FALSE;FALSE;FALSE;;0;FALSE
3114;81.25;;Carporadial fusion;FALSE;FALSE;FALSE;FALSE;FALSE;;0;FALSE
3115;81.26;;Metacarpocarpal fusion;FALSE;FALSE;FALSE;FALSE;FALSE;;0;FALSE
3116;81.27;;Metacarpophalangeal fusion;FALSE;FALSE;FALSE;FALSE;FALSE;;0;FALSE
3117;81.28;;Interphalangeal fusion;FALSE;FALSE;FALSE;FALSE;FALSE;;0;FALSE
3118;81.29;;Arthrodesis of other specified joints;FALSE;FALSE;FALSE;FALSE;FALSE;;0;FALSE
3119;81.30;;Refusion of spine, not otherwise specified;FALSE;FALSE;FALSE;FALSE;FALSE;;0;FALSE
3120;81.31;;Refusion of atlas-axis spine;FALSE;FALSE;FALSE;FALSE;FALSE;;0;FALSE
3121;81.32;;Refusion of other cervical spine, anterior technique;FALSE;FALSE;FALSE;FALSE;FALSE;;0;FALSE
3122;81.33;;Refusion of other cervical spine, posterior technique;FALSE;FALSE;FALSE;FALSE;FALSE;;0;FALSE
3123;81.34;;Refusion of dorsal and dorsolumbar spine, anterior technique;FALSE;FALSE;FALSE;FALSE;FALSE;;0;FALSE
3124;81.35;;Refusion of dorsal and dorsolumbar spine, posterior technique;FALSE;FALSE;FALSE;FALSE;FALSE;;0;FALSE
3125;81.36;;Refusion of lumbar and lumbosacral spine, anterior technique;FALSE;FALSE;FALSE;FALSE;FALSE;;0;FALSE
3126;81.37;;Refusion of lumbar and lumbosacral spine, lateral transverse process technique;FALSE;FALSE;FALSE;FALSE;FALSE;;0;FALSE
3127;81.38;;Refusion of lumbar and lumbosacral spine, posterior technique;FALSE;FALSE;FALSE;FALSE;FALSE;;0;FALSE
3128;81.39;;Refusion of spine, not elsewhere classified;FALSE;FALSE;FALSE;FALSE;FALSE;;0;FALSE
3129;81.40;;Repair of hip, not elsewhere classified;FALSE;FALSE;FALSE;FALSE;FALSE;;0;FALSE
3130;81.42;;Five-in-one repair of knee;FALSE;FALSE;FALSE;FALSE;FALSE;;0;FALSE
3131;81.43;;Triad knee repair;FALSE;FALSE;FALSE;FALSE;FALSE;;0;FALSE
3132;81.44;;Patellar stabilization;FALSE;FALSE;FALSE;FALSE;FALSE;;0;FALSE
3133;81.45;;Other repair of the cruciate ligaments;FALSE;FALSE;FALSE;FALSE;FALSE;;0;FALSE
3134;81.46;;Other repair of the collateral ligaments;FALSE;FALSE;FALSE;FALSE;FALSE;;0;FALSE
3135;81.47;;Other repair of knee;FALSE;FALSE;FALSE;FALSE;FALSE;;0;FALSE
3136;81.49;;Other repair of ankle;FALSE;FALSE;FALSE;FALSE;FALSE;;0;FALSE
3137;81.51;;Total hip replacement;FALSE;FALSE;FALSE;FALSE;FALSE;;0;FALSE
3138;81.52;;Partial hip replacement;FALSE;FALSE;FALSE;FALSE;FALSE;;0;FALSE
3139;81.53;;Revision of hip replacement;FALSE;FALSE;FALSE;FALSE;FALSE;;0;FALSE
3140;81.54;;Total knee replacement;FALSE;FALSE;FALSE;FALSE;FALSE;;0;FALSE
3141;81.55;;Revision of knee replacement;FALSE;FALSE;FALSE;FALSE;FALSE;;0;FALSE
3142;81.56;;Total ankle replacement;FALSE;FALSE;FALSE;FALSE;FALSE;;0;FALSE
3143;81.57;;Replacement of joint of foot and toe;FALSE;FALSE;FALSE;FALSE;FALSE;;0;FALSE
3144;81.59;;Revision of joint replacement of lower extremity, not elsewhere classified;FALSE;FALSE;FALSE;FALSE;FALSE;;0;FALSE
3145;81.61;;360 degree spinal fusion, single incision approach;FALSE;FALSE;FALSE;FALSE;FALSE;;0;FALSE
3146;81.62;;Fusion or refusion of 2-3 vertebrae;FALSE;FALSE;FALSE;FALSE;FALSE;;0;FALSE
3147;81.63;;Fusion or refusion of 4-8 vertebrae;FALSE;FALSE;FALSE;FALSE;FALSE;;0;FALSE
3148;81.64;;Fusion or refusion of 9 or more vertebrae;FALSE;FALSE;FALSE;FALSE;FALSE;;0;FALSE
3149;81.65;;Vertebroplasty;FALSE;FALSE;FALSE;FALSE;FALSE;;0;FALSE
3150;81.66;;Kyphoplasty;FALSE;FALSE;FALSE;FALSE;FALSE;;0;FALSE
3151;81.71;;Arthroplasty of metacarpophalangeal and interphalangeal joint with implant;FALSE;FALSE;FALSE;FALSE;FALSE;;0;FALSE
3152;81.72;;Arthroplasty of metacarpophalangeal and interphalangeal joint without implant;FALSE;FALSE;FALSE;FALSE;FALSE;;0;FALSE
3153;81.73;;Total wrist replacement;FALSE;FALSE;FALSE;FALSE;FALSE;;0;FALSE
3154;81.74;;Arthroplasty of carpocarpal or carpometacarpal joint with implant;FALSE;FALSE;FALSE;FALSE;FALSE;;0;FALSE
3240;83.43;;Excision of muscle or fascia for graft;FALSE;FALSE;FALSE;FALSE;FALSE;;0;FALSE
3155;81.75;;Arthroplasty of carpocarpal or carpometacarpal joint without implant;FALSE;FALSE;FALSE;FALSE;FALSE;;0;FALSE
3156;81.79;;Other repair of hand, fingers, and wrist;FALSE;FALSE;FALSE;FALSE;FALSE;;0;FALSE
3157;81.80;;Total shoulder replacement;FALSE;FALSE;FALSE;FALSE;FALSE;;0;FALSE
3158;81.81;;Partial shoulder replacement;FALSE;FALSE;FALSE;FALSE;FALSE;;0;FALSE
3159;81.82;;Repair of recurrent dislocation of shoulder;FALSE;FALSE;FALSE;FALSE;FALSE;;0;FALSE
3160;81.83;;Other repair of shoulder;FALSE;FALSE;FALSE;FALSE;FALSE;;0;FALSE
3161;81.84;;Total elbow replacement;FALSE;FALSE;FALSE;FALSE;FALSE;;0;FALSE
3162;81.85;;Other repair of elbow;FALSE;FALSE;FALSE;FALSE;FALSE;;0;FALSE
3163;81.91;;Arthrocentesis;FALSE;FALSE;FALSE;FALSE;FALSE;;0;FALSE
3164;81.92;;Injection of therapeutic substance into joint or ligament;FALSE;FALSE;FALSE;FALSE;FALSE;;0;FALSE
3165;81.93;;Suture of capsule or ligament of upper extremity;FALSE;FALSE;FALSE;FALSE;FALSE;;0;FALSE
3166;81.94;;Suture of capsule or ligament of ankle and foot;FALSE;FALSE;FALSE;FALSE;FALSE;;0;FALSE
3167;81.95;;Suture of capsule or ligament of other lower extremity;FALSE;FALSE;FALSE;FALSE;FALSE;;0;FALSE
3168;81.96;;Other repair of joint;FALSE;FALSE;FALSE;FALSE;FALSE;;0;FALSE
3169;81.97;;Revision of joint replacement of upper extremity;FALSE;FALSE;FALSE;FALSE;FALSE;;0;FALSE
3170;81.98;;Other diagnostic procedures on joint structures;FALSE;FALSE;FALSE;FALSE;FALSE;;0;FALSE
3171;81.99;;Other operations on joint structures;FALSE;FALSE;FALSE;FALSE;FALSE;;0;FALSE
3172;82.01;;Exploration of tendon sheath of hand;FALSE;FALSE;FALSE;FALSE;FALSE;;0;FALSE
3173;82.02;;Myotomy of hand;FALSE;FALSE;FALSE;FALSE;FALSE;;0;FALSE
3174;82.03;;Bursotomy of hand;FALSE;FALSE;FALSE;FALSE;FALSE;;0;FALSE
3175;82.04;;Incision and drainage of palmar or thenar space;FALSE;FALSE;FALSE;FALSE;FALSE;;0;FALSE
3176;82.09;;Other incision of soft tissue of hand;FALSE;FALSE;FALSE;FALSE;FALSE;;0;FALSE
3177;82.11;;Tenotomy of hand;FALSE;FALSE;FALSE;FALSE;FALSE;;0;FALSE
3178;82.12;;Fasciotomy of hand;FALSE;FALSE;FALSE;FALSE;FALSE;;0;FALSE
3179;82.19;;Other division of soft tissue of hand;FALSE;FALSE;FALSE;FALSE;FALSE;;0;FALSE
3180;82.21;;Excision of lesion of tendon sheath of hand;FALSE;FALSE;FALSE;FALSE;FALSE;;0;FALSE
3181;82.22;;Excision of lesion of muscle of hand;FALSE;FALSE;FALSE;FALSE;FALSE;;0;FALSE
3182;82.29;;Excision of other lesion of soft tissue of hand;FALSE;FALSE;FALSE;FALSE;FALSE;;0;FALSE
3183;82.31;;Bursectomy of hand;FALSE;FALSE;FALSE;FALSE;FALSE;;0;FALSE
3184;82.32;;Excision of tendon of hand for graft;FALSE;FALSE;FALSE;FALSE;FALSE;;0;FALSE
3185;82.33;;Other tenonectomy of hand;FALSE;FALSE;FALSE;FALSE;FALSE;;0;FALSE
3186;82.34;;Excision of muscle or fascia of hand for graft;FALSE;FALSE;FALSE;FALSE;FALSE;;0;FALSE
3187;82.35;;Other fasciectomy of hand;FALSE;FALSE;FALSE;FALSE;FALSE;;0;FALSE
3188;82.36;;Other myectomy of hand;FALSE;FALSE;FALSE;FALSE;FALSE;;0;FALSE
3189;82.39;;Other excision of soft tissue of hand;FALSE;FALSE;FALSE;FALSE;FALSE;;0;FALSE
3190;82.41;;Suture of tendon sheath of hand;FALSE;FALSE;FALSE;FALSE;FALSE;;0;FALSE
3191;82.42;;Delayed suture of flexor tendon of hand;FALSE;FALSE;FALSE;FALSE;FALSE;;0;FALSE
3192;82.43;;Delayed suture of other tendon of hand;FALSE;FALSE;FALSE;FALSE;FALSE;;0;FALSE
3193;82.44;;Other suture of flexor tendon of hand;FALSE;FALSE;FALSE;FALSE;FALSE;;0;FALSE
3194;82.45;;Other suture of other tendon of hand;FALSE;FALSE;FALSE;FALSE;FALSE;;0;FALSE
3195;82.46;;Suture of muscle or fascia of hand;FALSE;FALSE;FALSE;FALSE;FALSE;;0;FALSE
3196;82.51;;Advancement of tendon of hand;FALSE;FALSE;FALSE;FALSE;FALSE;;0;FALSE
3197;82.52;;Recession of tendon of hand;FALSE;FALSE;FALSE;FALSE;FALSE;;0;FALSE
3198;82.53;;Reattachment of tendon of hand;FALSE;FALSE;FALSE;FALSE;FALSE;;0;FALSE
3199;82.54;;Reattachment of muscle of hand;FALSE;FALSE;FALSE;FALSE;FALSE;;0;FALSE
3200;82.55;;Other change in hand muscle or tendon length;FALSE;FALSE;FALSE;FALSE;FALSE;;0;FALSE
3201;82.56;;Other hand tendon transfer or transplantation;FALSE;FALSE;FALSE;FALSE;FALSE;;0;FALSE
3202;82.57;;Other hand tendon transposition;FALSE;FALSE;FALSE;FALSE;FALSE;;0;FALSE
3203;82.58;;Other hand muscle transfer or transplantation;FALSE;FALSE;FALSE;FALSE;FALSE;;0;FALSE
3204;82.59;;Other hand muscle transposition;FALSE;FALSE;FALSE;FALSE;FALSE;;0;FALSE
3205;82.61;;Pollicization operation carrying over nerves and blood supply;FALSE;FALSE;FALSE;FALSE;FALSE;;0;FALSE
3206;82.69;;Other reconstruction of thumb;FALSE;FALSE;FALSE;FALSE;FALSE;;0;FALSE
3207;82.71;;Tendon pulley reconstruction of hand;FALSE;FALSE;FALSE;FALSE;FALSE;;0;FALSE
3208;82.72;;Plastic operation on hand with graft of muscle or fascia;FALSE;FALSE;FALSE;FALSE;FALSE;;0;FALSE
3209;82.79;;Plastic operation on hand with other graft or implant;FALSE;FALSE;FALSE;FALSE;FALSE;;0;FALSE
3210;82.81;;Transfer of finger, except thumb;FALSE;FALSE;FALSE;FALSE;FALSE;;0;FALSE
3211;82.82;;Repair of cleft hand;FALSE;FALSE;FALSE;FALSE;FALSE;;0;FALSE
3212;82.83;;Repair of macrodactyly;FALSE;FALSE;FALSE;FALSE;FALSE;;0;FALSE
3213;82.84;;Repair of mallet finger;FALSE;FALSE;FALSE;FALSE;FALSE;;0;FALSE
3214;82.85;;Other tenodesis of hand;FALSE;FALSE;FALSE;FALSE;FALSE;;0;FALSE
3215;82.86;;Other tenoplasty of hand;FALSE;FALSE;FALSE;FALSE;FALSE;;0;FALSE
3216;82.89;;Other plastic operations on hand;FALSE;FALSE;FALSE;FALSE;FALSE;;0;FALSE
3217;82.91;;Lysis of adhesions of hand;FALSE;FALSE;FALSE;FALSE;FALSE;;0;FALSE
3218;82.92;;Aspiration of bursa of hand;FALSE;FALSE;FALSE;FALSE;FALSE;;0;FALSE
3219;82.93;;Aspiration of other soft tissue of hand;FALSE;FALSE;FALSE;FALSE;FALSE;;0;FALSE
3220;82.94;;Injection of therapeutic substance into bursa of hand;FALSE;FALSE;FALSE;FALSE;FALSE;;0;FALSE
3221;82.95;;Injection of therapeutic substance into tendon of hand;FALSE;FALSE;FALSE;FALSE;FALSE;;0;FALSE
3222;82.96;;Other injection of locally-acting therapeutic substance into soft tissue of hand;FALSE;FALSE;FALSE;FALSE;FALSE;;0;FALSE
3223;82.99;;Other operations on muscle, tendon, and fascia of hand;FALSE;FALSE;FALSE;FALSE;FALSE;;0;FALSE
3224;83.01;;Exploration of tendon sheath;FALSE;FALSE;FALSE;FALSE;FALSE;;0;FALSE
3225;83.02;;Myotomy;FALSE;FALSE;FALSE;FALSE;FALSE;;0;FALSE
3226;83.03;;Bursotomy;FALSE;FALSE;FALSE;FALSE;FALSE;;0;FALSE
3227;83.09;;Other incision of soft tissue;FALSE;FALSE;FALSE;FALSE;FALSE;;0;FALSE
3228;83.11;;Achillotenotomy;FALSE;FALSE;FALSE;FALSE;FALSE;;0;FALSE
3229;83.12;;Adductor tenotomy of hip;FALSE;FALSE;FALSE;FALSE;FALSE;;0;FALSE
3230;83.13;;Other tenotomy;FALSE;FALSE;FALSE;FALSE;FALSE;;0;FALSE
3231;83.14;;Fasciotomy;FALSE;FALSE;FALSE;FALSE;FALSE;;0;FALSE
3232;83.19;;Other division of soft tissue;FALSE;FALSE;FALSE;FALSE;FALSE;;0;FALSE
3233;83.21;;Biopsy of soft tissue;FALSE;FALSE;FALSE;FALSE;FALSE;;0;FALSE
3234;83.29;;Other diagnostic procedures on muscle, tendon, fascia, and bursa, including that of hand;FALSE;FALSE;FALSE;FALSE;FALSE;;0;FALSE
3235;83.31;;Excision of lesion of tendon sheath;FALSE;FALSE;FALSE;FALSE;FALSE;;0;FALSE
3236;83.32;;Excision of lesion of muscle;FALSE;FALSE;FALSE;FALSE;FALSE;;0;FALSE
3237;83.39;;Excision of lesion of other soft tissue;FALSE;FALSE;FALSE;FALSE;FALSE;;0;FALSE
3238;83.41;;Excision of tendon for graft;FALSE;FALSE;FALSE;FALSE;FALSE;;0;FALSE
3241;83.44;;Other fasciectomy;FALSE;FALSE;FALSE;FALSE;FALSE;;0;FALSE
3242;83.45;;Other myectomy;FALSE;FALSE;FALSE;FALSE;FALSE;;0;FALSE
3243;83.49;;Other excision of soft tissue;FALSE;FALSE;FALSE;FALSE;FALSE;;0;FALSE
3244;83.5;;Bursectomy;FALSE;FALSE;FALSE;FALSE;FALSE;;0;FALSE
3245;83.61;;Suture of tendon sheath;FALSE;FALSE;FALSE;FALSE;FALSE;;0;FALSE
3246;83.62;;Delayed suture of tendon;FALSE;FALSE;FALSE;FALSE;FALSE;;0;FALSE
3247;83.63;;Rotator cuff repair;FALSE;FALSE;FALSE;FALSE;FALSE;;0;FALSE
3248;83.64;;Other suture of tendon;FALSE;FALSE;FALSE;FALSE;FALSE;;0;FALSE
3249;83.65;;Other suture of muscle or fascia;FALSE;FALSE;FALSE;FALSE;FALSE;;0;FALSE
3250;83.71;;Advancement of tendon;FALSE;FALSE;FALSE;FALSE;FALSE;;0;FALSE
3251;83.72;;Recession of tendon;FALSE;FALSE;FALSE;FALSE;FALSE;;0;FALSE
3252;83.73;;Reattachment of tendon;FALSE;FALSE;FALSE;FALSE;FALSE;;0;FALSE
3253;83.74;;Reattachment of muscle;FALSE;FALSE;FALSE;FALSE;FALSE;;0;FALSE
3254;83.75;;Tendon transfer or transplantation;FALSE;FALSE;FALSE;FALSE;FALSE;;0;FALSE
3255;83.76;;Other tendon transposition;FALSE;FALSE;FALSE;FALSE;FALSE;;0;FALSE
3256;83.77;;Muscle transfer or transplantation;FALSE;FALSE;FALSE;FALSE;FALSE;;0;FALSE
3257;83.79;;Other muscle transposition;FALSE;FALSE;FALSE;FALSE;FALSE;;0;FALSE
3258;83.81;;Tendon graft;FALSE;FALSE;FALSE;FALSE;FALSE;;0;FALSE
3259;83.82;;Graft of muscle or fascia;FALSE;FALSE;FALSE;FALSE;FALSE;;0;FALSE
3260;83.83;;Tendon pulley reconstruction other than hand;FALSE;FALSE;FALSE;FALSE;FALSE;;0;FALSE
3261;83.84;;Release of clubfoot, not elsewhere classified;FALSE;FALSE;FALSE;FALSE;FALSE;;0;FALSE
3262;83.85;;Other change in muscle or tendon length;FALSE;FALSE;FALSE;FALSE;FALSE;;0;FALSE
3263;83.86;;Quadricepsplasty;FALSE;FALSE;FALSE;FALSE;FALSE;;0;FALSE
3264;83.87;;Other plastic operations on muscle;FALSE;FALSE;FALSE;FALSE;FALSE;;0;FALSE
3265;83.88;;Other plastic operations on tendon;FALSE;FALSE;FALSE;FALSE;FALSE;;0;FALSE
3266;83.89;;Other plastic operations on fascia;FALSE;FALSE;FALSE;FALSE;FALSE;;0;FALSE
3267;83.91;;Lysis of adhesions of muscle, tendon, fascia, and bursa;FALSE;FALSE;FALSE;FALSE;FALSE;;0;FALSE
3268;83.92;;Insertion or replacement of skeletal muscle stimulator;FALSE;FALSE;FALSE;FALSE;FALSE;;0;FALSE
3269;83.93;;Removal of skeletal muscle stimulator;FALSE;FALSE;FALSE;FALSE;FALSE;;0;FALSE
3270;83.94;;Aspiration of bursa;FALSE;FALSE;FALSE;FALSE;FALSE;;0;FALSE
3271;83.95;;Aspiration of other soft tissue;FALSE;FALSE;FALSE;FALSE;FALSE;;0;FALSE
3272;83.96;;Injection of therapeutic substance into bursa;FALSE;FALSE;FALSE;FALSE;FALSE;;0;FALSE
3273;83.97;;Injection of therapeutic substance into tendon;FALSE;FALSE;FALSE;FALSE;FALSE;;0;FALSE
3274;83.98;;Injection of locally acting therapeutic substance into other soft tissue;FALSE;FALSE;FALSE;FALSE;FALSE;;0;FALSE
3275;83.99;;Other operations on muscle, tendon, fascia, and bursa;FALSE;FALSE;FALSE;FALSE;FALSE;;0;FALSE
3276;84.00;;Upper limb amputation, not otherwise specified;FALSE;FALSE;FALSE;FALSE;FALSE;;0;FALSE
3277;84.01;;Amputation and disarticulation of finger;FALSE;FALSE;FALSE;FALSE;FALSE;;0;FALSE
3278;84.02;;Amputation and disarticulation of thumb;FALSE;FALSE;FALSE;FALSE;FALSE;;0;FALSE
3279;84.03;;Amputation through hand;FALSE;FALSE;FALSE;FALSE;FALSE;;0;FALSE
3280;84.04;;Disarticulation of wrist;FALSE;FALSE;FALSE;FALSE;FALSE;;0;FALSE
3281;84.05;;Amputation through forearm;FALSE;FALSE;FALSE;FALSE;FALSE;;0;FALSE
3282;84.06;;Disarticulation of elbow;FALSE;FALSE;FALSE;FALSE;FALSE;;0;FALSE
3283;84.07;;Amputation through humerus;FALSE;FALSE;FALSE;FALSE;FALSE;;0;FALSE
3284;84.08;;Disarticulation of shoulder;FALSE;FALSE;FALSE;FALSE;FALSE;;0;FALSE
3285;84.09;;Interthoracoscapular amputation;FALSE;FALSE;FALSE;FALSE;FALSE;;0;FALSE
3286;84.10;;Lower limb amputation, not otherwise specified;FALSE;FALSE;FALSE;FALSE;FALSE;;0;FALSE
3287;84.11;;Amputation of toe;FALSE;FALSE;FALSE;FALSE;FALSE;;0;FALSE
3288;84.12;;Amputation through foot;FALSE;FALSE;FALSE;FALSE;FALSE;;0;FALSE
3289;84.13;;Disarticulation of ankle;FALSE;FALSE;FALSE;FALSE;FALSE;;0;FALSE
3290;84.14;;Amputation of ankle through malleoli of tibia and fibula;FALSE;FALSE;FALSE;FALSE;FALSE;;0;FALSE
3291;84.15;;Other amputation below knee;FALSE;FALSE;FALSE;FALSE;FALSE;;0;FALSE
3292;84.16;;Disarticulation of knee;FALSE;FALSE;FALSE;FALSE;FALSE;;0;FALSE
3293;84.17;;Amputation above knee;FALSE;FALSE;FALSE;FALSE;FALSE;;0;FALSE
3294;84.18;;Disarticulation of hip;FALSE;FALSE;FALSE;FALSE;FALSE;;0;FALSE
3295;84.19;;Abdominopelvic amputation;FALSE;FALSE;FALSE;FALSE;FALSE;;0;FALSE
3296;84.21;;Thumb reattachment;FALSE;FALSE;FALSE;FALSE;FALSE;;0;FALSE
3297;84.22;;Finger reattachment;FALSE;FALSE;FALSE;FALSE;FALSE;;0;FALSE
3298;84.23;;Forearm, wrist, or hand reattachment;FALSE;FALSE;FALSE;FALSE;FALSE;;0;FALSE
3299;84.24;;Upper arm reattachment;FALSE;FALSE;FALSE;FALSE;FALSE;;0;FALSE
3300;84.25;;Toe reattachment;FALSE;FALSE;FALSE;FALSE;FALSE;;0;FALSE
3301;84.26;;Foot reattachment;FALSE;FALSE;FALSE;FALSE;FALSE;;0;FALSE
3302;84.27;;Lower leg or ankle reattachment;FALSE;FALSE;FALSE;FALSE;FALSE;;0;FALSE
3303;84.28;;Thigh reattachment;FALSE;FALSE;FALSE;FALSE;FALSE;;0;FALSE
3304;84.29;;Other reattachment of extremity;FALSE;FALSE;FALSE;FALSE;FALSE;;0;FALSE
3305;84.3;;Revision of amputation stump;FALSE;FALSE;FALSE;FALSE;FALSE;;0;FALSE
3306;84.40;;Implantation or fitting of prosthetic limb device, not otherwise specified;FALSE;FALSE;FALSE;FALSE;FALSE;;0;FALSE
3307;84.41;;Fitting of prosthesis of upper arm and shoulder;FALSE;FALSE;FALSE;FALSE;FALSE;;0;FALSE
3308;84.42;;Fitting of prosthesis of lower arm and hand;FALSE;FALSE;FALSE;FALSE;FALSE;;0;FALSE
3309;84.43;;Fitting of prosthesis of arm, not otherwise specified;FALSE;FALSE;FALSE;FALSE;FALSE;;0;FALSE
3310;84.44;;Implantation of prosthetic device of arm;FALSE;FALSE;FALSE;FALSE;FALSE;;0;FALSE
3311;84.45;;Fitting of prosthesis above knee;FALSE;FALSE;FALSE;FALSE;FALSE;;0;FALSE
3312;84.46;;Fitting of prosthesis below knee;FALSE;FALSE;FALSE;FALSE;FALSE;;0;FALSE
3313;84.47;;Fitting of prosthesis of leg, not otherwise specified;FALSE;FALSE;FALSE;FALSE;FALSE;;0;FALSE
3314;84.48;;Implantation of prosthetic device of leg;FALSE;FALSE;FALSE;FALSE;FALSE;;0;FALSE
3315;84.51;;Insertion of interbody spinal fusion device;FALSE;FALSE;FALSE;FALSE;FALSE;;0;FALSE
3316;84.52;;Insertion of recombinant bone morphogenetic protein rhBMP;FALSE;FALSE;FALSE;FALSE;FALSE;;0;FALSE
3317;84.53;;Implantation of internal limb lengthening device with kinetic distraction;FALSE;FALSE;FALSE;FALSE;FALSE;;0;FALSE
3318;84.54;;Implantation of other internal limb lengthening device;FALSE;FALSE;FALSE;FALSE;FALSE;;0;FALSE
3319;84.55;;Insertion of bone void filler;FALSE;FALSE;FALSE;FALSE;FALSE;;0;FALSE
3320;84.59;;Insertion of other spinal devices;FALSE;FALSE;FALSE;FALSE;FALSE;;0;FALSE
3321;84.60;;Insertion of spinal disc prosthesis, not otherwise specified;FALSE;FALSE;FALSE;FALSE;FALSE;;0;FALSE
3322;84.61;;Insertion of partial spinal disc prosthesis, cervical;FALSE;FALSE;FALSE;FALSE;FALSE;;0;FALSE
3323;84.62;;Insertion of total spinal disc prosthesis, cervical;FALSE;FALSE;FALSE;FALSE;FALSE;;0;FALSE
3324;84.63;;Insertion of spinal disc prosthesis, thoracic;FALSE;FALSE;FALSE;FALSE;FALSE;;0;FALSE
3325;84.64;;Insertion of partial spinal disc prosthesis, lumbosacral;FALSE;FALSE;FALSE;FALSE;FALSE;;0;FALSE
3326;84.65;;Insertion of total spinal disc prosthesis, lumbosacral;FALSE;FALSE;FALSE;FALSE;FALSE;;0;FALSE
3327;84.66;;Revision or replacement of artificial spinal disc prosthesis, cervical;FALSE;FALSE;FALSE;FALSE;FALSE;;0;FALSE
3328;84.67;;Revision or replacement of artificial spinal disc prosthesis, thoracic;FALSE;FALSE;FALSE;FALSE;FALSE;;0;FALSE
3329;84.68;;Revision or replacement of artificial spinal disc prosthesis, lumbosacral;FALSE;FALSE;FALSE;FALSE;FALSE;;0;FALSE
3330;84.69;;Revision or replacement of artificial spinal disc prosthesis, not otherwise specified;FALSE;FALSE;FALSE;FALSE;FALSE;;0;FALSE
3331;84.91;;Amputation, not otherwise specified;FALSE;FALSE;FALSE;FALSE;FALSE;;0;FALSE
3332;84.92;;Separation of equal conjoined twins;FALSE;FALSE;FALSE;FALSE;FALSE;;0;FALSE
3333;84.93;;Separation of unequal conjoined twins;FALSE;FALSE;FALSE;FALSE;FALSE;;0;FALSE
3334;84.99;;Other operations on musculoskeletal system;FALSE;FALSE;FALSE;FALSE;FALSE;;0;FALSE
3335;85.0;;Mastotomy;FALSE;FALSE;FALSE;FALSE;FALSE;;0;FALSE
3336;85.11;;Closed [percutaneous] [needle] biopsy of breast;FALSE;FALSE;FALSE;FALSE;FALSE;;0;FALSE
3337;85.12;;Open biopsy of breast;FALSE;FALSE;FALSE;FALSE;FALSE;;0;FALSE
3338;85.19;;Other diagnostic procedures on breast;FALSE;FALSE;FALSE;FALSE;FALSE;;0;FALSE
3339;85.20;;Excision or destruction of breast tissue, not otherwise specified;FALSE;FALSE;FALSE;FALSE;FALSE;;0;FALSE
3340;85.21;;Local excision of lesion of breast;FALSE;FALSE;FALSE;FALSE;FALSE;;0;FALSE
3341;85.22;;Resection of quadrant of breast;FALSE;FALSE;FALSE;FALSE;FALSE;;0;FALSE
3342;85.23;;Subtotal mastectomy;FALSE;FALSE;FALSE;FALSE;FALSE;;0;FALSE
3343;85.24;;Excision of ectopic breast tissue;FALSE;FALSE;FALSE;FALSE;FALSE;;0;FALSE
3344;85.25;;Excision of nipple;FALSE;FALSE;FALSE;FALSE;FALSE;;0;FALSE
3345;85.31;;Unilateral reduction mammoplasty;FALSE;FALSE;FALSE;FALSE;FALSE;;0;FALSE
3346;85.32;;Bilateral reduction mammoplasty;FALSE;FALSE;FALSE;FALSE;FALSE;;0;FALSE
3347;85.33;;Unilateral subcutaneous mammectomy with synchronous implant;FALSE;FALSE;FALSE;FALSE;FALSE;;0;FALSE
3348;85.34;;Other unilateral subcutaneous mammectomy;FALSE;FALSE;FALSE;FALSE;FALSE;;0;FALSE
3349;85.35;;Bilateral subcutaneous mammectomy with synchronous implant;FALSE;FALSE;FALSE;FALSE;FALSE;;0;FALSE
3350;85.36;;Other bilateral subcutaneous mammectomy;FALSE;FALSE;FALSE;FALSE;FALSE;;0;FALSE
3351;85.41;;Unilateral simple mastectomy;FALSE;FALSE;FALSE;FALSE;FALSE;;0;FALSE
3352;85.42;;Bilateral simple mastectomy;FALSE;FALSE;FALSE;FALSE;FALSE;;0;FALSE
3353;85.43;;Unilateral extended simple mastectomy;FALSE;FALSE;FALSE;FALSE;FALSE;;0;FALSE
3354;85.44;;Bilateral extended simple mastectomy;FALSE;FALSE;FALSE;FALSE;FALSE;;0;FALSE
3355;85.45;;Unilateral radical mastectomy;FALSE;FALSE;FALSE;FALSE;FALSE;;0;FALSE
3356;85.46;;Bilateral radical mastectomy;FALSE;FALSE;FALSE;FALSE;FALSE;;0;FALSE
3357;85.47;;Unilateral extended radical mastectomy;FALSE;FALSE;FALSE;FALSE;FALSE;;0;FALSE
3358;85.48;;Bilateral extended radical mastectomy;FALSE;FALSE;FALSE;FALSE;FALSE;;0;FALSE
3359;85.50;;Augmentation mammoplasty, not otherwise specified;FALSE;FALSE;FALSE;FALSE;FALSE;;0;FALSE
3360;85.51;;Unilateral injection into breast for augmentation;FALSE;FALSE;FALSE;FALSE;FALSE;;0;FALSE
3361;85.52;;Bilateral injection into breast for augmentation;FALSE;FALSE;FALSE;FALSE;FALSE;;0;FALSE
3362;85.53;;Unilateral breast implant;FALSE;FALSE;FALSE;FALSE;FALSE;;0;FALSE
3363;85.54;;Bilateral breast implant;FALSE;FALSE;FALSE;FALSE;FALSE;;0;FALSE
3364;85.6;;Mastopexy;FALSE;FALSE;FALSE;FALSE;FALSE;;0;FALSE
3365;85.7;;Total reconstruction of breast;FALSE;FALSE;FALSE;FALSE;FALSE;;0;FALSE
3366;85.81;;Suture of laceration of breast;FALSE;FALSE;FALSE;FALSE;FALSE;;0;FALSE
3367;85.82;;Split-thickness graft to breast;FALSE;FALSE;FALSE;FALSE;FALSE;;0;FALSE
3368;85.83;;Full-thickness graft to breast;FALSE;FALSE;FALSE;FALSE;FALSE;;0;FALSE
3369;85.84;;Pedicle graft to breast;FALSE;FALSE;FALSE;FALSE;FALSE;;0;FALSE
3370;85.85;;Muscle flap graft to breast;FALSE;FALSE;FALSE;FALSE;FALSE;;0;FALSE
3371;85.86;;Transposition of nipple;FALSE;FALSE;FALSE;FALSE;FALSE;;0;FALSE
3372;85.87;;Other repair or reconstruction of nipple;FALSE;FALSE;FALSE;FALSE;FALSE;;0;FALSE
3373;85.89;;Other mammoplasty;FALSE;FALSE;FALSE;FALSE;FALSE;;0;FALSE
3374;85.91;;Aspiration of breast;FALSE;FALSE;FALSE;FALSE;FALSE;;0;FALSE
3375;85.92;;Injection of therapeutic agent into breast;FALSE;FALSE;FALSE;FALSE;FALSE;;0;FALSE
3376;85.93;;Revision of implant of breast;FALSE;FALSE;FALSE;FALSE;FALSE;;0;FALSE
3377;85.94;;Removal of implant of breast;FALSE;FALSE;FALSE;FALSE;FALSE;;0;FALSE
3378;85.95;;Insertion of breast tissue expander;FALSE;FALSE;FALSE;FALSE;FALSE;;0;FALSE
3379;85.96;;Removal of breast tissue expander;FALSE;FALSE;FALSE;FALSE;FALSE;;0;FALSE
3380;85.99;;Other operations on the breast;FALSE;FALSE;FALSE;FALSE;FALSE;;0;FALSE
3381;86.01;;Aspiration of skin and subcutaneous tissue;FALSE;FALSE;FALSE;FALSE;FALSE;;0;FALSE
3382;86.02;;Injection or tattooing of skin lesion or defect;FALSE;FALSE;FALSE;FALSE;FALSE;;0;FALSE
3383;86.03;;Incision of pilonidal sinus or cyst;FALSE;FALSE;FALSE;FALSE;FALSE;;0;FALSE
3384;86.04;;Other incision with drainage of skin and subcutaneous tissue;FALSE;FALSE;FALSE;FALSE;FALSE;;0;FALSE
3385;86.05;;Incision with removal of foreign body or device from skin and subcutaneous tissue;FALSE;FALSE;FALSE;FALSE;FALSE;;0;FALSE
3386;86.06;;Insertion of totally implantable infusion pump;FALSE;FALSE;FALSE;FALSE;FALSE;;0;FALSE
3387;86.07;;Insertion of totally implantable vascular access device [VAD];FALSE;FALSE;FALSE;FALSE;FALSE;;0;FALSE
3388;86.09;;Other incision of skin and subcutaneous tissue;FALSE;FALSE;FALSE;FALSE;FALSE;;0;FALSE
3389;86.11;;Biopsy of skin and subcutaneous tissue;FALSE;FALSE;FALSE;FALSE;FALSE;;0;FALSE
3390;86.19;;Other diagnostic procedures on skin and subcutaneous tissue;FALSE;FALSE;FALSE;FALSE;FALSE;;0;FALSE
3391;86.21;;Excision of pilonidal cyst or sinus;FALSE;FALSE;FALSE;FALSE;FALSE;;0;FALSE
3392;86.22;;Excisional debridement of wound, infection, or burn;FALSE;FALSE;FALSE;FALSE;FALSE;;0;FALSE
3393;86.23;;Removal of nail, nail bed, or nail fold;FALSE;FALSE;FALSE;FALSE;FALSE;;0;FALSE
3394;86.24;;Chemosurgery of skin;FALSE;FALSE;FALSE;FALSE;FALSE;;0;FALSE
3395;86.25;;Dermabrasion;FALSE;FALSE;FALSE;FALSE;FALSE;;0;FALSE
3396;86.26;;Ligation of dermal appendage;FALSE;FALSE;FALSE;FALSE;FALSE;;0;FALSE
3397;86.27;;Debridement of nail, nail bed, or nail fold;FALSE;FALSE;FALSE;FALSE;FALSE;;0;FALSE
3398;86.28;;Nonexcisional debridement of wound, infection or burn;FALSE;FALSE;FALSE;FALSE;FALSE;;0;FALSE
3399;86.3;;Other local excision or destruction of lesion or tissue of skin and subcutaneous tissue;FALSE;FALSE;FALSE;FALSE;FALSE;;0;FALSE
3400;86.4;;Radical excision of skin lesion;FALSE;FALSE;FALSE;FALSE;FALSE;;0;FALSE
3401;86.51;;Replantation of scalp;FALSE;FALSE;FALSE;FALSE;FALSE;;0;FALSE
3402;86.59;;Closure of skin and subcutaneous tissue of other sites;FALSE;FALSE;FALSE;FALSE;FALSE;;0;FALSE
3403;86.60;;Free skin graft, not otherwise specified;FALSE;FALSE;FALSE;FALSE;FALSE;;0;FALSE
3404;86.61;;Full-thickness skin graft to hand;FALSE;FALSE;FALSE;FALSE;FALSE;;0;FALSE
3405;86.62;;Other skin graft to hand;FALSE;FALSE;FALSE;FALSE;FALSE;;0;FALSE
3406;86.63;;Full-thickness skin graft to other sites;FALSE;FALSE;FALSE;FALSE;FALSE;;0;FALSE
3407;86.64;;Hair transplant;FALSE;FALSE;FALSE;FALSE;FALSE;;0;FALSE
3408;86.65;;Heterograft to skin;FALSE;FALSE;FALSE;FALSE;FALSE;;0;FALSE
3409;86.66;;Homograft to skin;FALSE;FALSE;FALSE;FALSE;FALSE;;0;FALSE
3410;86.67;;Dermal regenerative graft;FALSE;FALSE;FALSE;FALSE;FALSE;;0;FALSE
3411;86.69;;Other skin graft to other sites;FALSE;FALSE;FALSE;FALSE;FALSE;;0;FALSE
3412;86.70;;Pedicle or flap graft, not otherwise specified;FALSE;FALSE;FALSE;FALSE;FALSE;;0;FALSE
3413;86.71;;Cutting and preparation of pedicle grafts or flaps;FALSE;FALSE;FALSE;FALSE;FALSE;;0;FALSE
3414;86.72;;Advancement of pedicle graft;FALSE;FALSE;FALSE;FALSE;FALSE;;0;FALSE
3415;86.73;;Attachment of pedicle or flap graft to hand;FALSE;FALSE;FALSE;FALSE;FALSE;;0;FALSE
3416;86.74;;Attachment of pedicle or flap graft to other sites;FALSE;FALSE;FALSE;FALSE;FALSE;;0;FALSE
3417;86.75;;Revision of pedicle or flap graft;FALSE;FALSE;FALSE;FALSE;FALSE;;0;FALSE
3418;86.81;;Repair for facial weakness;FALSE;FALSE;FALSE;FALSE;FALSE;;0;FALSE
3419;86.82;;Facial rhytidectomy;FALSE;FALSE;FALSE;FALSE;FALSE;;0;FALSE
3420;86.83;;Size reduction plastic operation;FALSE;FALSE;FALSE;FALSE;FALSE;;0;FALSE
3421;86.84;;Relaxation of scar or web contracture of skin;FALSE;FALSE;FALSE;FALSE;FALSE;;0;FALSE
3422;86.85;;Correction of syndactyly;FALSE;FALSE;FALSE;FALSE;FALSE;;0;FALSE
3423;86.86;;Onychoplasty;FALSE;FALSE;FALSE;FALSE;FALSE;;0;FALSE
3424;86.89;;Other repair and reconstruction of skin and subcutaneous tissue;FALSE;FALSE;FALSE;FALSE;FALSE;;0;FALSE
3425;86.91;;Excision of skin for graft;FALSE;FALSE;FALSE;FALSE;FALSE;;0;FALSE
3426;86.92;;Electrolysis and other epilation of skin;FALSE;FALSE;FALSE;FALSE;FALSE;;0;FALSE
3427;86.93;;Insertion of tissue expander;FALSE;FALSE;FALSE;FALSE;FALSE;;0;FALSE
3428;86.94;;Insertion or replacement of single array neurostimulator pulse generator;FALSE;FALSE;FALSE;FALSE;FALSE;;0;FALSE
3429;86.95;;Insertion or replacement of dual array neurostimulator pulse generator;FALSE;FALSE;FALSE;FALSE;FALSE;;0;FALSE
3430;86.96;;Insertion or replacement of other neurostimulator pulse generator;FALSE;FALSE;FALSE;FALSE;FALSE;;0;FALSE
3431;86.99;;Other operations on skin and subcutaneous tissue;FALSE;FALSE;FALSE;FALSE;FALSE;;0;FALSE
3432;87.01;;Pneumoencephalogram;FALSE;FALSE;FALSE;FALSE;FALSE;;0;FALSE
3433;87.02;;Other contrast radiogram of brain and skull;FALSE;FALSE;FALSE;FALSE;FALSE;;0;FALSE
3434;87.03;;Computerized axial tomography of head;FALSE;FALSE;FALSE;FALSE;FALSE;;0;FALSE
3435;87.04;;Other tomography of head;FALSE;FALSE;FALSE;FALSE;FALSE;;0;FALSE
3436;87.05;;Contrast dacryocystogram;FALSE;FALSE;FALSE;FALSE;FALSE;;0;FALSE
3437;87.06;;Contrast radiogram of nasopharynx;FALSE;FALSE;FALSE;FALSE;FALSE;;0;FALSE
3438;87.07;;Contrast laryngogram;FALSE;FALSE;FALSE;FALSE;FALSE;;0;FALSE
3439;87.08;;Cervical lymphangiogram;FALSE;FALSE;FALSE;FALSE;FALSE;;0;FALSE
3440;87.09;;Other soft tissue x-ray of face, head, and neck;FALSE;FALSE;FALSE;FALSE;FALSE;;0;FALSE
3441;87.11;;Full-mouth x-ray of teeth;FALSE;FALSE;FALSE;FALSE;FALSE;;0;FALSE
3442;87.12;;Other dental x-ray;FALSE;FALSE;FALSE;FALSE;FALSE;;0;FALSE
3443;87.13;;Temporomandibular contrast arthrogram;FALSE;FALSE;FALSE;FALSE;FALSE;;0;FALSE
3444;87.14;;Contrast radiogram of orbit;FALSE;FALSE;FALSE;FALSE;FALSE;;0;FALSE
3445;87.15;;Contrast radiogram of sinus;FALSE;FALSE;FALSE;FALSE;FALSE;;0;FALSE
3446;87.16;;Other x-ray of facial bones;FALSE;FALSE;FALSE;FALSE;FALSE;;0;FALSE
3447;87.17;;Other x-ray of skull;FALSE;FALSE;FALSE;FALSE;FALSE;;0;FALSE
3448;87.21;;Contrast myelogram;FALSE;FALSE;FALSE;FALSE;FALSE;;0;FALSE
3449;87.22;;Other x-ray of cervical spine;FALSE;FALSE;FALSE;FALSE;FALSE;;0;FALSE
3450;87.23;;Other x-ray of thoracic spine;FALSE;FALSE;FALSE;FALSE;FALSE;;0;FALSE
3451;87.24;;Other x-ray of lumbosacral spine;FALSE;FALSE;FALSE;FALSE;FALSE;;0;FALSE
3452;87.29;;Other x-ray of spine;FALSE;FALSE;FALSE;FALSE;FALSE;;0;FALSE
3453;87.31;;Endotracheal bronchogram;FALSE;FALSE;FALSE;FALSE;FALSE;;0;FALSE
3454;87.32;;Other contrast bronchogram;FALSE;FALSE;FALSE;FALSE;FALSE;;0;FALSE
3455;87.33;;Mediastinal pneumogram;FALSE;FALSE;FALSE;FALSE;FALSE;;0;FALSE
3456;87.34;;Intrathoracic lymphangiogram;FALSE;FALSE;FALSE;FALSE;FALSE;;0;FALSE
3457;87.35;;Contrast radiogram of mammary ducts;FALSE;FALSE;FALSE;FALSE;FALSE;;0;FALSE
3458;87.36;;Xerography of breast;FALSE;FALSE;FALSE;FALSE;FALSE;;0;FALSE
3459;87.37;;Other mammography;FALSE;FALSE;FALSE;FALSE;FALSE;;0;FALSE
3460;87.38;;Sinogram of chest wall;FALSE;FALSE;FALSE;FALSE;FALSE;;0;FALSE
3461;87.39;;Other soft tissue x-ray of chest wall;FALSE;FALSE;FALSE;FALSE;FALSE;;0;FALSE
3462;87.41;;Computerized axial tomography of thorax;FALSE;FALSE;FALSE;FALSE;FALSE;;0;FALSE
3463;87.42;;Other tomography of thorax;FALSE;FALSE;FALSE;FALSE;FALSE;;0;FALSE
3464;87.43;;X-ray of ribs, sternum, and clavicle;FALSE;FALSE;FALSE;FALSE;FALSE;;0;FALSE
3465;87.44;;Routine chest x-ray, so described;FALSE;FALSE;FALSE;FALSE;FALSE;;0;FALSE
3466;87.49;;Other chest x-ray;FALSE;FALSE;FALSE;FALSE;FALSE;;0;FALSE
3467;87.51;;Percutaneous hepatic cholangiogram;FALSE;FALSE;FALSE;FALSE;FALSE;;0;FALSE
3468;87.52;;Intravenous cholangiogram;FALSE;FALSE;FALSE;FALSE;FALSE;;0;FALSE
3469;87.53;;Intraoperative cholangiogram;FALSE;FALSE;FALSE;FALSE;FALSE;;0;FALSE
3470;87.54;;Other cholangiogram;FALSE;FALSE;FALSE;FALSE;FALSE;;0;FALSE
3471;87.59;;Other biliary tract x-ray;FALSE;FALSE;FALSE;FALSE;FALSE;;0;FALSE
3472;87.61;;Barium swallow;FALSE;FALSE;FALSE;FALSE;FALSE;;0;FALSE
3473;87.62;;Upper GI series;FALSE;FALSE;FALSE;FALSE;FALSE;;0;FALSE
3474;87.63;;Small bowel series;FALSE;FALSE;FALSE;FALSE;FALSE;;0;FALSE
3475;87.64;;Lower GI series;FALSE;FALSE;FALSE;FALSE;FALSE;;0;FALSE
3476;87.65;;Other x-ray of intestine;FALSE;FALSE;FALSE;FALSE;FALSE;;0;FALSE
3477;87.66;;Contrast pancreatogram;FALSE;FALSE;FALSE;FALSE;FALSE;;0;FALSE
3478;87.69;;Other digestive tract x-ray;FALSE;FALSE;FALSE;FALSE;FALSE;;0;FALSE
3479;87.71;;Computerized axial tomography of kidney;FALSE;FALSE;FALSE;FALSE;FALSE;;0;FALSE
3480;87.72;;Other nephrotomogram;FALSE;FALSE;FALSE;FALSE;FALSE;;0;FALSE
3481;87.73;;Intravenous pyelogram;FALSE;FALSE;FALSE;FALSE;FALSE;;0;FALSE
3482;87.74;;Retrograde pyelogram;FALSE;FALSE;FALSE;FALSE;FALSE;;0;FALSE
3483;87.75;;Percutaneous pyelogram;FALSE;FALSE;FALSE;FALSE;FALSE;;0;FALSE
3484;87.76;;Retrograde cystourethrogram;FALSE;FALSE;FALSE;FALSE;FALSE;;0;FALSE
3485;87.77;;Other cystogram;FALSE;FALSE;FALSE;FALSE;FALSE;;0;FALSE
3486;87.78;;Ileal conduitogram;FALSE;FALSE;FALSE;FALSE;FALSE;;0;FALSE
3487;87.79;;Other x-ray of the urinary system;FALSE;FALSE;FALSE;FALSE;FALSE;;0;FALSE
3488;87.81;;X-ray of gravid uterus;FALSE;FALSE;FALSE;FALSE;FALSE;;0;FALSE
3489;87.82;;Gas contrast hysterosalpingogram;FALSE;FALSE;FALSE;FALSE;FALSE;;0;FALSE
3490;87.83;;Opaque dye contrast hysterosalpingogram;FALSE;FALSE;FALSE;FALSE;FALSE;;0;FALSE
3491;87.84;;Percutaneous hysterogram;FALSE;FALSE;FALSE;FALSE;FALSE;;0;FALSE
3492;87.85;;Other x-ray of fallopian tubes and uterus;FALSE;FALSE;FALSE;FALSE;FALSE;;0;FALSE
3493;87.89;;Other x-ray of female genital organs;FALSE;FALSE;FALSE;FALSE;FALSE;;0;FALSE
3494;87.91;;Contrast seminal vesiculogram;FALSE;FALSE;FALSE;FALSE;FALSE;;0;FALSE
3495;87.92;;Other x-ray of prostate and seminal vesicles;FALSE;FALSE;FALSE;FALSE;FALSE;;0;FALSE
3496;87.93;;Contrast epididymogram;FALSE;FALSE;FALSE;FALSE;FALSE;;0;FALSE
3497;87.94;;Contrast vasogram;FALSE;FALSE;FALSE;FALSE;FALSE;;0;FALSE
3498;87.95;;Other x-ray of epididymis and vas deferens;FALSE;FALSE;FALSE;FALSE;FALSE;;0;FALSE
3499;87.99;;Other x-ray of male genital organs;FALSE;FALSE;FALSE;FALSE;FALSE;;0;FALSE
3500;88.01;;Computerized axial tomography of abdomen;FALSE;FALSE;FALSE;FALSE;FALSE;;0;FALSE
3501;88.02;;Other abdomen tomography;FALSE;FALSE;FALSE;FALSE;FALSE;;0;FALSE
3502;88.03;;Sinogram of abdominal wall;FALSE;FALSE;FALSE;FALSE;FALSE;;0;FALSE
3503;88.04;;Abdominal lymphangiogram;FALSE;FALSE;FALSE;FALSE;FALSE;;0;FALSE
3504;88.09;;Other soft tissue x-ray of abdominal wall;FALSE;FALSE;FALSE;FALSE;FALSE;;0;FALSE
3505;88.11;;Pelvic opaque dye contrast radiography;FALSE;FALSE;FALSE;FALSE;FALSE;;0;FALSE
3506;88.12;;Pelvic gas contrast radiography;FALSE;FALSE;FALSE;FALSE;FALSE;;0;FALSE
3507;88.13;;Other peritoneal pneumogram;FALSE;FALSE;FALSE;FALSE;FALSE;;0;FALSE
3508;88.14;;Retroperitoneal fistulogram;FALSE;FALSE;FALSE;FALSE;FALSE;;0;FALSE
3509;88.15;;Retroperitoneal pneumogram;FALSE;FALSE;FALSE;FALSE;FALSE;;0;FALSE
3510;88.16;;Other retroperitoneal x-ray;FALSE;FALSE;FALSE;FALSE;FALSE;;0;FALSE
3511;88.19;;Other x-ray of abdomen;FALSE;FALSE;FALSE;FALSE;FALSE;;0;FALSE
3512;88.21;;Skeletal x-ray of shoulder and upper arm;FALSE;FALSE;FALSE;FALSE;FALSE;;0;FALSE
3513;88.22;;Skeletal x-ray of elbow and forearm;FALSE;FALSE;FALSE;FALSE;FALSE;;0;FALSE
3514;88.23;;Skeletal x-ray of wrist and hand;FALSE;FALSE;FALSE;FALSE;FALSE;;0;FALSE
3515;88.24;;Skeletal x-ray of upper limb, not otherwise specified;FALSE;FALSE;FALSE;FALSE;FALSE;;0;FALSE
3516;88.25;;Pelvimetry;FALSE;FALSE;FALSE;FALSE;FALSE;;0;FALSE
3517;88.26;;Other skeletal x-ray of pelvis and hip;FALSE;FALSE;FALSE;FALSE;FALSE;;0;FALSE
3518;88.27;;Skeletal x-ray of thigh, knee, and lower leg;FALSE;FALSE;FALSE;FALSE;FALSE;;0;FALSE
3519;88.28;;Skeletal x-ray of ankle and foot;FALSE;FALSE;FALSE;FALSE;FALSE;;0;FALSE
3520;88.29;;Skeletal x-ray of lower limb, not otherwise specified;FALSE;FALSE;FALSE;FALSE;FALSE;;0;FALSE
3521;88.31;;Skeletal series;FALSE;FALSE;FALSE;FALSE;FALSE;;0;FALSE
3522;88.32;;Contrast arthrogram;FALSE;FALSE;FALSE;FALSE;FALSE;;0;FALSE
3523;88.33;;Other skeletal x-ray;FALSE;FALSE;FALSE;FALSE;FALSE;;0;FALSE
3524;88.34;;Lymphangiogram of upper limb;FALSE;FALSE;FALSE;FALSE;FALSE;;0;FALSE
3525;88.35;;Other soft tissue x-ray of upper limb;FALSE;FALSE;FALSE;FALSE;FALSE;;0;FALSE
3526;88.36;;Lymphangiogram of lower limb;FALSE;FALSE;FALSE;FALSE;FALSE;;0;FALSE
3527;88.37;;Other soft tissue x-ray of lower limb;FALSE;FALSE;FALSE;FALSE;FALSE;;0;FALSE
3528;88.38;;Other computerized axial tomography;FALSE;FALSE;FALSE;FALSE;FALSE;;0;FALSE
3529;88.39;;X-ray, other and unspecified;FALSE;FALSE;FALSE;FALSE;FALSE;;0;FALSE
3530;88.40;;Arteriography using contrast material, unspecified site;FALSE;FALSE;FALSE;FALSE;FALSE;;0;FALSE
3531;88.41;;Arteriography of cerebral arteries;FALSE;FALSE;FALSE;FALSE;FALSE;;0;FALSE
3532;88.42;;Aortography;FALSE;FALSE;FALSE;FALSE;FALSE;;0;FALSE
3533;88.43;;Arteriography of pulmonary arteries;FALSE;FALSE;FALSE;FALSE;FALSE;;0;FALSE
3534;88.44;;Arteriography of other intrathoracic vessels;FALSE;FALSE;FALSE;FALSE;FALSE;;0;FALSE
3535;88.45;;Arteriography of renal arteries;FALSE;FALSE;FALSE;FALSE;FALSE;;0;FALSE
3536;88.46;;Arteriography of placenta;FALSE;FALSE;FALSE;FALSE;FALSE;;0;FALSE
3537;88.47;;Arteriography of other intra-abdominal arteries;FALSE;FALSE;FALSE;FALSE;FALSE;;0;FALSE
3538;88.48;;Arteriography of femoral and other lower extremity arteries;FALSE;FALSE;FALSE;FALSE;FALSE;;0;FALSE
3539;88.49;;Arteriography of other specified sites;FALSE;FALSE;FALSE;FALSE;FALSE;;0;FALSE
3540;88.50;;Angiocardiography, not otherwise specified;FALSE;FALSE;FALSE;FALSE;FALSE;;0;FALSE
3541;88.51;;Angiocardiography of venae cavae;FALSE;FALSE;FALSE;FALSE;FALSE;;0;FALSE
3542;88.52;;Angiocardiography of right heart structures;FALSE;FALSE;FALSE;FALSE;FALSE;;0;FALSE
3543;88.53;;Angiocardiography of left heart structures;FALSE;FALSE;FALSE;FALSE;FALSE;;0;FALSE
3544;88.54;;Combined right and left heart angiocardiography;FALSE;FALSE;FALSE;FALSE;FALSE;;0;FALSE
3545;88.55;;Coronary arteriography using a single catheter;FALSE;FALSE;FALSE;FALSE;FALSE;;0;FALSE
3546;88.56;;Coronary arteriography using two catheters;FALSE;FALSE;FALSE;FALSE;FALSE;;0;FALSE
3547;88.57;;Other and unspecified coronary arteriography;FALSE;FALSE;FALSE;FALSE;FALSE;;0;FALSE
3548;88.58;;Negative-contrast cardiac roentgenography;FALSE;FALSE;FALSE;FALSE;FALSE;;0;FALSE
3549;88.60;;Phlebography using contrast material, unspecified site;FALSE;FALSE;FALSE;FALSE;FALSE;;0;FALSE
3550;88.61;;Phlebography of veins of head and neck using contrast material;FALSE;FALSE;FALSE;FALSE;FALSE;;0;FALSE
3551;88.62;;Phlebography of pulmonary veins using contrast material;FALSE;FALSE;FALSE;FALSE;FALSE;;0;FALSE
3552;88.63;;Phlebography of other intrathoracic veins using contrast material;FALSE;FALSE;FALSE;FALSE;FALSE;;0;FALSE
3553;88.64;;Phlebography of the portal venous system using contrast material;FALSE;FALSE;FALSE;FALSE;FALSE;;0;FALSE
3554;88.65;;Phlebography of other intra-abdominal veins using contrast material;FALSE;FALSE;FALSE;FALSE;FALSE;;0;FALSE
3555;88.66;;Phlebography of femoral and other lower extremity veins using contrast material;FALSE;FALSE;FALSE;FALSE;FALSE;;0;FALSE
3556;88.67;;Phlebography of other specified sites using contrast material;FALSE;FALSE;FALSE;FALSE;FALSE;;0;FALSE
3557;88.68;;Impedance phlebography;FALSE;FALSE;FALSE;FALSE;FALSE;;0;FALSE
3558;88.71;;Diagnostic ultrasound of head and neck;FALSE;FALSE;FALSE;FALSE;FALSE;;0;FALSE
3559;88.72;;Diagnostic ultrasound of heart;FALSE;FALSE;FALSE;FALSE;FALSE;;0;FALSE
3560;88.73;;Diagnostic ultrasound of other sites of thorax;FALSE;FALSE;FALSE;FALSE;FALSE;;0;FALSE
3561;88.74;;Diagnostic ultrasound of digestive system;FALSE;FALSE;FALSE;FALSE;FALSE;;0;FALSE
3562;88.75;;Diagnostic ultrasound of urinary system;FALSE;FALSE;FALSE;FALSE;FALSE;;0;FALSE
3563;88.76;;Diagnostic ultrasound of abdomen and retroperitoneum;FALSE;FALSE;FALSE;FALSE;FALSE;;0;FALSE
3564;88.77;;Diagnostic ultrasound of peripheral vascular system;FALSE;FALSE;FALSE;FALSE;FALSE;;0;FALSE
3565;88.78;;Diagnostic ultrasound of gravid uterus;FALSE;FALSE;FALSE;FALSE;FALSE;;0;FALSE
3566;88.79;;Other diagnostic ultrasound;FALSE;FALSE;FALSE;FALSE;FALSE;;0;FALSE
3567;88.81;;Cerebral thermography;FALSE;FALSE;FALSE;FALSE;FALSE;;0;FALSE
3568;88.82;;Ocular thermography;FALSE;FALSE;FALSE;FALSE;FALSE;;0;FALSE
3569;88.83;;Bone thermography;FALSE;FALSE;FALSE;FALSE;FALSE;;0;FALSE
3570;88.84;;Muscle thermography;FALSE;FALSE;FALSE;FALSE;FALSE;;0;FALSE
3571;88.85;;Breast thermography;FALSE;FALSE;FALSE;FALSE;FALSE;;0;FALSE
3572;88.86;;Blood vessel thermography;FALSE;FALSE;FALSE;FALSE;FALSE;;0;FALSE
3573;88.89;;Thermography of other sites;FALSE;FALSE;FALSE;FALSE;FALSE;;0;FALSE
3574;88.90;;Diagnostic imaging, not elsewhere classified;FALSE;FALSE;FALSE;FALSE;FALSE;;0;FALSE
3575;88.91;;Magnetic resonance imaging of brain and brain stem;FALSE;FALSE;FALSE;FALSE;FALSE;;0;FALSE
3576;88.92;;Magnetic resonance imaging of chest and myocardium;FALSE;FALSE;FALSE;FALSE;FALSE;;0;FALSE
3577;88.93;;Magnetic resonance imaging of spinal canal;FALSE;FALSE;FALSE;FALSE;FALSE;;0;FALSE
3578;88.94;;Magnetic resonance imaging of musculoskeletal structures;FALSE;FALSE;FALSE;FALSE;FALSE;;0;FALSE
3579;88.95;;Magnetic resonance imaging of pelvis, prostate, and bladder;FALSE;FALSE;FALSE;FALSE;FALSE;;0;FALSE
3580;88.96;;Other intraoperative magnetic resonance imaging;FALSE;FALSE;FALSE;FALSE;FALSE;;0;FALSE
3581;88.97;;Magnetic resonance imaging of other and unspecified sites;FALSE;FALSE;FALSE;FALSE;FALSE;;0;FALSE
3582;88.98;;Bone mineral density studies;FALSE;FALSE;FALSE;FALSE;FALSE;;0;FALSE
3583;89.01;;Interview and evaluation, described as brief;FALSE;FALSE;FALSE;FALSE;FALSE;;0;FALSE
3584;89.02;;Interview and evaluation, described as limited;FALSE;FALSE;FALSE;FALSE;FALSE;;0;FALSE
3585;89.03;;Interview and evaluation, described as comprehensive;FALSE;FALSE;FALSE;FALSE;FALSE;;0;FALSE
3586;89.04;;Other interview and evaluation;FALSE;FALSE;FALSE;FALSE;FALSE;;0;FALSE
3587;89.05;;Diagnostic interview and evaluation, not otherwise specified;FALSE;FALSE;FALSE;FALSE;FALSE;;0;FALSE
3588;89.06;;Consultation, described as limited;FALSE;FALSE;FALSE;FALSE;FALSE;;0;FALSE
3589;89.07;;Consultation, described as comprehensive;FALSE;FALSE;FALSE;FALSE;FALSE;;0;FALSE
3590;89.08;;Other consultation;FALSE;FALSE;FALSE;FALSE;FALSE;;0;FALSE
3591;89.09;;Consultation, not otherwise specified;FALSE;FALSE;FALSE;FALSE;FALSE;;0;FALSE
3592;89.10;;Intracarotid amobarbital test;FALSE;FALSE;FALSE;FALSE;FALSE;;0;FALSE
3593;89.11;;Tonometry;FALSE;FALSE;FALSE;FALSE;FALSE;;0;FALSE
3594;89.12;;Nasal function study;FALSE;FALSE;FALSE;FALSE;FALSE;;0;FALSE
3595;89.13;;Neurologic examination;FALSE;FALSE;FALSE;FALSE;FALSE;;0;FALSE
3596;89.14;;Electroencephalogram;FALSE;FALSE;FALSE;FALSE;FALSE;;0;FALSE
3597;89.15;;Other nonoperative neurologic function tests;FALSE;FALSE;FALSE;FALSE;FALSE;;0;FALSE
3598;89.16;;Transillumination of newborn skull;FALSE;FALSE;FALSE;FALSE;FALSE;;0;FALSE
3599;89.17;;Polysomnogram;FALSE;FALSE;FALSE;FALSE;FALSE;;0;FALSE
3600;89.18;;Other sleep disorder function tests;FALSE;FALSE;FALSE;FALSE;FALSE;;0;FALSE
3601;89.19;;Video and radio-telemetered electroencephalographic monitoring;FALSE;FALSE;FALSE;FALSE;FALSE;;0;FALSE
3602;89.21;;Urinary manometry;FALSE;FALSE;FALSE;FALSE;FALSE;;0;FALSE
3603;89.22;;Cystometrogram;FALSE;FALSE;FALSE;FALSE;FALSE;;0;FALSE
3604;89.23;;Urethral sphincter electromyogram;FALSE;FALSE;FALSE;FALSE;FALSE;;0;FALSE
3605;89.24;;Uroflowmetry [UFR];FALSE;FALSE;FALSE;FALSE;FALSE;;0;FALSE
3606;89.25;;Urethral pressure profile [UPP];FALSE;FALSE;FALSE;FALSE;FALSE;;0;FALSE
3607;89.26;;Gynecological examination;FALSE;FALSE;FALSE;FALSE;FALSE;;0;FALSE
3608;89.29;;Other nonoperative genitourinary system measurements;FALSE;FALSE;FALSE;FALSE;FALSE;;0;FALSE
3609;89.31;;Dental examination;FALSE;FALSE;FALSE;FALSE;FALSE;;0;FALSE
3610;89.32;;Esophageal manometry;FALSE;FALSE;FALSE;FALSE;FALSE;;0;FALSE
3611;89.33;;Digital examination of enterostomy stoma;FALSE;FALSE;FALSE;FALSE;FALSE;;0;FALSE
3612;89.34;;Digital examination of rectum;FALSE;FALSE;FALSE;FALSE;FALSE;;0;FALSE
3613;89.35;;Transillumination of nasal sinuses;FALSE;FALSE;FALSE;FALSE;FALSE;;0;FALSE
3614;89.36;;Manual examination of breast;FALSE;FALSE;FALSE;FALSE;FALSE;;0;FALSE
3615;89.37;;Vital capacity determination;FALSE;FALSE;FALSE;FALSE;FALSE;;0;FALSE
3616;89.38;;Other nonoperative respiratory measurements;FALSE;FALSE;FALSE;FALSE;FALSE;;0;FALSE
3617;89.39;;Other nonoperative measurements and examinations;FALSE;FALSE;FALSE;FALSE;FALSE;;0;FALSE
3618;89.41;;Cardiovascular stress test using treadmill;FALSE;FALSE;FALSE;FALSE;FALSE;;0;FALSE
3619;89.42;;Masters two-step stress test;FALSE;FALSE;FALSE;FALSE;FALSE;;0;FALSE
3620;89.43;;Cardiovascular stress test using bicycle ergometer;FALSE;FALSE;FALSE;FALSE;FALSE;;0;FALSE
3621;89.44;;Other cardiovascular stress test;FALSE;FALSE;FALSE;FALSE;FALSE;;0;FALSE
3622;89.45;;Artificial pacemaker rate check;FALSE;FALSE;FALSE;FALSE;FALSE;;0;FALSE
3623;89.46;;Artificial pacemaker artifact wave form check;FALSE;FALSE;FALSE;FALSE;FALSE;;0;FALSE
3624;89.47;;Artificial pacemaker electrode impedance check;FALSE;FALSE;FALSE;FALSE;FALSE;;0;FALSE
3625;89.48;;Artificial pacemaker voltage or amperage threshold check;FALSE;FALSE;FALSE;FALSE;FALSE;;0;FALSE
3626;89.49;;Automatic implantable cardioverter/defibrillator (AICD) check;FALSE;FALSE;FALSE;FALSE;FALSE;;0;FALSE
3627;89.50;;Ambulatory cardiac monitoring;FALSE;FALSE;FALSE;FALSE;FALSE;;0;FALSE
3628;89.51;;Rhythm electrocardiogram;FALSE;FALSE;FALSE;FALSE;FALSE;;0;FALSE
3629;89.52;;Electrocardiogram;FALSE;FALSE;FALSE;FALSE;FALSE;;0;FALSE
3630;89.53;;Vectorcardiogram (with ECG);FALSE;FALSE;FALSE;FALSE;FALSE;;0;FALSE
3631;89.54;;Electrographic monitoring;FALSE;FALSE;FALSE;FALSE;FALSE;;0;FALSE
3632;89.55;;Phonocardiogram with ECG lead;FALSE;FALSE;FALSE;FALSE;FALSE;;0;FALSE
3633;89.56;;Carotid pulse tracing with ECG lead;FALSE;FALSE;FALSE;FALSE;FALSE;;0;FALSE
3634;89.57;;Apexcardiogram (with ECG lead);FALSE;FALSE;FALSE;FALSE;FALSE;;0;FALSE
3635;89.58;;Plethysmogram;FALSE;FALSE;FALSE;FALSE;FALSE;;0;FALSE
3636;89.59;;Other nonoperative cardiac and vascular measurements;FALSE;FALSE;FALSE;FALSE;FALSE;;0;FALSE
3637;89.60;;Continuous intra-arterial blood gas monitoring;FALSE;FALSE;FALSE;FALSE;FALSE;;0;FALSE
3638;89.61;;Systemic arterial pressure monitoring;FALSE;FALSE;FALSE;FALSE;FALSE;;0;FALSE
3639;89.62;;Central venous pressure monitoring;FALSE;FALSE;FALSE;FALSE;FALSE;;0;FALSE
3640;89.63;;Pulmonary artery pressure monitoring;FALSE;FALSE;FALSE;FALSE;FALSE;;0;FALSE
3641;89.64;;Pulmonary artery wedge monitoring;FALSE;FALSE;FALSE;FALSE;FALSE;;0;FALSE
3642;89.65;;Measurement of systemic arterial blood gases;FALSE;FALSE;FALSE;FALSE;FALSE;;0;FALSE
3643;89.66;;Measurement of mixed venous blood gases;FALSE;FALSE;FALSE;FALSE;FALSE;;0;FALSE
3644;89.67;;Monitoring of cardiac output by oxygen consumption technique;FALSE;FALSE;FALSE;FALSE;FALSE;;0;FALSE
3645;89.68;;Monitoring of cardiac output by other technique;FALSE;FALSE;FALSE;FALSE;FALSE;;0;FALSE
3646;89.69;;Monitoring of coronary blood flow;FALSE;FALSE;FALSE;FALSE;FALSE;;0;FALSE
3647;89.7;;General physical examination;FALSE;FALSE;FALSE;FALSE;FALSE;;0;FALSE
3648;89.8;;Autopsy;FALSE;FALSE;FALSE;FALSE;FALSE;;0;FALSE
3649;90.01;;Bacterial smear of specimen from nervous system and of spinal fluid;FALSE;FALSE;FALSE;FALSE;FALSE;;0;FALSE
3650;90.02;;Culture of specimen from nervous system and of spinal fluid;FALSE;FALSE;FALSE;FALSE;FALSE;;0;FALSE
3651;90.03;;Culture and sensitivity of specimen from nervous system and of spinal fluid;FALSE;FALSE;FALSE;FALSE;FALSE;;0;FALSE
3652;90.04;;Parasitology of specimen from nervous system and of spinal fluid;FALSE;FALSE;FALSE;FALSE;FALSE;;0;FALSE
3653;90.05;;Toxicology of specimen from nervous system and of spinal fluid;FALSE;FALSE;FALSE;FALSE;FALSE;;0;FALSE
3654;90.06;;Cell block and papanicolaou smear of specimen from nervous system and of spinal fluid;FALSE;FALSE;FALSE;FALSE;FALSE;;0;FALSE
3655;90.09;;Other microscopic examination of specimen from nervous system and of spinal fluid;FALSE;FALSE;FALSE;FALSE;FALSE;;0;FALSE
3656;90.11;;Bacterial smear of specimen from endocrine gland, not elsewhere classified;FALSE;FALSE;FALSE;FALSE;FALSE;;0;FALSE
3657;90.12;;Culture of specimen from endocrine gland, not elsewhere classified;FALSE;FALSE;FALSE;FALSE;FALSE;;0;FALSE
3658;90.13;;Culture and sensitivity of specimen from endocrine gland, not elsewhere classified;FALSE;FALSE;FALSE;FALSE;FALSE;;0;FALSE
3659;90.14;;Parasitology of specimen from endocrine gland, not elsewhere classified;FALSE;FALSE;FALSE;FALSE;FALSE;;0;FALSE
3660;90.15;;Toxicology of specimen from endocrine gland, not elsewhere classified;FALSE;FALSE;FALSE;FALSE;FALSE;;0;FALSE
3661;90.16;;Cell block and papanicolaou smear of specimen from endocrine gland, not elsewhere classified;FALSE;FALSE;FALSE;FALSE;FALSE;;0;FALSE
3662;90.19;;Other microscopic examination of specimen from endocrine gland, not elsewhere classified;FALSE;FALSE;FALSE;FALSE;FALSE;;0;FALSE
3663;90.21;;Bacterial smear of specimen from eye;FALSE;FALSE;FALSE;FALSE;FALSE;;0;FALSE
3664;90.22;;Culture of specimen from eye;FALSE;FALSE;FALSE;FALSE;FALSE;;0;FALSE
3665;90.23;;Culture and sensitivity of specimen from eye;FALSE;FALSE;FALSE;FALSE;FALSE;;0;FALSE
3666;90.24;;Parasitology of specimen from eye;FALSE;FALSE;FALSE;FALSE;FALSE;;0;FALSE
3667;90.25;;Toxicology of specimen from eye;FALSE;FALSE;FALSE;FALSE;FALSE;;0;FALSE
3668;90.26;;Cell block and papanicolaou smear of specimen from eye;FALSE;FALSE;FALSE;FALSE;FALSE;;0;FALSE
3669;90.29;;Other microscopic examination of specimen from eye;FALSE;FALSE;FALSE;FALSE;FALSE;;0;FALSE
3670;90.31;;Bacterial smear of specimen from ear, nose, throat, and larynx;FALSE;FALSE;FALSE;FALSE;FALSE;;0;FALSE
3671;90.32;;Culture of specimen from ear, nose, throat, and larynx;FALSE;FALSE;FALSE;FALSE;FALSE;;0;FALSE
3672;90.33;;Culture and sensitivity of specimen from ear, nose, throat, and larynx;FALSE;FALSE;FALSE;FALSE;FALSE;;0;FALSE
3673;90.34;;Parasitology of specimen from ear, nose, throat, and larynx;FALSE;FALSE;FALSE;FALSE;FALSE;;0;FALSE
3674;90.35;;Toxicology of specimen from ear, nose, throat, and larynx;FALSE;FALSE;FALSE;FALSE;FALSE;;0;FALSE
3675;90.36;;Cell block and papanicolaou smear of specimen from ear, nose, throat, and larynx;FALSE;FALSE;FALSE;FALSE;FALSE;;0;FALSE
3676;90.39;;Other microscopic examination of specimen from ear, nose, throat, and larynx;FALSE;FALSE;FALSE;FALSE;FALSE;;0;FALSE
3677;90.41;;Bacterial smear of specimen from trachea, bronchus, pleura, lung, and other thoracic specimen, and of sputum;FALSE;FALSE;FALSE;FALSE;FALSE;;0;FALSE
3678;90.42;;Culture of specimen from trachea, bronchus, pleura, lung, and other thoracic specimen, and of sputum;FALSE;FALSE;FALSE;FALSE;FALSE;;0;FALSE
3679;90.43;;Culture and sensitivity of specimen from trachea, bronchus, pleura, lung, and other thoracic specimen, and of sputum;FALSE;FALSE;FALSE;FALSE;FALSE;;0;FALSE
3680;90.44;;Parasitology of specimen from trachea, bronchus, pleura, lung, and other thoracic specimen, and of sputum;FALSE;FALSE;FALSE;FALSE;FALSE;;0;FALSE
3681;90.45;;Toxicology of specimen from trachea, bronchus, pleura, lung, and other thoracic specimen, and of sputum;FALSE;FALSE;FALSE;FALSE;FALSE;;0;FALSE
3682;90.46;;Cell block and papanicolaou smear of specimen from trachea, bronchus, pleura, lung, and other thoracic specimen, and of sputum;FALSE;FALSE;FALSE;FALSE;FALSE;;0;FALSE
3683;90.49;;Other microscopic examination of specimen from trachea, bronchus, pleura, lung, and other thoracic specimen, and of sputum;FALSE;FALSE;FALSE;FALSE;FALSE;;0;FALSE
3684;90.51;;Bacterial smear of blood;FALSE;FALSE;FALSE;FALSE;FALSE;;0;FALSE
3685;90.52;;Culture of blood;FALSE;FALSE;FALSE;FALSE;FALSE;;0;FALSE
3686;90.53;;Culture and sensitivity of blood;FALSE;FALSE;FALSE;FALSE;FALSE;;0;FALSE
3687;90.54;;Parasitology of blood;FALSE;FALSE;FALSE;FALSE;FALSE;;0;FALSE
3688;90.55;;Toxicology of blood;FALSE;FALSE;FALSE;FALSE;FALSE;;0;FALSE
3689;90.56;;Cell block and papanicolaou smear of blood;FALSE;FALSE;FALSE;FALSE;FALSE;;0;FALSE
3690;90.59;;Other microscopic examination of blood;FALSE;FALSE;FALSE;FALSE;FALSE;;0;FALSE
3691;90.61;;Bacterial smear of specimen from spleen and of bone marrow;FALSE;FALSE;FALSE;FALSE;FALSE;;0;FALSE
3692;90.62;;Culture of specimen from spleen and of bone marrow;FALSE;FALSE;FALSE;FALSE;FALSE;;0;FALSE
3693;90.63;;Culture and sensitivity of specimen from spleen and of bone marrow;FALSE;FALSE;FALSE;FALSE;FALSE;;0;FALSE
3694;90.64;;Parasitology of specimen from spleen and of bone marrow;FALSE;FALSE;FALSE;FALSE;FALSE;;0;FALSE
3695;90.65;;Toxicology of specimen from spleen and of bone marrow;FALSE;FALSE;FALSE;FALSE;FALSE;;0;FALSE
3696;90.66;;Cell block and papanicolaou smear of specimen from spleen and of bone marrow;FALSE;FALSE;FALSE;FALSE;FALSE;;0;FALSE
3697;90.69;;Other microscopic examination of specimen from spleen and of bone marrow;FALSE;FALSE;FALSE;FALSE;FALSE;;0;FALSE
3698;90.71;;Bacterial smear of specimen from lymph node and of lymph;FALSE;FALSE;FALSE;FALSE;FALSE;;0;FALSE
3699;90.72;;Culture of specimen from lymph node and of lymph;FALSE;FALSE;FALSE;FALSE;FALSE;;0;FALSE
3700;90.73;;Culture and sensitivity of specimen from lymph node and of lymph;FALSE;FALSE;FALSE;FALSE;FALSE;;0;FALSE
3701;90.74;;Parasitology of specimen from lymph node and of lymph;FALSE;FALSE;FALSE;FALSE;FALSE;;0;FALSE
3702;90.75;;Toxicology of specimen from lymph node and of lymph;FALSE;FALSE;FALSE;FALSE;FALSE;;0;FALSE
3703;90.76;;Cell block and papanicolaou smear of specimen from lymph node and of lymph;FALSE;FALSE;FALSE;FALSE;FALSE;;0;FALSE
3704;90.79;;Other microscopic examination of specimen from lymph node and of lymph;FALSE;FALSE;FALSE;FALSE;FALSE;;0;FALSE
3705;90.81;;Bacterial smear of specimen from upper gastrointestinal tract and of vomitus;FALSE;FALSE;FALSE;FALSE;FALSE;;0;FALSE
3706;90.82;;Culture of specimen from upper gastrointestinal tract and of vomitus;FALSE;FALSE;FALSE;FALSE;FALSE;;0;FALSE
3707;90.83;;Culture and sensitivity of specimen from upper gastrointestinal tract and of vomitus;FALSE;FALSE;FALSE;FALSE;FALSE;;0;FALSE
3708;90.84;;Parasitology of specimen from upper gastrointestinal tract and of vomitus;FALSE;FALSE;FALSE;FALSE;FALSE;;0;FALSE
3709;90.85;;Toxicology of specimen from upper gastrointestinal tract and of vomitus;FALSE;FALSE;FALSE;FALSE;FALSE;;0;FALSE
3710;90.86;;Cell block and papanicolaou of specimen from upper gastrointestinal tract and of vomitus,;FALSE;FALSE;FALSE;FALSE;FALSE;;0;FALSE
3711;90.89;;Other microscopic examination of specimen from upper gastrointestinal tract and of vomitus;FALSE;FALSE;FALSE;FALSE;FALSE;;0;FALSE
3712;90.91;;Bacterial smear of specimen from lower gastrointestinal tract and of stool;FALSE;FALSE;FALSE;FALSE;FALSE;;0;FALSE
3713;90.92;;Culture of specimen from lower gastrointestinal tract and of stool;FALSE;FALSE;FALSE;FALSE;FALSE;;0;FALSE
3714;90.93;;Culture and sensitivity of specimen from lower gastrointestinal tract and of stool;FALSE;FALSE;FALSE;FALSE;FALSE;;0;FALSE
3858;93.45;;Thomas splint traction;FALSE;FALSE;FALSE;FALSE;FALSE;;0;FALSE
3715;90.94;;Parasitology of specimen from lower gastrointestinal tract and of stool;FALSE;FALSE;FALSE;FALSE;FALSE;;0;FALSE
3716;90.95;;Toxicology of specimen from lower gastrointestinal tract and of stool;FALSE;FALSE;FALSE;FALSE;FALSE;;0;FALSE
3717;90.96;;Cell block and papanicolaou of specimen from lower gastrointestinal tract and of stool;FALSE;FALSE;FALSE;FALSE;FALSE;;0;FALSE
3718;90.99;;Other microscopic examination of specimen from lower gastrointestinal tract and of stool;FALSE;FALSE;FALSE;FALSE;FALSE;;0;FALSE
3719;91.01;;Bacterial smear of specimen from liver, biliary tract, and pancreas;FALSE;FALSE;FALSE;FALSE;FALSE;;0;FALSE
3720;91.02;;Culture of specimen from liver, biliary tract, and pancreas;FALSE;FALSE;FALSE;FALSE;FALSE;;0;FALSE
3721;91.03;;Culture and sensitivity of specimen from liver, biliary tract, and pancreas;FALSE;FALSE;FALSE;FALSE;FALSE;;0;FALSE
3722;91.04;;Parasitology of specimen from liver, biliary tract, and pancreas;FALSE;FALSE;FALSE;FALSE;FALSE;;0;FALSE
3723;91.05;;Toxicology of specimen from liver, biliary tract, and pancreas;FALSE;FALSE;FALSE;FALSE;FALSE;;0;FALSE
3724;91.06;;Cell block and papanicolaou smear of specimen from liver, biliary tract, and pancreas;FALSE;FALSE;FALSE;FALSE;FALSE;;0;FALSE
3725;91.09;;Other microscopic examination of specimen from liver, biliary tract, and pancreas;FALSE;FALSE;FALSE;FALSE;FALSE;;0;FALSE
3726;91.11;;Bacterial smear of peritoneal and retroperitoneal specimen;FALSE;FALSE;FALSE;FALSE;FALSE;;0;FALSE
3727;91.12;;Culture of peritoneal and retroperitoneal specimen;FALSE;FALSE;FALSE;FALSE;FALSE;;0;FALSE
3728;91.13;;Culture and sensitivity of peritoneal and retroperitoneal specimen;FALSE;FALSE;FALSE;FALSE;FALSE;;0;FALSE
3729;91.14;;Parasitology of peritoneal and retroperitoneal specimen;FALSE;FALSE;FALSE;FALSE;FALSE;;0;FALSE
3730;91.15;;Toxicology of peritoneal and retroperitoneal specimen;FALSE;FALSE;FALSE;FALSE;FALSE;;0;FALSE
3731;91.16;;Cell block and papanicolaou smear of peritoneal and retroperitoneal specimen;FALSE;FALSE;FALSE;FALSE;FALSE;;0;FALSE
3732;91.19;;Other microscopic examination of peritoneal and retroperitoneal specimen;FALSE;FALSE;FALSE;FALSE;FALSE;;0;FALSE
3733;91.21;;Bacterial smear of specimen from kidney, ureter, perirenal and periureteral tissue;FALSE;FALSE;FALSE;FALSE;FALSE;;0;FALSE
3734;91.22;;Culture of specimen from kidney, ureter, perirenal and periureteral tissue;FALSE;FALSE;FALSE;FALSE;FALSE;;0;FALSE
3735;91.23;;Culture and sensitivity of specimen from kidney, ureter, perirenal and periureteral tissue;FALSE;FALSE;FALSE;FALSE;FALSE;;0;FALSE
3736;91.24;;Parasitology of specimen from kidney, ureter, perirenal and periureteral tissue;FALSE;FALSE;FALSE;FALSE;FALSE;;0;FALSE
3737;91.25;;Toxicology of specimen from kidney, ureter, perirenal and periureteral tissue;FALSE;FALSE;FALSE;FALSE;FALSE;;0;FALSE
3738;91.26;;Cell block and papanicolaou smear of specimen from kidney, ureter, perirenal and periureteral tissue;FALSE;FALSE;FALSE;FALSE;FALSE;;0;FALSE
3739;91.29;;Other microscopic examination of specimen from kidney, ureter, perirenal and periureteral tissue;FALSE;FALSE;FALSE;FALSE;FALSE;;0;FALSE
3740;91.31;;Bacterial smear of specimen from bladder, urethra, prostate, seminal vesicle, perivesical tissue, and of urine and semen;FALSE;FALSE;FALSE;FALSE;FALSE;;0;FALSE
3741;91.32;;Culture of specimen from bladder, urethra, prostate, seminal vesicle, perivesical tissue, and of urine and semen;FALSE;FALSE;FALSE;FALSE;FALSE;;0;FALSE
3742;91.33;;Culture and sensitivity of specimen from bladder, urethra, prostate, seminal vesicle, perivesical tissue, and of urine and semen;FALSE;FALSE;FALSE;FALSE;FALSE;;0;FALSE
3743;91.34;;Parasitology of specimen from bladder, urethra, prostate, seminal vesicle, perivesical tissue, and of urine and semen;FALSE;FALSE;FALSE;FALSE;FALSE;;0;FALSE
3744;91.35;;Toxicology of specimen from bladder, urethra, prostate, seminal vesicle, perivesical tissue, and of urine and semen;FALSE;FALSE;FALSE;FALSE;FALSE;;0;FALSE
3745;91.36;;Cell block and papanicolaou smear of specimen from bladder, urethra, prostate, seminal vesicle, perivesical tissue, and of urine and semen;FALSE;FALSE;FALSE;FALSE;FALSE;;0;FALSE
3746;91.39;;Other microscopic examination of specimen from bladder, urethra, prostate, seminal vesicle, perivesical tissue, and of urine and semen;FALSE;FALSE;FALSE;FALSE;FALSE;;0;FALSE
3747;91.41;;Bacterial smear of specimen from female genital tract;FALSE;FALSE;FALSE;FALSE;FALSE;;0;FALSE
3748;91.42;;Culture of specimen from female genital tract;FALSE;FALSE;FALSE;FALSE;FALSE;;0;FALSE
3749;91.43;;Culture and sensitivity of specimen from female genital tract;FALSE;FALSE;FALSE;FALSE;FALSE;;0;FALSE
3750;91.44;;Parasitology of specimen from female genital tract;FALSE;FALSE;FALSE;FALSE;FALSE;;0;FALSE
3751;91.45;;Toxicology of specimen from female genital tract;FALSE;FALSE;FALSE;FALSE;FALSE;;0;FALSE
3752;91.46;;Cell block and papanicolaou smear of specimen from female genital tract;FALSE;FALSE;FALSE;FALSE;FALSE;;0;FALSE
3753;91.49;;Other microscopic examination of specimen from female genital tract;FALSE;FALSE;FALSE;FALSE;FALSE;;0;FALSE
3754;91.51;;Bacterial smear of specimen from musculoskeletal system and of joint fluid;FALSE;FALSE;FALSE;FALSE;FALSE;;0;FALSE
3755;91.52;;Culture of specimen from musculoskeletal system and of joint fluid;FALSE;FALSE;FALSE;FALSE;FALSE;;0;FALSE
3756;91.53;;Culture and sensitivity of specimen from musculoskeletal system and of joint fluid;FALSE;FALSE;FALSE;FALSE;FALSE;;0;FALSE
3757;91.54;;Parasitology of specimen from musculoskeletal system and of joint fluid;FALSE;FALSE;FALSE;FALSE;FALSE;;0;FALSE
3758;91.55;;Toxicology of specimen from musculoskeletal system and of joint fluid;FALSE;FALSE;FALSE;FALSE;FALSE;;0;FALSE
3759;91.56;;Cell block and papanicolaou smear of specimen from musculoskeletal system and of joint fluid;FALSE;FALSE;FALSE;FALSE;FALSE;;0;FALSE
3760;91.59;;Other microscopic examination of specimen from musculoskeletal system and of joint fluid;FALSE;FALSE;FALSE;FALSE;FALSE;;0;FALSE
3761;91.61;;Bacterial smear of specimen from skin and other integument;FALSE;FALSE;FALSE;FALSE;FALSE;;0;FALSE
3762;91.62;;Culture of specimen from skin and other integument;FALSE;FALSE;FALSE;FALSE;FALSE;;0;FALSE
3763;91.63;;Culture and sensitivity of specimen from skin and other integument;FALSE;FALSE;FALSE;FALSE;FALSE;;0;FALSE
3764;91.64;;Parasitology of specimen from skin and other integument;FALSE;FALSE;FALSE;FALSE;FALSE;;0;FALSE
3765;91.65;;Toxicology of specimen from skin and other integument;FALSE;FALSE;FALSE;FALSE;FALSE;;0;FALSE
3766;91.66;;Cell block and papanicolaou smear of specimen from skin and other integument;FALSE;FALSE;FALSE;FALSE;FALSE;;0;FALSE
3767;91.69;;Other microscopic examination of specimen from skin and other integument;FALSE;FALSE;FALSE;FALSE;FALSE;;0;FALSE
3768;91.71;;Bacterial smear of specimen from operative wound;FALSE;FALSE;FALSE;FALSE;FALSE;;0;FALSE
3769;91.72;;Culture of specimen from operative wound;FALSE;FALSE;FALSE;FALSE;FALSE;;0;FALSE
3770;91.73;;Culture and sensitivity of specimen from operative wound;FALSE;FALSE;FALSE;FALSE;FALSE;;0;FALSE
3771;91.74;;Parasitology of specimen from operative wound;FALSE;FALSE;FALSE;FALSE;FALSE;;0;FALSE
3772;91.75;;Toxicology of specimen from operative wound;FALSE;FALSE;FALSE;FALSE;FALSE;;0;FALSE
3773;91.76;;Cell block and papanicolaou smear of specimen from operative wound;FALSE;FALSE;FALSE;FALSE;FALSE;;0;FALSE
3774;91.79;;Other microscopic examination of specimen from operative wound;FALSE;FALSE;FALSE;FALSE;FALSE;;0;FALSE
3775;91.81;;Bacterial smear of specimen from other site;FALSE;FALSE;FALSE;FALSE;FALSE;;0;FALSE
3776;91.82;;Culture of specimen from other site;FALSE;FALSE;FALSE;FALSE;FALSE;;0;FALSE
3777;91.83;;Culture and sensitivity of specimen from other site;FALSE;FALSE;FALSE;FALSE;FALSE;;0;FALSE
3778;91.84;;Parasitology of specimen from other site;FALSE;FALSE;FALSE;FALSE;FALSE;;0;FALSE
3779;91.85;;Toxicology of specimen from other site;FALSE;FALSE;FALSE;FALSE;FALSE;;0;FALSE
3780;91.86;;Cell block and papanicolaou smear of specimen from other site;FALSE;FALSE;FALSE;FALSE;FALSE;;0;FALSE
3781;91.89;;Other microscopic examination of specimen from other site;FALSE;FALSE;FALSE;FALSE;FALSE;;0;FALSE
3782;91.91;;Bacterial smear of specimen from unspecified site;FALSE;FALSE;FALSE;FALSE;FALSE;;0;FALSE
3783;91.92;;Culture of specimen from unspecified site,;FALSE;FALSE;FALSE;FALSE;FALSE;;0;FALSE
3784;91.93;;Culture and sensitivity of specimen from unspecified site;FALSE;FALSE;FALSE;FALSE;FALSE;;0;FALSE
3785;91.94;;Parasitology examination of specimen from unspecified site;FALSE;FALSE;FALSE;FALSE;FALSE;;0;FALSE
3786;91.95;;Toxicology of specimen from unspecified site;FALSE;FALSE;FALSE;FALSE;FALSE;;0;FALSE
3787;91.96;;Cell block and papanicolaou smear of specimen from unspecified site;FALSE;FALSE;FALSE;FALSE;FALSE;;0;FALSE
3788;91.99;;Other microscopic examination of specimen from unspecified site;FALSE;FALSE;FALSE;FALSE;FALSE;;0;FALSE
3789;92.01;;Thyroid scan and radioisotope function studies;FALSE;FALSE;FALSE;FALSE;FALSE;;0;FALSE
3790;92.02;;Liver scan and radioisotope function study;FALSE;FALSE;FALSE;FALSE;FALSE;;0;FALSE
3791;92.03;;Renal scan and radioisotope function study;FALSE;FALSE;FALSE;FALSE;FALSE;;0;FALSE
3792;92.04;;Gastrointestinal scan and radioisotope function study;FALSE;FALSE;FALSE;FALSE;FALSE;;0;FALSE
3793;92.05;;Cardiovascular and hematopoietic scan and radioisotope function study;FALSE;FALSE;FALSE;FALSE;FALSE;;0;FALSE
3794;92.09;;Other radioisotope function studies;FALSE;FALSE;FALSE;FALSE;FALSE;;0;FALSE
3795;92.11;;Cerebral scan;FALSE;FALSE;FALSE;FALSE;FALSE;;0;FALSE
3796;92.12;;Scan of other sites of head;FALSE;FALSE;FALSE;FALSE;FALSE;;0;FALSE
3797;92.13;;Parathyroid scan;FALSE;FALSE;FALSE;FALSE;FALSE;;0;FALSE
3798;92.14;;Bone scan;FALSE;FALSE;FALSE;FALSE;FALSE;;0;FALSE
3799;92.15;;Pulmonary scan;FALSE;FALSE;FALSE;FALSE;FALSE;;0;FALSE
3800;92.16;;Scan of lymphatic system;FALSE;FALSE;FALSE;FALSE;FALSE;;0;FALSE
3801;92.17;;Placental scan;FALSE;FALSE;FALSE;FALSE;FALSE;;0;FALSE
3802;92.18;;Total body scan;FALSE;FALSE;FALSE;FALSE;FALSE;;0;FALSE
3803;92.19;;Scan of other sites;FALSE;FALSE;FALSE;FALSE;FALSE;;0;FALSE
3804;92.21;;Superficial radiation;FALSE;FALSE;FALSE;FALSE;FALSE;;0;FALSE
3805;92.22;;Orthovoltage radiation;FALSE;FALSE;FALSE;FALSE;FALSE;;0;FALSE
3806;92.23;;Radioisotopic teleradiotherapy;FALSE;FALSE;FALSE;FALSE;FALSE;;0;FALSE
3807;92.24;;Teleradiotherapy using protons;FALSE;FALSE;FALSE;FALSE;FALSE;;0;FALSE
3808;92.25;;Teleradiotherapy using electrons;FALSE;FALSE;FALSE;FALSE;FALSE;;0;FALSE
3809;92.26;;Teleradiotherapy of other particulate radiation;FALSE;FALSE;FALSE;FALSE;FALSE;;0;FALSE
3810;92.27;;Implantation or insertion of radioactive elements;FALSE;FALSE;FALSE;FALSE;FALSE;;0;FALSE
3811;92.28;;Injection or instillation of radioisotopes;FALSE;FALSE;FALSE;FALSE;FALSE;;0;FALSE
3812;92.29;;Other radiotherapeutic procedure;FALSE;FALSE;FALSE;FALSE;FALSE;;0;FALSE
3813;92.30;;Stereotactic radiosurgery, not otherwise specified;FALSE;FALSE;FALSE;FALSE;FALSE;;0;FALSE
3814;92.31;;Single source photon radiosurgery;FALSE;FALSE;FALSE;FALSE;FALSE;;0;FALSE
3815;92.32;;Multi-source photon radiosurgery;FALSE;FALSE;FALSE;FALSE;FALSE;;0;FALSE
3816;92.33;;Particulate radiosurgery;FALSE;FALSE;FALSE;FALSE;FALSE;;0;FALSE
3817;92.39;;Stereotactic radiosurgery, not elsewhere classified;FALSE;FALSE;FALSE;FALSE;FALSE;;0;FALSE
3818;93.01;;Functional evaluation;FALSE;FALSE;FALSE;FALSE;FALSE;;0;FALSE
3819;93.02;;Orthotic evaluation;FALSE;FALSE;FALSE;FALSE;FALSE;;0;FALSE
3820;93.03;;Prosthetic evaluation;FALSE;FALSE;FALSE;FALSE;FALSE;;0;FALSE
3821;93.04;;Manual testing of muscle function;FALSE;FALSE;FALSE;FALSE;FALSE;;0;FALSE
3822;93.05;;Range of motion testing;FALSE;FALSE;FALSE;FALSE;FALSE;;0;FALSE
3823;93.06;;Measurement of limb length;FALSE;FALSE;FALSE;FALSE;FALSE;;0;FALSE
3824;93.07;;Body measurement;FALSE;FALSE;FALSE;FALSE;FALSE;;0;FALSE
3825;93.08;;Electromyography;FALSE;FALSE;FALSE;FALSE;FALSE;;0;FALSE
3826;93.09;;Other diagnostic physical therapy procedure;FALSE;FALSE;FALSE;FALSE;FALSE;;0;FALSE
3827;93.11;;Assisting exercise;FALSE;FALSE;FALSE;FALSE;FALSE;;0;FALSE
3828;93.12;;Other active musculoskeletal exercise;FALSE;FALSE;FALSE;FALSE;FALSE;;0;FALSE
3829;93.13;;Resistive exercise;FALSE;FALSE;FALSE;FALSE;FALSE;;0;FALSE
3830;93.14;;Training in joint movements;FALSE;FALSE;FALSE;FALSE;FALSE;;0;FALSE
3831;93.15;;Mobilization of spine;FALSE;FALSE;FALSE;FALSE;FALSE;;0;FALSE
3832;93.16;;Mobilization of other joints;FALSE;FALSE;FALSE;FALSE;FALSE;;0;FALSE
3833;93.17;;Other passive musculoskeletal exercise;FALSE;FALSE;FALSE;FALSE;FALSE;;0;FALSE
3834;93.18;;Breathing exercise;FALSE;FALSE;FALSE;FALSE;FALSE;;0;FALSE
3835;93.19;;Exercise, not elsewhere classified;FALSE;FALSE;FALSE;FALSE;FALSE;;0;FALSE
3836;93.21;;Manual and mechanical traction;FALSE;FALSE;FALSE;FALSE;FALSE;;0;FALSE
3837;93.22;;Ambulation and gait training;FALSE;FALSE;FALSE;FALSE;FALSE;;0;FALSE
3838;93.23;;Fitting of orthotic device;FALSE;FALSE;FALSE;FALSE;FALSE;;0;FALSE
3839;93.24;;Training in use of prosthetic or orthotic device;FALSE;FALSE;FALSE;FALSE;FALSE;;0;FALSE
3840;93.25;;Forced extension of limb;FALSE;FALSE;FALSE;FALSE;FALSE;;0;FALSE
3841;93.26;;Manual rupture of joint adhesions;FALSE;FALSE;FALSE;FALSE;FALSE;;0;FALSE
3842;93.27;;Stretching of muscle or tendon;FALSE;FALSE;FALSE;FALSE;FALSE;;0;FALSE
3843;93.28;;Stretching of fascia;FALSE;FALSE;FALSE;FALSE;FALSE;;0;FALSE
3844;93.29;;Other forcible correction of musculoskeletal deformity;FALSE;FALSE;FALSE;FALSE;FALSE;;0;FALSE
3845;93.31;;Assisted exercise in pool;FALSE;FALSE;FALSE;FALSE;FALSE;;0;FALSE
3846;93.32;;Whirlpool treatment;FALSE;FALSE;FALSE;FALSE;FALSE;;0;FALSE
3847;93.33;;Other hydrotherapy;FALSE;FALSE;FALSE;FALSE;FALSE;;0;FALSE
3848;93.34;;Diathermy;FALSE;FALSE;FALSE;FALSE;FALSE;;0;FALSE
3849;93.35;;Other heat therapy;FALSE;FALSE;FALSE;FALSE;FALSE;;0;FALSE
3850;93.36;;Cardiac retraining;FALSE;FALSE;FALSE;FALSE;FALSE;;0;FALSE
3851;93.37;;Prenatal training;FALSE;FALSE;FALSE;FALSE;FALSE;;0;FALSE
3852;93.38;;Combined physical therapy without mention of the components;FALSE;FALSE;FALSE;FALSE;FALSE;;0;FALSE
3853;93.39;;Other physical therapy;FALSE;FALSE;FALSE;FALSE;FALSE;;0;FALSE
3854;93.41;;Spinal traction using skull device;FALSE;FALSE;FALSE;FALSE;FALSE;;0;FALSE
3855;93.42;;Other spinal traction;FALSE;FALSE;FALSE;FALSE;FALSE;;0;FALSE
3856;93.43;;Intermittent skeletal traction;FALSE;FALSE;FALSE;FALSE;FALSE;;0;FALSE
3857;93.44;;Other skeletal traction;FALSE;FALSE;FALSE;FALSE;FALSE;;0;FALSE
3859;93.46;;Other skin traction of limbs;FALSE;FALSE;FALSE;FALSE;FALSE;;0;FALSE
3860;93.51;;Application of plaster jacket;FALSE;FALSE;FALSE;FALSE;FALSE;;0;FALSE
3861;93.52;;Application of neck support;FALSE;FALSE;FALSE;FALSE;FALSE;;0;FALSE
3862;93.53;;Application of other cast;FALSE;FALSE;FALSE;FALSE;FALSE;;0;FALSE
3863;93.54;;Application of splint;FALSE;FALSE;FALSE;FALSE;FALSE;;0;FALSE
3864;93.55;;Dental wiring;FALSE;FALSE;FALSE;FALSE;FALSE;;0;FALSE
3865;93.56;;Application of pressure dressing;FALSE;FALSE;FALSE;FALSE;FALSE;;0;FALSE
3866;93.57;;Application of other wound dressing;FALSE;FALSE;FALSE;FALSE;FALSE;;0;FALSE
3867;93.58;;Application of pressure trousers;FALSE;FALSE;FALSE;FALSE;FALSE;;0;FALSE
3868;93.59;;Other immobilization, pressure, and attention to wound;FALSE;FALSE;FALSE;FALSE;FALSE;;0;FALSE
3869;93.61;;Osteopathic manipulative treatment for general mobilization;FALSE;FALSE;FALSE;FALSE;FALSE;;0;FALSE
3870;93.62;;Osteopathic manipulative treatment using high-velocity, low-amplitude forces;FALSE;FALSE;FALSE;FALSE;FALSE;;0;FALSE
3871;93.63;;Osteopathic manipulative treatment using low- velocity, high-amplitude forces;FALSE;FALSE;FALSE;FALSE;FALSE;;0;FALSE
3872;93.64;;Osteopathic manipulative treatment using isotonic, isometric forces;FALSE;FALSE;FALSE;FALSE;FALSE;;0;FALSE
3873;93.65;;Osteopathic manipulative treatment using indirect forces;FALSE;FALSE;FALSE;FALSE;FALSE;;0;FALSE
3874;93.66;;Osteopathic manipulative treatment to move tissue fluids;FALSE;FALSE;FALSE;FALSE;FALSE;;0;FALSE
3875;93.67;;Other specified osteopathic manipulative treatment;FALSE;FALSE;FALSE;FALSE;FALSE;;0;FALSE
3876;93.71;;Dyslexia training;FALSE;FALSE;FALSE;FALSE;FALSE;;0;FALSE
3877;93.72;;Dysphasia training;FALSE;FALSE;FALSE;FALSE;FALSE;;0;FALSE
3878;93.73;;Esophageal speech training;FALSE;FALSE;FALSE;FALSE;FALSE;;0;FALSE
3879;93.74;;Speech defect training;FALSE;FALSE;FALSE;FALSE;FALSE;;0;FALSE
3880;93.75;;Other speech training and therapy;FALSE;FALSE;FALSE;FALSE;FALSE;;0;FALSE
3881;93.76;;Training in use of lead dog for the blind;FALSE;FALSE;FALSE;FALSE;FALSE;;0;FALSE
3882;93.77;;Training in braille or Moon;FALSE;FALSE;FALSE;FALSE;FALSE;;0;FALSE
3883;93.78;;Other rehabilitation for the blind;FALSE;FALSE;FALSE;FALSE;FALSE;;0;FALSE
3884;93.81;;Recreation therapy;FALSE;FALSE;FALSE;FALSE;FALSE;;0;FALSE
3885;93.82;;Educational therapy;FALSE;FALSE;FALSE;FALSE;FALSE;;0;FALSE
3886;93.83;;Occupational therapy;FALSE;FALSE;FALSE;FALSE;FALSE;;0;FALSE
3887;93.84;;Music therapy;FALSE;FALSE;FALSE;FALSE;FALSE;;0;FALSE
3888;93.85;;Vocational rehabilitation;FALSE;FALSE;FALSE;FALSE;FALSE;;0;FALSE
3889;93.89;;Rehabilitation, not elsewhere classified;FALSE;FALSE;FALSE;FALSE;FALSE;;0;FALSE
3890;93.90;;Continuous positive airway pressure [CPAP];FALSE;FALSE;FALSE;FALSE;FALSE;;0;FALSE
3891;93.91;;Intermittent positive pressure breathing [IPPB];FALSE;FALSE;FALSE;FALSE;FALSE;;0;FALSE
3892;93.93;;Nonmechanical methods of resuscitation;FALSE;FALSE;FALSE;FALSE;FALSE;;0;FALSE
3893;93.94;;Respiratory medication administered by nebulizer;FALSE;FALSE;FALSE;FALSE;FALSE;;0;FALSE
3894;93.95;;Hyperbaric oxygenation;FALSE;FALSE;FALSE;FALSE;FALSE;;0;FALSE
3895;93.96;;Other oxygen enrichment;FALSE;FALSE;FALSE;FALSE;FALSE;;0;FALSE
3896;93.97;;Decompression chamber;FALSE;FALSE;FALSE;FALSE;FALSE;;0;FALSE
3897;93.98;;Other control of atmospheric pressure and composition;FALSE;FALSE;FALSE;FALSE;FALSE;;0;FALSE
3898;93.99;;Other respiratory procedures;FALSE;FALSE;FALSE;FALSE;FALSE;;0;FALSE
3899;94.01;;Administration of intelligence test;FALSE;FALSE;FALSE;FALSE;FALSE;;0;FALSE
3900;94.02;;Administration of psychologic test;FALSE;FALSE;FALSE;FALSE;FALSE;;0;FALSE
3901;94.03;;Character analysis;FALSE;FALSE;FALSE;FALSE;FALSE;;0;FALSE
3902;94.08;;Other psychologic evaluation and testing;FALSE;FALSE;FALSE;FALSE;FALSE;;0;FALSE
3903;94.09;;Psychologic mental status determination, not otherwise specified;FALSE;FALSE;FALSE;FALSE;FALSE;;0;FALSE
3904;94.11;;Psychiatric mental status determination;FALSE;FALSE;FALSE;FALSE;FALSE;;0;FALSE
3905;94.12;;Routine psychiatric visit, not otherwise specified;FALSE;FALSE;FALSE;FALSE;FALSE;;0;FALSE
3906;94.13;;Psychiatric commitment evaluation;FALSE;FALSE;FALSE;FALSE;FALSE;;0;FALSE
3907;94.19;;Other psychiatric interview and evaluation;FALSE;FALSE;FALSE;FALSE;FALSE;;0;FALSE
3908;94.21;;Narcoanalysis;FALSE;FALSE;FALSE;FALSE;FALSE;;0;FALSE
3909;94.22;;Lithium therapy;FALSE;FALSE;FALSE;FALSE;FALSE;;0;FALSE
3910;94.23;;Neuroleptic therapy;FALSE;FALSE;FALSE;FALSE;FALSE;;0;FALSE
3911;94.24;;Chemical shock therapy;FALSE;FALSE;FALSE;FALSE;FALSE;;0;FALSE
3912;94.25;;Other psychiatric drug therapy;FALSE;FALSE;FALSE;FALSE;FALSE;;0;FALSE
3913;94.26;;Subconvulsive electroshock therapy;FALSE;FALSE;FALSE;FALSE;FALSE;;0;FALSE
3914;94.27;;Other electroshock therapy;FALSE;FALSE;FALSE;FALSE;FALSE;;0;FALSE
3915;94.29;;Other psychiatric somatotherapy;FALSE;FALSE;FALSE;FALSE;FALSE;;0;FALSE
3916;94.31;;Psychoanalysis;FALSE;FALSE;FALSE;FALSE;FALSE;;0;FALSE
3917;94.32;;Hypnotherapy;FALSE;FALSE;FALSE;FALSE;FALSE;;0;FALSE
3918;94.33;;Behavior therapy;FALSE;FALSE;FALSE;FALSE;FALSE;;0;FALSE
3919;94.34;;Individual therapy for psychosexual dysfunction;FALSE;FALSE;FALSE;FALSE;FALSE;;0;FALSE
3920;94.35;;Crisis intervention;FALSE;FALSE;FALSE;FALSE;FALSE;;0;FALSE
3921;94.36;;Play psychotherapy;FALSE;FALSE;FALSE;FALSE;FALSE;;0;FALSE
3922;94.37;;Exploratory verbal psychotherapy;FALSE;FALSE;FALSE;FALSE;FALSE;;0;FALSE
3923;94.38;;Supportive verbal psychotherapy;FALSE;FALSE;FALSE;FALSE;FALSE;;0;FALSE
3924;94.39;;Other individual psychotherapy;FALSE;FALSE;FALSE;FALSE;FALSE;;0;FALSE
3925;94.41;;Group therapy for psychosexual dysfunction;FALSE;FALSE;FALSE;FALSE;FALSE;;0;FALSE
3926;94.42;;Family therapy;FALSE;FALSE;FALSE;FALSE;FALSE;;0;FALSE
3927;94.43;;Psychodrama;FALSE;FALSE;FALSE;FALSE;FALSE;;0;FALSE
3928;94.44;;Other group therapy;FALSE;FALSE;FALSE;FALSE;FALSE;;0;FALSE
3929;94.45;;Drug addiction counselling;FALSE;FALSE;FALSE;FALSE;FALSE;;0;FALSE
3930;94.46;;Alcoholism counselling;FALSE;FALSE;FALSE;FALSE;FALSE;;0;FALSE
3931;94.49;;Other counselling;FALSE;FALSE;FALSE;FALSE;FALSE;;0;FALSE
3932;94.51;;Referral for psychotherapy;FALSE;FALSE;FALSE;FALSE;FALSE;;0;FALSE
3933;94.52;;Referral for psychiatric aftercare;FALSE;FALSE;FALSE;FALSE;FALSE;;0;FALSE
3934;94.53;;Referral for alcoholism rehabilitation;FALSE;FALSE;FALSE;FALSE;FALSE;;0;FALSE
3935;94.54;;Referral for drug addiction rehabilitation;FALSE;FALSE;FALSE;FALSE;FALSE;;0;FALSE
3936;94.55;;Referral for vocational rehabilitation;FALSE;FALSE;FALSE;FALSE;FALSE;;0;FALSE
3937;94.59;;Referral for other psychologic rehabilitation;FALSE;FALSE;FALSE;FALSE;FALSE;;0;FALSE
3938;94.61;;Alcohol rehabilitation;FALSE;FALSE;FALSE;FALSE;FALSE;;0;FALSE
3939;94.62;;Alcohol detoxification;FALSE;FALSE;FALSE;FALSE;FALSE;;0;FALSE
3940;94.63;;Alcohol rehabilitation and detoxification;FALSE;FALSE;FALSE;FALSE;FALSE;;0;FALSE
3941;94.64;;Drug rehabilitation;FALSE;FALSE;FALSE;FALSE;FALSE;;0;FALSE
3942;94.65;;Drug detoxification;FALSE;FALSE;FALSE;FALSE;FALSE;;0;FALSE
3943;94.66;;Drug rehabilitation and detoxification;FALSE;FALSE;FALSE;FALSE;FALSE;;0;FALSE
3944;94.67;;Combined alcohol and drug rehabilitation;FALSE;FALSE;FALSE;FALSE;FALSE;;0;FALSE
3945;94.68;;Combined alcohol and drug detoxification;FALSE;FALSE;FALSE;FALSE;FALSE;;0;FALSE
3946;94.69;;Combined alcohol and drug rehabilitation and detoxification;FALSE;FALSE;FALSE;FALSE;FALSE;;0;FALSE
3947;95.01;;Limited eye examination;FALSE;FALSE;FALSE;FALSE;FALSE;;0;FALSE
3948;95.02;;Comprehensive eye examination;FALSE;FALSE;FALSE;FALSE;FALSE;;0;FALSE
3949;95.03;;Extended ophthalmologic work-up;FALSE;FALSE;FALSE;FALSE;FALSE;;0;FALSE
3950;95.04;;Eye examination under anesthesia;FALSE;FALSE;FALSE;FALSE;FALSE;;0;FALSE
3951;95.05;;Visual field study;FALSE;FALSE;FALSE;FALSE;FALSE;;0;FALSE
3952;95.06;;Color vision study;FALSE;FALSE;FALSE;FALSE;FALSE;;0;FALSE
3953;95.07;;Dark adaptation study;FALSE;FALSE;FALSE;FALSE;FALSE;;0;FALSE
3954;95.09;;Eye examination, not otherwise specified;FALSE;FALSE;FALSE;FALSE;FALSE;;0;FALSE
3955;95.11;;Fundus photography;FALSE;FALSE;FALSE;FALSE;FALSE;;0;FALSE
3956;95.12;;Fluorescein angiography or angioscopy of eye;FALSE;FALSE;FALSE;FALSE;FALSE;;0;FALSE
3957;95.13;;Ultrasound study of eye;FALSE;FALSE;FALSE;FALSE;FALSE;;0;FALSE
3958;95.14;;X-ray study of eye;FALSE;FALSE;FALSE;FALSE;FALSE;;0;FALSE
3959;95.15;;Ocular motility study;FALSE;FALSE;FALSE;FALSE;FALSE;;0;FALSE
3960;95.16;;P32 and other tracer studies of eye;FALSE;FALSE;FALSE;FALSE;FALSE;;0;FALSE
3961;95.21;;Electroretinogram [ERG];FALSE;FALSE;FALSE;FALSE;FALSE;;0;FALSE
3962;95.22;;Electro-oculogram [EOG];FALSE;FALSE;FALSE;FALSE;FALSE;;0;FALSE
3963;95.23;;Visual evoked potential [VEP];FALSE;FALSE;FALSE;FALSE;FALSE;;0;FALSE
3964;95.24;;Electronystagmogram [ENG];FALSE;FALSE;FALSE;FALSE;FALSE;;0;FALSE
3965;95.25;;Electromyogram of eye [EMG];FALSE;FALSE;FALSE;FALSE;FALSE;;0;FALSE
3966;95.26;;Tonography, provocative tests, and other glaucoma testing;FALSE;FALSE;FALSE;FALSE;FALSE;;0;FALSE
3967;95.31;;Fitting and dispensing of spectacles;FALSE;FALSE;FALSE;FALSE;FALSE;;0;FALSE
3968;95.32;;Prescription, fitting, and dispensing of contact lens;FALSE;FALSE;FALSE;FALSE;FALSE;;0;FALSE
3969;95.33;;Dispensing of other low vision aids;FALSE;FALSE;FALSE;FALSE;FALSE;;0;FALSE
3970;95.34;;Ocular prosthetics;FALSE;FALSE;FALSE;FALSE;FALSE;;0;FALSE
3971;95.35;;Orthoptic training;FALSE;FALSE;FALSE;FALSE;FALSE;;0;FALSE
3972;95.36;;Ophthalmologic counselling and instruction;FALSE;FALSE;FALSE;FALSE;FALSE;;0;FALSE
3973;95.41;;Audiometry;FALSE;FALSE;FALSE;FALSE;FALSE;;0;FALSE
3974;95.42;;Clinical test of hearing;FALSE;FALSE;FALSE;FALSE;FALSE;;0;FALSE
3975;95.43;;Audiological evaluation;FALSE;FALSE;FALSE;FALSE;FALSE;;0;FALSE
3976;95.44;;Clinical vestibular function tests;FALSE;FALSE;FALSE;FALSE;FALSE;;0;FALSE
3977;95.45;;Rotation tests;FALSE;FALSE;FALSE;FALSE;FALSE;;0;FALSE
3978;95.46;;Other auditory and vestibular function tests;FALSE;FALSE;FALSE;FALSE;FALSE;;0;FALSE
3979;95.47;;Hearing examination, not otherwise specified;FALSE;FALSE;FALSE;FALSE;FALSE;;0;FALSE
3980;95.48;;Fitting of hearing aid;FALSE;FALSE;FALSE;FALSE;FALSE;;0;FALSE
3981;95.49;;Other nonoperative procedures related to hearing;FALSE;FALSE;FALSE;FALSE;FALSE;;0;FALSE
3982;96.01;;Insertion of nasopharyngeal airway;FALSE;FALSE;FALSE;FALSE;FALSE;;0;FALSE
3983;96.02;;Insertion of oropharyngeal airway;FALSE;FALSE;FALSE;FALSE;FALSE;;0;FALSE
3984;96.03;;Insertion of esophageal obturator airway;FALSE;FALSE;FALSE;FALSE;FALSE;;0;FALSE
3985;96.04;;Insertion of endotracheal tube;FALSE;FALSE;FALSE;FALSE;FALSE;;0;FALSE
3986;96.05;;Other intubation of respiratory tract;FALSE;FALSE;FALSE;FALSE;FALSE;;0;FALSE
3987;96.06;;Insertion of Sengstaken tube;FALSE;FALSE;FALSE;FALSE;FALSE;;0;FALSE
3988;96.07;;Insertion of other (naso-)gastric tube;FALSE;FALSE;FALSE;FALSE;FALSE;;0;FALSE
3989;96.08;;Insertion of (naso-)intestinal tube;FALSE;FALSE;FALSE;FALSE;FALSE;;0;FALSE
3990;96.09;;Insertion of rectal tube;FALSE;FALSE;FALSE;FALSE;FALSE;;0;FALSE
3991;96.11;;Packing of external auditory canal;FALSE;FALSE;FALSE;FALSE;FALSE;;0;FALSE
3992;96.14;;Vaginal packing;FALSE;FALSE;FALSE;FALSE;FALSE;;0;FALSE
3993;96.15;;Insertion of vaginal mold;FALSE;FALSE;FALSE;FALSE;FALSE;;0;FALSE
3994;96.16;;Other vaginal dilation;FALSE;FALSE;FALSE;FALSE;FALSE;;0;FALSE
3995;96.17;;Insertion of vaginal diaphragm;FALSE;FALSE;FALSE;FALSE;FALSE;;0;FALSE
3996;96.18;;Insertion of other vaginal pessary;FALSE;FALSE;FALSE;FALSE;FALSE;;0;FALSE
3997;96.19;;Rectal packing;FALSE;FALSE;FALSE;FALSE;FALSE;;0;FALSE
3998;96.21;;Dilation of frontonasal duct;FALSE;FALSE;FALSE;FALSE;FALSE;;0;FALSE
3999;96.22;;Dilation of rectum;FALSE;FALSE;FALSE;FALSE;FALSE;;0;FALSE
4000;96.23;;Dilation of anal sphincter;FALSE;FALSE;FALSE;FALSE;FALSE;;0;FALSE
4001;96.24;;Dilation and manipulation of enterostomy stoma;FALSE;FALSE;FALSE;FALSE;FALSE;;0;FALSE
4002;96.25;;Therapeutic distention of bladder;FALSE;FALSE;FALSE;FALSE;FALSE;;0;FALSE
4003;96.26;;Manual reduction of rectal prolapse;FALSE;FALSE;FALSE;FALSE;FALSE;;0;FALSE
4004;96.27;;Manual reduction of hernia;FALSE;FALSE;FALSE;FALSE;FALSE;;0;FALSE
4005;96.28;;Manual reduction of enterostomy prolapse;FALSE;FALSE;FALSE;FALSE;FALSE;;0;FALSE
4006;96.29;;Reduction of intussusception of alimentary tract;FALSE;FALSE;FALSE;FALSE;FALSE;;0;FALSE
4007;96.31;;Gastric cooling;FALSE;FALSE;FALSE;FALSE;FALSE;;0;FALSE
4008;96.32;;Gastric freezing;FALSE;FALSE;FALSE;FALSE;FALSE;;0;FALSE
4009;96.33;;Gastric lavage;FALSE;FALSE;FALSE;FALSE;FALSE;;0;FALSE
4010;96.34;;Other irrigation of (naso-)gastric tube;FALSE;FALSE;FALSE;FALSE;FALSE;;0;FALSE
4011;96.35;;Gastric gavage;FALSE;FALSE;FALSE;FALSE;FALSE;;0;FALSE
4012;96.36;;Irrigation of gastrostomy or enterostomy;FALSE;FALSE;FALSE;FALSE;FALSE;;0;FALSE
4013;96.37;;Proctoclysis;FALSE;FALSE;FALSE;FALSE;FALSE;;0;FALSE
4014;96.38;;Removal of impacted feces;FALSE;FALSE;FALSE;FALSE;FALSE;;0;FALSE
4015;96.39;;Other transanal enema;FALSE;FALSE;FALSE;FALSE;FALSE;;0;FALSE
4016;96.41;;Irrigation of cholecystostomy and other biliary tube;FALSE;FALSE;FALSE;FALSE;FALSE;;0;FALSE
4017;96.42;;Irrigation of pancreatic tube;FALSE;FALSE;FALSE;FALSE;FALSE;;0;FALSE
4018;96.43;;Digestive tract instillation, except gastric gavage;FALSE;FALSE;FALSE;FALSE;FALSE;;0;FALSE
4019;96.44;;Vaginal douche;FALSE;FALSE;FALSE;FALSE;FALSE;;0;FALSE
4020;96.45;;Irrigation of nephrostomy and pyelostomy;FALSE;FALSE;FALSE;FALSE;FALSE;;0;FALSE
4021;96.46;;Irrigation of ureterostomy and ureteral catheter;FALSE;FALSE;FALSE;FALSE;FALSE;;0;FALSE
4022;96.47;;Irrigation of cystostomy;FALSE;FALSE;FALSE;FALSE;FALSE;;0;FALSE
4023;96.48;;Irrigation of other indwelling urinary catheter;FALSE;FALSE;FALSE;FALSE;FALSE;;0;FALSE
4024;96.49;;Other genitourinary instillation;FALSE;FALSE;FALSE;FALSE;FALSE;;0;FALSE
4025;96.51;;Irrigation of eye;FALSE;FALSE;FALSE;FALSE;FALSE;;0;FALSE
4026;96.52;;Irrigation of ear;FALSE;FALSE;FALSE;FALSE;FALSE;;0;FALSE
4027;96.53;;Irrigation of nasal passages;FALSE;FALSE;FALSE;FALSE;FALSE;;0;FALSE
4028;96.54;;Dental scaling, polishing, and debridement;FALSE;FALSE;FALSE;FALSE;FALSE;;0;FALSE
4029;96.55;;Tracheostomy toilette;FALSE;FALSE;FALSE;FALSE;FALSE;;0;FALSE
4030;96.56;;Other lavage of bronchus and trachea;FALSE;FALSE;FALSE;FALSE;FALSE;;0;FALSE
4031;96.57;;Irrigation of vascular catheter;FALSE;FALSE;FALSE;FALSE;FALSE;;0;FALSE
4032;96.58;;Irrigation of wound catheter;FALSE;FALSE;FALSE;FALSE;FALSE;;0;FALSE
4033;96.59;;Other irrigation of wound;FALSE;FALSE;FALSE;FALSE;FALSE;;0;FALSE
4034;96.6;;Enteral infusion of concentrated nutritional substances;FALSE;FALSE;FALSE;FALSE;FALSE;;0;FALSE
4035;96.70;;Continuous mechanical ventilation of unspecified duration;FALSE;FALSE;FALSE;FALSE;FALSE;;0;FALSE
4036;96.71;;Continuous mechanical ventilation for less than 96 consecutive hours;FALSE;FALSE;FALSE;FALSE;FALSE;;0;FALSE
4037;96.72;;Continuous mechanical ventilation for 96 consecutive hours or more;FALSE;FALSE;FALSE;FALSE;FALSE;;0;FALSE
4038;97.01;;Replacement of (naso-)gastric or esophagostomy tube;FALSE;FALSE;FALSE;FALSE;FALSE;;0;FALSE
4039;97.02;;Replacement of gastrostomy tube;FALSE;FALSE;FALSE;FALSE;FALSE;;0;FALSE
4040;97.03;;Replacement of tube or enterostomy device of small intestine;FALSE;FALSE;FALSE;FALSE;FALSE;;0;FALSE
4041;97.04;;Replacement of tube or enterostomy device of large intestine;FALSE;FALSE;FALSE;FALSE;FALSE;;0;FALSE
4042;97.05;;Replacement of stent (tube) in biliary or pancreatic duct;FALSE;FALSE;FALSE;FALSE;FALSE;;0;FALSE
4043;97.11;;Replacement of cast on upper limb;FALSE;FALSE;FALSE;FALSE;FALSE;;0;FALSE
4044;97.12;;Replacement of cast on lower limb;FALSE;FALSE;FALSE;FALSE;FALSE;;0;FALSE
4045;97.13;;Replacement of other cast;FALSE;FALSE;FALSE;FALSE;FALSE;;0;FALSE
4046;97.14;;Replacement of other device for musculoskeletal immobilization;FALSE;FALSE;FALSE;FALSE;FALSE;;0;FALSE
4047;97.15;;Replacement of wound catheter;FALSE;FALSE;FALSE;FALSE;FALSE;;0;FALSE
4048;97.16;;Replacement of wound packing or drain;FALSE;FALSE;FALSE;FALSE;FALSE;;0;FALSE
4049;97.21;;Replacement of nasal packing;FALSE;FALSE;FALSE;FALSE;FALSE;;0;FALSE
4050;97.22;;Replacement of dental packing;FALSE;FALSE;FALSE;FALSE;FALSE;;0;FALSE
4051;97.23;;Replacement of tracheostomy tube;FALSE;FALSE;FALSE;FALSE;FALSE;;0;FALSE
4052;97.24;;Replacement and refitting of vaginal diaphragm;FALSE;FALSE;FALSE;FALSE;FALSE;;0;FALSE
4053;97.25;;Replacement of other vaginal pessary;FALSE;FALSE;FALSE;FALSE;FALSE;;0;FALSE
4054;97.26;;Replacement of vaginal or vulvar packing or drain;FALSE;FALSE;FALSE;FALSE;FALSE;;0;FALSE
4055;97.29;;Other nonoperative replacements;FALSE;FALSE;FALSE;FALSE;FALSE;;0;FALSE
4056;97.31;;Removal of eye prosthesis;FALSE;FALSE;FALSE;FALSE;FALSE;;0;FALSE
4057;97.32;;Removal of nasal packing;FALSE;FALSE;FALSE;FALSE;FALSE;;0;FALSE
4058;97.33;;Removal of dental wiring;FALSE;FALSE;FALSE;FALSE;FALSE;;0;FALSE
4059;97.34;;Removal of dental packing;FALSE;FALSE;FALSE;FALSE;FALSE;;0;FALSE
4060;97.35;;Removal of dental prosthesis;FALSE;FALSE;FALSE;FALSE;FALSE;;0;FALSE
4061;97.36;;Removal of other external mandibular fixation device;FALSE;FALSE;FALSE;FALSE;FALSE;;0;FALSE
4062;97.37;;Removal of tracheostomy tube;FALSE;FALSE;FALSE;FALSE;FALSE;;0;FALSE
4063;97.38;;Removal of sutures from head and neck;FALSE;FALSE;FALSE;FALSE;FALSE;;0;FALSE
4064;97.39;;Removal of other therapeutic device from head and neck;FALSE;FALSE;FALSE;FALSE;FALSE;;0;FALSE
4065;97.41;;Removal of thoracotomy tube or pleural cavity drain;FALSE;FALSE;FALSE;FALSE;FALSE;;0;FALSE
4066;97.42;;Removal of mediastinal drain;FALSE;FALSE;FALSE;FALSE;FALSE;;0;FALSE
4067;97.43;;Removal of sutures from thorax;FALSE;FALSE;FALSE;FALSE;FALSE;;0;FALSE
4068;97.44;;Nonoperative removal of heart assist system;FALSE;FALSE;FALSE;FALSE;FALSE;;0;FALSE
4069;97.49;;Removal of other device from thorax;FALSE;FALSE;FALSE;FALSE;FALSE;;0;FALSE
4070;97.51;;Removal of gastrostomy tube;FALSE;FALSE;FALSE;FALSE;FALSE;;0;FALSE
4071;97.52;;Removal of tube from small intestine;FALSE;FALSE;FALSE;FALSE;FALSE;;0;FALSE
4072;97.53;;Removal of tube from large intestine or appendix;FALSE;FALSE;FALSE;FALSE;FALSE;;0;FALSE
4073;97.54;;Removal of cholecystostomy tube;FALSE;FALSE;FALSE;FALSE;FALSE;;0;FALSE
4074;97.55;;Removal of T-tube, other bile duct tube, or liver tube;FALSE;FALSE;FALSE;FALSE;FALSE;;0;FALSE
4075;97.56;;Removal of pancreatic tube or drain;FALSE;FALSE;FALSE;FALSE;FALSE;;0;FALSE
4076;97.59;;Removal of other device from digestive system;FALSE;FALSE;FALSE;FALSE;FALSE;;0;FALSE
4077;97.61;;Removal of pyelostomy and nephrostomy tube;FALSE;FALSE;FALSE;FALSE;FALSE;;0;FALSE
4078;97.62;;Removal of ureterostomy tube and ureteral catheter;FALSE;FALSE;FALSE;FALSE;FALSE;;0;FALSE
4079;97.63;;Removal of cystostomy tube;FALSE;FALSE;FALSE;FALSE;FALSE;;0;FALSE
4080;97.64;;Removal of other urinary drainage device;FALSE;FALSE;FALSE;FALSE;FALSE;;0;FALSE
4081;97.65;;Removal of urethral stent;FALSE;FALSE;FALSE;FALSE;FALSE;;0;FALSE
4082;97.69;;Removal of other device from urinary system;FALSE;FALSE;FALSE;FALSE;FALSE;;0;FALSE
4083;97.71;;Removal of intrauterine contraceptive device;FALSE;FALSE;FALSE;FALSE;FALSE;;0;FALSE
4084;97.72;;Removal of intrauterine pack;FALSE;FALSE;FALSE;FALSE;FALSE;;0;FALSE
4085;97.73;;Removal of vaginal diaphragm;FALSE;FALSE;FALSE;FALSE;FALSE;;0;FALSE
4086;97.74;;Removal of other vaginal pessary;FALSE;FALSE;FALSE;FALSE;FALSE;;0;FALSE
4087;97.75;;Removal of vaginal or vulvar packing;FALSE;FALSE;FALSE;FALSE;FALSE;;0;FALSE
4088;97.79;;Removal of other device from genital tract;FALSE;FALSE;FALSE;FALSE;FALSE;;0;FALSE
4089;97.81;;Removal of retroperitoneal drainage device;FALSE;FALSE;FALSE;FALSE;FALSE;;0;FALSE
4090;97.82;;Removal of peritoneal drainage device;FALSE;FALSE;FALSE;FALSE;FALSE;;0;FALSE
4091;97.83;;Removal of abdominal wall sutures;FALSE;FALSE;FALSE;FALSE;FALSE;;0;FALSE
4092;97.84;;Removal of sutures from trunk, not elsewhere classified;FALSE;FALSE;FALSE;FALSE;FALSE;;0;FALSE
4093;97.85;;Removal of packing from trunk, not elsewhere classified;FALSE;FALSE;FALSE;FALSE;FALSE;;0;FALSE
4094;97.86;;Removal of other device from abdomen;FALSE;FALSE;FALSE;FALSE;FALSE;;0;FALSE
4095;97.87;;Removal of other device from trunk;FALSE;FALSE;FALSE;FALSE;FALSE;;0;FALSE
4096;97.88;;Removal of external immobilization device;FALSE;FALSE;FALSE;FALSE;FALSE;;0;FALSE
4097;97.89;;Removal of other therapeutic device;FALSE;FALSE;FALSE;FALSE;FALSE;;0;FALSE
4098;98.01;;Removal of intraluminal foreign body from mouth without incision;FALSE;FALSE;FALSE;FALSE;FALSE;;0;FALSE
4099;98.02;;Removal of intraluminal foreign body from esophagus without incision;FALSE;FALSE;FALSE;FALSE;FALSE;;0;FALSE
4100;98.03;;Removal of intraluminal foreign body from stomach and small intestine without incision;FALSE;FALSE;FALSE;FALSE;FALSE;;0;FALSE
4101;98.04;;Removal of intraluminal foreign body from large intestine without incision;FALSE;FALSE;FALSE;FALSE;FALSE;;0;FALSE
4102;98.05;;Removal of intraluminal foreign body from rectum and anus without incision;FALSE;FALSE;FALSE;FALSE;FALSE;;0;FALSE
4103;98.11;;Removal of intraluminal foreign body from ear without incision;FALSE;FALSE;FALSE;FALSE;FALSE;;0;FALSE
4104;98.12;;Removal of intraluminal foreign body from nose without incision;FALSE;FALSE;FALSE;FALSE;FALSE;;0;FALSE
4105;98.13;;Removal of intraluminal foreign body from pharynx without incision;FALSE;FALSE;FALSE;FALSE;FALSE;;0;FALSE
4106;98.14;;Removal of intraluminal foreign body from larynx without incision;FALSE;FALSE;FALSE;FALSE;FALSE;;0;FALSE
4107;98.15;;Removal of intraluminal foreign body from trachea and bronchus without incision;FALSE;FALSE;FALSE;FALSE;FALSE;;0;FALSE
4108;98.16;;Removal of intraluminal foreign body from uterus without incision;FALSE;FALSE;FALSE;FALSE;FALSE;;0;FALSE
4109;98.17;;Removal of intraluminal foreign body from vagina without incision;FALSE;FALSE;FALSE;FALSE;FALSE;;0;FALSE
4110;98.18;;Removal of intraluminal foreign body from artificial stoma without incision;FALSE;FALSE;FALSE;FALSE;FALSE;;0;FALSE
4111;98.19;;Removal of intraluminal foreign body from urethra without incision;FALSE;FALSE;FALSE;FALSE;FALSE;;0;FALSE
4112;98.20;;Removal of foreign body, not otherwise specified;FALSE;FALSE;FALSE;FALSE;FALSE;;0;FALSE
4113;98.21;;Removal of superficial foreign body from eye without incision;FALSE;FALSE;FALSE;FALSE;FALSE;;0;FALSE
4114;98.22;;Removal of other foreign body without incision from head and neck;FALSE;FALSE;FALSE;FALSE;FALSE;;0;FALSE
4115;98.23;;Removal of foreign body from vulva without incision;FALSE;FALSE;FALSE;FALSE;FALSE;;0;FALSE
4116;98.24;;Removal of foreign body from scrotum or penis without incision;FALSE;FALSE;FALSE;FALSE;FALSE;;0;FALSE
4117;98.25;;Removal of other foreign body without incision from trunk except scrotum, penis, or vulva;FALSE;FALSE;FALSE;FALSE;FALSE;;0;FALSE
4118;98.26;;Removal of foreign body from hand without incision;FALSE;FALSE;FALSE;FALSE;FALSE;;0;FALSE
4119;98.27;;Removal of foreign body without incision from upper limb, except hand;FALSE;FALSE;FALSE;FALSE;FALSE;;0;FALSE
4120;98.28;;Removal of foreign body from foot without incision;FALSE;FALSE;FALSE;FALSE;FALSE;;0;FALSE
4121;98.29;;Removal of foreign body without incision from lower limb, except foot;FALSE;FALSE;FALSE;FALSE;FALSE;;0;FALSE
4122;98.51;;Extracorporeal shockwave lithotripsy [ESWL] of the kidney, ureter and/or bladder;FALSE;FALSE;FALSE;FALSE;FALSE;;0;FALSE
4123;98.52;;Extracorporeal shockwave lithotripsy [ESWL] of the gallbladder and/or bile duct;FALSE;FALSE;FALSE;FALSE;FALSE;;0;FALSE
4124;98.59;;Extracorporeal shockwave lithotripsy of other sites;FALSE;FALSE;FALSE;FALSE;FALSE;;0;FALSE
4125;99.00;;Perioperative autologous transfusion of whole blood or blood components;FALSE;FALSE;FALSE;FALSE;FALSE;;0;FALSE
4126;99.01;;Exchange transfusion;FALSE;FALSE;FALSE;FALSE;FALSE;;0;FALSE
4127;99.02;;Transfusion of previously collected autologous blood;FALSE;FALSE;FALSE;FALSE;FALSE;;0;FALSE
4128;99.03;;Other transfusion of whole blood;FALSE;FALSE;FALSE;FALSE;FALSE;;0;FALSE
4129;99.04;;Transfusion of packed cells;FALSE;FALSE;FALSE;FALSE;FALSE;;0;FALSE
4130;99.05;;Transfusion of platelets;FALSE;FALSE;FALSE;FALSE;FALSE;;0;FALSE
4131;99.06;;Transfusion of coagulation factors;FALSE;FALSE;FALSE;FALSE;FALSE;;0;FALSE
4132;99.07;;Transfusion of other serum;FALSE;FALSE;FALSE;FALSE;FALSE;;0;FALSE
4133;99.08;;Transfusion of blood expander;FALSE;FALSE;FALSE;FALSE;FALSE;;0;FALSE
4134;99.09;;Transfusion of other substance;FALSE;FALSE;FALSE;FALSE;FALSE;;0;FALSE
4135;99.10;;Injection or infusion of thrombolytic agent;FALSE;FALSE;FALSE;FALSE;FALSE;;0;FALSE
4136;99.11;;Injection of Rh immune globulin;FALSE;FALSE;FALSE;FALSE;FALSE;;0;FALSE
4137;99.12;;Immunization for allergy;FALSE;FALSE;FALSE;FALSE;FALSE;;0;FALSE
4138;99.13;;Immunization for autoimmune disease;FALSE;FALSE;FALSE;FALSE;FALSE;;0;FALSE
4139;99.14;;Injection of gamma globulin;FALSE;FALSE;FALSE;FALSE;FALSE;;0;FALSE
4140;99.15;;Parenteral infusion of concentrated nutritional substances;FALSE;FALSE;FALSE;FALSE;FALSE;;0;FALSE
4141;99.16;;Injection of antidote;FALSE;FALSE;FALSE;FALSE;FALSE;;0;FALSE
4142;99.17;;Injection of insulin;FALSE;FALSE;FALSE;FALSE;FALSE;;0;FALSE
4143;99.18;;Injection or infusion of electrolytes;FALSE;FALSE;FALSE;FALSE;FALSE;;0;FALSE
4144;99.19;;Injection of anticoagulant;FALSE;FALSE;FALSE;FALSE;FALSE;;0;FALSE
4145;99.20;;Injection or infusion of platelet inhibitor;FALSE;FALSE;FALSE;FALSE;FALSE;;0;FALSE
4146;99.21;;Injection of antibiotic;FALSE;FALSE;FALSE;FALSE;FALSE;;0;FALSE
4147;99.22;;Injection of other anti-infective;FALSE;FALSE;FALSE;FALSE;FALSE;;0;FALSE
4148;99.23;;Injection of steroid;FALSE;FALSE;FALSE;FALSE;FALSE;;0;FALSE
4149;99.24;;Injection of other hormone;FALSE;FALSE;FALSE;FALSE;FALSE;;0;FALSE
4150;99.25;;Injection or infusion of cancer chemotherapeutic substance;FALSE;FALSE;FALSE;FALSE;FALSE;;0;FALSE
4151;99.26;;Injection of tranquilizer;FALSE;FALSE;FALSE;FALSE;FALSE;;0;FALSE
4152;99.27;;Iontophoresis;FALSE;FALSE;FALSE;FALSE;FALSE;;0;FALSE
4153;99.28;;Injection or infusion of biological response modifier [BRM] as an antineoplastic agent;FALSE;FALSE;FALSE;FALSE;FALSE;;0;FALSE
4154;99.29;;Injection or infusion of other therapeutic or prophylactic substance;FALSE;FALSE;FALSE;FALSE;FALSE;;0;FALSE
4155;99.31;;Vaccination against cholera;FALSE;FALSE;FALSE;FALSE;FALSE;;0;FALSE
4156;99.32;;Vaccination against typhoid and paratyphoid fever;FALSE;FALSE;FALSE;FALSE;FALSE;;0;FALSE
4157;99.33;;Vaccination against tuberculosis;FALSE;FALSE;FALSE;FALSE;FALSE;;0;FALSE
4158;99.34;;Vaccination against plague;FALSE;FALSE;FALSE;FALSE;FALSE;;0;FALSE
4159;99.35;;Vaccination against tularemia;FALSE;FALSE;FALSE;FALSE;FALSE;;0;FALSE
4160;99.36;;Administration of diphtheria toxoid;FALSE;FALSE;FALSE;FALSE;FALSE;;0;FALSE
4161;99.37;;Vaccination against pertussis;FALSE;FALSE;FALSE;FALSE;FALSE;;0;FALSE
4162;99.38;;Administration of tetanus toxoid;FALSE;FALSE;FALSE;FALSE;FALSE;;0;FALSE
4163;99.39;;Administration of diphtheria-tetanus-pertussis, combined;FALSE;FALSE;FALSE;FALSE;FALSE;;0;FALSE
4164;99.41;;Administration of poliomyelitis vaccine;FALSE;FALSE;FALSE;FALSE;FALSE;;0;FALSE
4165;99.42;;Vaccination against smallpox;FALSE;FALSE;FALSE;FALSE;FALSE;;0;FALSE
4166;99.43;;Vaccination against yellow fever;FALSE;FALSE;FALSE;FALSE;FALSE;;0;FALSE
4167;99.44;;Vaccination against rabies;FALSE;FALSE;FALSE;FALSE;FALSE;;0;FALSE
4168;99.45;;Vaccination against measles;FALSE;FALSE;FALSE;FALSE;FALSE;;0;FALSE
4169;99.46;;Vaccination against mumps;FALSE;FALSE;FALSE;FALSE;FALSE;;0;FALSE
4170;99.47;;Vaccination against rubella;FALSE;FALSE;FALSE;FALSE;FALSE;;0;FALSE
4171;99.48;;Administration of measles-mumps-rubella vaccine;FALSE;FALSE;FALSE;FALSE;FALSE;;0;FALSE
4172;99.51;;Prophylactic vaccination against the common cold;FALSE;FALSE;FALSE;FALSE;FALSE;;0;FALSE
4173;99.52;;Prophylactic vaccination against influenza;FALSE;FALSE;FALSE;FALSE;FALSE;;0;FALSE
4174;99.53;;Prophylactic vaccination against arthropod-borne viral encephalitis;FALSE;FALSE;FALSE;FALSE;FALSE;;0;FALSE
4175;99.54;;Prophylactic vaccination against other arthropod-borne viral diseases;FALSE;FALSE;FALSE;FALSE;FALSE;;0;FALSE
4176;99.55;;Prophylactic administration of vaccine against other diseases;FALSE;FALSE;FALSE;FALSE;FALSE;;0;FALSE
4177;99.56;;Administration of tetanus antitoxin;FALSE;FALSE;FALSE;FALSE;FALSE;;0;FALSE
4178;99.57;;Administration of botulism antitoxin;FALSE;FALSE;FALSE;FALSE;FALSE;;0;FALSE
4179;99.58;;Administration of other antitoxins;FALSE;FALSE;FALSE;FALSE;FALSE;;0;FALSE
4180;99.59;;Other vaccination and inoculation;FALSE;FALSE;FALSE;FALSE;FALSE;;0;FALSE
4181;99.60;;Cardiopulmonary resuscitation, not otherwise specified;FALSE;FALSE;FALSE;FALSE;FALSE;;0;FALSE
4182;99.61;;Atrial cardioversion;FALSE;FALSE;FALSE;FALSE;FALSE;;0;FALSE
4183;99.62;;Other electric countershock of heart;FALSE;FALSE;FALSE;FALSE;FALSE;;0;FALSE
4184;99.63;;Closed chest cardiac massage;FALSE;FALSE;FALSE;FALSE;FALSE;;0;FALSE
4185;99.64;;Carotid sinus stimulation;FALSE;FALSE;FALSE;FALSE;FALSE;;0;FALSE
4186;99.69;;Other conversion of cardiac rhythm;FALSE;FALSE;FALSE;FALSE;FALSE;;0;FALSE
4187;99.71;;Therapeutic plasmapheresis;FALSE;FALSE;FALSE;FALSE;FALSE;;0;FALSE
4188;99.72;;Therapeutic leukopheresis;FALSE;FALSE;FALSE;FALSE;FALSE;;0;FALSE
4189;99.73;;Therapeutic erythrocytapheresis;FALSE;FALSE;FALSE;FALSE;FALSE;;0;FALSE
4190;99.74;;Therapeutic plateletpheresis;FALSE;FALSE;FALSE;FALSE;FALSE;;0;FALSE
4191;99.75;;Administration of neuroprotective agent;FALSE;FALSE;FALSE;FALSE;FALSE;;0;FALSE
4192;99.76;;Extracorporeal immunoadsorption;FALSE;FALSE;FALSE;FALSE;FALSE;;0;FALSE
4193;99.77;;Application or administration of adhesion barrier substance;FALSE;FALSE;FALSE;FALSE;FALSE;;0;FALSE
4194;99.78;;Aquapheresis;FALSE;FALSE;FALSE;FALSE;FALSE;;0;FALSE
4195;99.79;;Other therapeutic apheresis;FALSE;FALSE;FALSE;FALSE;FALSE;;0;FALSE
4196;99.81;;Hypothermia (central) (local);FALSE;FALSE;FALSE;FALSE;FALSE;;0;FALSE
4197;99.82;;Ultraviolet light therapy;FALSE;FALSE;FALSE;FALSE;FALSE;;0;FALSE
4198;99.83;;Other phototherapy;FALSE;FALSE;FALSE;FALSE;FALSE;;0;FALSE
4199;99.84;;Isolation;FALSE;FALSE;FALSE;FALSE;FALSE;;0;FALSE
4200;99.85;;Hyperthermia for treatment of cancer;FALSE;FALSE;FALSE;FALSE;FALSE;;0;FALSE
4201;99.86;;Non-invasive placement of bone growth stimulator;FALSE;FALSE;FALSE;FALSE;FALSE;;0;FALSE
4202;99.88;;Therapeutic photopheresis;FALSE;FALSE;FALSE;FALSE;FALSE;;0;FALSE
4203;99.91;;Acupuncture for anesthesia;FALSE;FALSE;FALSE;FALSE;FALSE;;0;FALSE
4204;99.92;;Other acupuncture;FALSE;FALSE;FALSE;FALSE;FALSE;;0;FALSE
4205;99.93;;Rectal massage (for levator spasm);FALSE;FALSE;FALSE;FALSE;FALSE;;0;FALSE
4206;99.94;;Prostatic massage;FALSE;FALSE;FALSE;FALSE;FALSE;;0;FALSE
4207;99.95;;Stretching of foreskin;FALSE;FALSE;FALSE;FALSE;FALSE;;0;FALSE
4208;99.96;;Collection of sperm for artificial insemination;FALSE;FALSE;FALSE;FALSE;FALSE;;0;FALSE
4209;99.97;;Fitting of denture;FALSE;FALSE;FALSE;FALSE;FALSE;;0;FALSE
4210;99.98;;Extraction of milk from lactating breast;FALSE;FALSE;FALSE;FALSE;FALSE;;0;FALSE
4211;99.99;;Other Miscellaneous procedures;FALSE;FALSE;FALSE;FALSE;FALSE;;0;FALSE
4212;38.25;38.25;Child ocular coherenke tomography;FALSE;FALSE;FALSE;FALSE;FALSE;;0;FALSE
